order_id,output
000ddb44-dcb0-4acd-8b75-0c675615dbce,"{""rootcause"": [{""@rid"": ""#-1:0b037b66-4f1e-423a-bb42-1c23432191e9"", ""title"": ""设备掉电"", ""location"": ""sbn=0,NodeMe=140632,Equipment=1,rack=65,shelf=1,board=1"", ""reason"": ""1. 市电异常。\n2. 外部供电设备故障。""}, {""@rid"": ""#-1:dc8dec3e-1791-4a98-bd39-a6fad27d9c5f"", ""title"": ""设备掉电"", ""location"": ""sbn=0,NodeMe=140632,Equipment=1,rack=69,shelf=1,board=1"", ""reason"": ""1. 市电异常。\n2. 外部供电设备故障。""}, {""@rid"": ""#-1:33794956-4e45-43b8-972e-6ffadf4caddd"", ""title"": ""设备掉电"", ""location"": ""sbn=0,NodeMe=140633,Equipment=1,rack=53,shelf=1,board=1"", ""reason"": ""1. 市电异常。\n2. 外部供电设备故障。""}, {""@rid"": ""#-1:dac0137a-260d-4fc2-840c-8d6db38449ba"", ""title"": ""设备掉电"", ""location"": ""sbn=0,NodeMe=140633,Equipment=1,rack=59,shelf=1,board=1"", ""reason"": ""1. 市电异常。\n2. 外部供电设备故障。""}, {""@rid"": ""#-1:ad05b196-5486-46c7-b15c-93d10de2424f"", ""title"": ""设备掉电"", ""location"": ""sbn=0,NodeMe=140633,Equipment=1,rack=57,shelf=1,board=1"", ""reason"": ""1. 市电异常。\n2. 外部供电设备故障。""}]}"
001191cf-d2ed-4fa9-af5d-d57a0280abc3,"{""rootcause"": [{""title"": ""BBU CPRI接口异常告警"", ""reason"": ""567"", ""location"": ""柜号:0; 框号:0; 槽号:1; 端口号:1; 端口号:0; 类型:UBBP; :MAC"", ""@rid"": ""#-1:6efad4b4-20b6-4f08-b93c-4891e2d09b87""}]}"
002ee415-4ac6-4420-8d52-6b7f484e0d7a,"{""rootcause"": [{""title"": ""设备掉电"", ""location"": ""SubNetwork=1003,ManagedElement=57204,Equipment=1,Rack=55,SubRack=1,Slot=1,PlugInUnit=1,SdrDeviceGroup=1"", ""reason"": ""1. 市电异常。\n2. 外部供电设备故障。"", ""@rid"": ""#-1:6e7c2e1c-97b3-44f0-a715-e1a1a845587b""}]}"
003407e1-07d8-46e4-a7c0-3ba69b4ce56e,"{""rootcause"": [{""title"": ""射频单元交流掉电告警"", ""location"": ""柜号:0; 框号:65; 槽号:0; 类型:MRRU"", ""reason"": ""551"", ""@rid"": ""#-1:85f02eda-aa79-41de-bcb6-1b770bee7402""}]}"
006266aa-d65f-4eeb-8081-6973bef39fde,"{""rootcause"": [{""@rid"": ""#-1:a9da1f54-f67f-41f5-94b2-cabe47b956f7"", ""title"": ""射频单元驻波告警"", ""location"": ""柜号:0; 框号:90; 槽号:0; :0; 类型:MRRU; 告警(0.1):30; (0.1):40; 输出(0.1dBm):340; 端口:NULL"", ""reason"": ""516""}]}"
00737db2-3962-4d83-9311-3bec0a685e60,"{""rootcause"": [{""title"": ""射频单元直流掉电告警"", ""location"": ""柜号:0; 框号:152; 槽号:0; 类型:AIRU"", ""reason"": ""551"", ""@rid"": ""#-1:17a3b02e-1668-4d12-ba46-c3b0a99fd06e""}, {""title"": ""射频单元直流掉电告警"", ""location"": ""柜号:0; 框号:150; 槽号:0; 类型:AIRU"", ""reason"": ""551"", ""@rid"": ""#-1:4e5fdfd2-9a1f-4655-b550-0364e1ac445d""}, {""title"": ""射频单元直流掉电告警"", ""location"": ""柜号:0; 框号:151; 槽号:0; 类型:AIRU"", ""reason"": ""551"", ""@rid"": ""#-1:ada5a9e9-e049-4f6f-a360-ef2a4baf7ca8""}]}"
00d11c9a-5a47-4040-a553-e666f56e1808,"{""rootcause"": [{""@rid"": ""#-1:24b09c9a-6bd7-4815-a058-114f6d9ad1da"", ""title"": ""RRU链路断"", ""location"": ""SubNetwork=CMCC-GZ-03,ManagedElement=12784132,Equipment=1,ReplaceableUnit=51"", ""reason"": ""RRU链路断""}]}"
01012db7-d093-4134-b80f-784e18e3ca62,"{""rootcause"": [{""title"": ""RRU链路断"", ""reason"": ""1. BBU和RRU之间或者上下级RRU之间的光纤故障。\n2. RRU光模块或上联的BBU光模块故障。\n3. RRU未供电。\n4. BBU接口单板故障。\n5. RRU故障。\n6. lr端口线速率配置错误。\n7. 单板硬件自检。"", ""location"": ""SubNetwork=1003,ManagedElement=55381,Equipment=1,Rack=65,SubRack=1,Slot=1,PlugInUnit=1,SdrDeviceGroup=1"", ""@rid"": ""#-1:24925756-6c08-474d-a4a2-283abb05f004""}]}"
0120f8b0-a806-47ed-86c7-9b996c4bb1ad,"{""rootcause"": [{""title"": ""输入电源断"", ""location"": ""SubNetwork=1004,ManagedElement=1401127,Equipment=1,ReplaceableUnit=131"", ""reason"": ""输入电源断"", ""@rid"": ""#-1:22b72168-9570-40ce-b8bd-626e0d317588""}]}"
012ec958-2b95-444e-9c36-a7a3de99c83b,"{""rootcause"": [{""@rid"": ""#-1:2a451e43-f29a-41d7-a258-3805e0cb0a9c"", ""title"": ""RRU链路断"", ""location"": ""SubNetwork=CMCC-GZ-03,ManagedElement=12589000,Equipment=1,ReplaceableUnit=A_2"", ""reason"": ""RRU链路断""}, {""@rid"": ""#-1:7086080b-fb12-4a18-b1b8-a0421cb97442"", ""title"": ""RRU链路断"", ""location"": ""SubNetwork=CMCC-GZ-03,ManagedElement=12589000,Equipment=1,ReplaceableUnit=A_1"", ""reason"": ""RRU链路断""}, {""@rid"": ""#-1:95a58a24-9c21-44d0-896b-7e2ec2533d96"", ""title"": ""RRU链路断"", ""location"": ""SubNetwork=CMCC-GZ-03,ManagedElement=12589000,Equipment=1,ReplaceableUnit=A_3"", ""reason"": ""RRU链路断""}]}"
015fdca4-2b7a-4365-97ae-01dc07801f11,"{""rootcause"": [{""@rid"": ""#-1:84e87c9e-29e6-4c20-9c5f-d7cd995cef69"", ""title"": ""BBU IR接口异常告警"", ""location"": ""柜号:0; 框号:0; 槽号:1; 端口号:4; 端口号:0; 类型:UBBP; :"", ""reason"": ""567""}, {""@rid"": ""#-1:54e1847b-8084-45ab-ae69-c6ca1c9ef236"", ""title"": ""BBU IR接口异常告警"", ""location"": ""柜号:0; 框号:0; 槽号:1; 端口号:2; 端口号:0; 类型:UBBP; :"", ""reason"": ""567""}, {""@rid"": ""#-1:e1d1a1c0-9306-4ddb-8859-5f156495837a"", ""title"": ""BBU IR接口异常告警"", ""location"": ""柜号:0; 框号:0; 槽号:1; 端口号:0; 端口号:0; 类型:UBBP; :"", ""reason"": ""567""}, {""@rid"": ""#-1:502b5eee-1602-4964-b89d-e5f7667f964f"", ""title"": ""BBU IR接口异常告警"", ""location"": ""柜号:0; 框号:0; 槽号:1; 端口号:3; 端口号:0; 类型:UBBP; :"", ""reason"": ""567""}]}"
0163d827-da40-4802-834b-3e08f36cab63,"{""rootcause"": [{""title"": ""光模块接收光功率异常"", ""reason"": ""1. 光纤损坏。\n2. 光模块老化。\n3. 光纤实际长度大于光模块支持的长度。"", ""location"": ""SubNetwork=1003,ManagedElement=507209,Equipment=1,Rack=62,SubRack=1,Slot=1,PlugInUnit=1,SdrDeviceGroup=1,FiberDeviceSet=1,FiberDevice=1"", ""@rid"": ""#-1:8841b765-87e5-425b-a330-394865fc51ed""}]}"
01ae591e-5b79-461f-ac12-fbdd2c3c92e4,"{""rootcause"": [{""@rid"": ""#-1:e3042cb4-69a2-447a-ab90-21b42e5aeb40"", ""title"": ""设备掉电"", ""location"": ""SubNetwork=5301,ManagedElement=832683,Equipment=1,Rack=51,SubRack=1,Slot=1,PlugInUnit=1,SdrDeviceGroup=1"", ""reason"": ""1. 市电异常。\n2. 外部供电设备故障。""}, {""@rid"": ""#-1:7c2a291c-8899-41a5-a54c-547e8f2e1360"", ""title"": ""设备掉电"", ""location"": ""SubNetwork=5300,ManagedElement=296434,Equipment=1,Rack=61,SubRack=1,Slot=1,PlugInUnit=1,SdrDeviceGroup=1"", ""reason"": ""1. 市电异常。\n2. 外部供电设备故障。""}, {""@rid"": ""#-1:4bf78c42-3231-4e08-9276-43d5def2e7f1"", ""title"": ""设备掉电"", ""location"": ""SubNetwork=5300,ManagedElement=296434,Equipment=1,Rack=55,SubRack=1,Slot=1,PlugInUnit=1,SdrDeviceGroup=1"", ""reason"": ""1. 市电异常。\n2. 外部供电设备故障。""}, {""@rid"": ""#-1:b1c10933-cc71-40e8-aba4-05479d3d066c"", ""title"": ""设备掉电"", ""location"": ""SubNetwork=5301,ManagedElement=832683,Equipment=1,Rack=53,SubRack=1,Slot=1,PlugInUnit=1,SdrDeviceGroup=1"", ""reason"": ""1. 市电异常。\n2. 外部供电设备故障。""}]}"
01e9a467-c422-455b-b681-26f2ac6c92fd,"{""rootcause"": [{""@rid"": ""#-1:d391a3c1-0692-4e2b-af0e-6045240fbedf"", ""title"": ""设备掉电"", ""location"": ""SubNetwork=5301,ManagedElement=295212,Equipment=1,Rack=54,SubRack=1,Slot=1,PlugInUnit=1,SdrDeviceGroup=1"", ""reason"": ""1. 市电异常。\n2. 外部供电设备故障。""}]}"
01fdea22-bd86-4a59-8248-3ef9a29380d2,"{""rootcause"": [{""@rid"": ""#-1:e976bebc-e1cb-41dd-a8d8-1571ba4dd2ee"", ""title"": ""RRU链路断"", ""location"": ""SubNetwork=5306,ManagedElement=2592078,Equipment=1,ReplaceableUnit=59"", ""reason"": ""RRU链路断""}, {""@rid"": ""#-1:9d980f5d-4755-4b80-831e-f5e07dbfed9c"", ""title"": ""RRU链路断"", ""location"": ""SubNetwork=5306,ManagedElement=2592078,Equipment=1,ReplaceableUnit=57"", ""reason"": ""RRU链路断""}, {""@rid"": ""#-1:21c028ca-11c2-4554-b1cf-d5eddb2ca91b"", ""title"": ""RRU链路断"", ""location"": ""SubNetwork=5306,ManagedElement=2592078,Equipment=1,ReplaceableUnit=58"", ""reason"": ""RRU链路断""}]}"
0217ca7a-e377-4b28-84c8-cbd7d12e0757,"{""rootcause"": [{""title"": ""输入电源断"", ""location"": ""SubNetwork=1004,ManagedElement=1402875,Equipment=1,ReplaceableUnit=73"", ""reason"": ""输入电源断"", ""@rid"": ""#-1:63c326fc-3403-4a88-bd38-cad258089861""}, {""title"": ""输入电源断"", ""location"": ""SubNetwork=1004,ManagedElement=1402875,Equipment=1,ReplaceableUnit=72"", ""reason"": ""输入电源断"", ""@rid"": ""#-1:a0c7bddc-7af5-410e-9b31-fcd7c4e50602""}, {""title"": ""输入电源断"", ""location"": ""SubNetwork=1004,ManagedElement=1402875,Equipment=1,ReplaceableUnit=71"", ""reason"": ""输入电源断"", ""@rid"": ""#-1:a1ce61b8-e442-4ad9-b73b-d7a98d68778c""}]}"
02655ab3-b384-4278-8d03-684347fb6e8f,"{""rootcause"": [{""title"": ""以太网物理接口(ETPI) Ethernet端口未连接"", ""reason"": ""以太网物理接口(ETPI) Ethernet端口未连接"", ""location"": ""OIGE8A[0-1-8]-GE:2"", ""@rid"": ""#-1:06043d57-a0dd-4a8c-9b1a-22b5073a7806""}]}"
0276c094-8d88-4240-8a16-b553ca0d4c62,"{""rootcause"": [{""title"": ""射频单元直流掉电告警"", ""location"": ""柜号:0; 框号:150; 槽号:0; 类型:AIRU"", ""reason"": ""551"", ""@rid"": ""#-1:f9d73367-5f78-4928-98f8-c470202da4bd""}, {""title"": ""射频单元直流掉电告警"", ""location"": ""柜号:0; 框号:151; 槽号:0; 类型:AIRU"", ""reason"": ""551"", ""@rid"": ""#-1:b2b39181-7a4e-4ca7-847b-7be52cc24fa4""}, {""title"": ""射频单元直流掉电告警"", ""location"": ""柜号:0; 框号:152; 槽号:0; 类型:AIRU"", ""reason"": ""551"", ""@rid"": ""#-1:10b1456c-05be-4573-8b70-eb9b11f50771""}]}"
0290c216-7731-4a58-9e6d-8b14f4c295ff,"{""rootcause"": [{""title"": ""光口接收链路故障"", ""location"": ""SubNetwork=1003,ManagedElement=495549,Equipment=1,Rack=1,SubRack=1,Slot=9,PlugInUnit=1,SdrDeviceGroup=1,FiberDeviceSet=1,FiberDevice=0"", ""reason"": ""1. 光纤/电缆损坏；\n2. 光纤/电缆端面污染；\n3. 本端或对端光/电模块或光纤/电缆没插好；\n4. 对端设备的光/电模块损坏；\n5. 光纤实际长度大于光模块支持的长度；\n6. 本端、对端的光模块速率不匹配；\n7. 对端设备工作异常。"", ""@rid"": ""#-1:9274b4bd-8640-4eae-b66a-a180a18701f3""}]}"
0296c7a0-b57b-4b19-867d-053045949999,"{""rootcause"": [{""title"": ""RRU链路断"", ""location"": ""SubNetwork=1003,ManagedElement=507264,Equipment=1,Rack=52,SubRack=1,Slot=1,PlugInUnit=1,SdrDeviceGroup=1"", ""reason"": ""1. BBU和RRU之间或者上下级RRU之间的光纤故障。\n2. RRU光模块或上联的BBU光模块故障。\n3. RRU未供电。\n4. BBU接口单板故障。\n5. RRU故障。\n6. lr端口线速率配置错误。\n7. 单板硬件自检。"", ""@rid"": ""#-1:0544d776-00f6-4f4c-b8fd-1c1ec6a20138""}]}"
02c65a99-78c2-47a3-b67b-99ff1d24c206,"{""rootcause"": [{""@rid"": ""#-1:c1b55265-00c0-444f-8460-8e9bdacb72b9"", ""title"": ""ETH_LOS"", ""location"": ""1-D2EM4F-3(LTE西组)-MAC:1"", ""reason"": ""(1)端口已使能但端口的网线或光纤没有连接好；\n(2)网线或光纤故障；\n(3)对端发送部分故障；\n(4)本端接收部分故障。\n(5)灰光光模块与彩光光模块对接，端口可能上ETH_LOS。\n(6)彩光光模块对接，配置不同波长。\n(7)对接端口的传输模式不一致或者FEC模式不一致。""}, {""@rid"": ""#-1:87dd6556-f2ce-4521-bac4-87120a2dcb33"", ""title"": ""IN_PWR_ABN"", ""location"": ""7-82EX2-1(TO--_7/1（）)-LASER:1"", ""reason"": ""(1)光纤弯曲过大；\n(2)光纤头不清洁；\n(3)光连接器松动或未插紧；\n(4)对端站发送部分故障；\n(5)本站接收部分故障；\n(6)输入光功率过高。""}]}"
030b54a3-d340-435f-b205-693256dd23a5,"{""rootcause"": [{""@rid"": ""#-1:6806bdb5-7272-4d27-96bb-4e7a5b1153c5"", ""title"": ""RRU链路断"", ""location"": ""SubNetwork=5304,ManagedElement=802096,Equipment=1,Rack=52,SubRack=1,Slot=1,PlugInUnit=1,SdrDeviceGroup=1"", ""reason"": ""1. BBU和RRU之间或者上下级RRU之间的光纤故障。\n2. RRU光模块或上联的BBU光模块故障。\n3. RRU未供电。\n4. BBU接口单板故障。\n5. RRU故障。\n6. lr端口线速率配置错误。\n7. 单板硬件自检。""}]}"
030d5125-a7f5-42cc-a7c2-9ae3b78056aa,"{""rootcause"": [{""title"": ""单板温度异常告警"", ""location"": ""柜号:0; 框号:0; 槽号:4; 类型:UBBP; (C/F):90/194; :"", ""reason"": ""556"", ""@rid"": ""#-1:e4f9b7ca-05f2-443b-8ad0-36044df09764""}, {""title"": ""配置数据超出License限制告警"", ""location"": ""类型:eNodeB"", ""reason"": ""307"", ""@rid"": ""#-1:30a8ed4d-6dc3-43db-9106-b044d27be372""}]}"
0336e1aa-2ab7-41b7-a992-b7cb93b78c96,"{""rootcause"": [{""@rid"": ""#-1:f4daa502-655d-4bfa-9c07-1d63f65312a9"", ""title"": ""网元连接中断"", ""location"": ""网元名称:CBN-U-H5H; 网元IP地址:10.118.158.30; 网元IP地址(IP Mode):NULL; 端口:6007; 错误:N/A; 信息:端口时; 分:MediationService0407; OMC IP:188.3.137.10"", ""reason"": ""718""}]}"
0361b819-0d7e-4346-a685-239d62cc1d4e,"{""rootcause"": [{""@rid"": ""#-1:0d3a2f98-c84d-49eb-8866-11cb0aaea42e"", ""title"": ""射频单元CPRI接口异常告警"", ""location"": ""柜号:0; 框号:204; 槽号:0; 端口号:端口0; 端口号:NULL; 类型:MRRU; :"", ""reason"": ""566""}]}"
036694b9-db3f-4a80-9773-370f1c15745c,"{""rootcause"": [{""@rid"": ""#-1:b9c0f4ba-509d-42ff-992c-caf1f079c065"", ""title"": ""设备掉电"", ""location"": ""sbn=7312,NodeMe=474415,Equipment=1,rack=54,shelf=1,board=1"", ""reason"": ""1. 市电异常。\n2. 外部供电设备故障。""}]}"
036b69a8-169a-4369-8baf-9b4dbc1da813,"{""rootcause"": [{""title"": ""输入电源断"", ""location"": ""SubNetwork=1004,ManagedElement=1411075,Equipment=1,ReplaceableUnit=61"", ""reason"": ""外部掉电"", ""@rid"": ""#-1:f95d9e4d-9239-4e8d-93e1-d7bb6039bb63""}]}"
03b164f6-3f59-4088-b3fb-1d01ce2f9bc0,"{""rootcause"": [{""@rid"": ""#-1:c31e834e-dbec-4489-8031-f862d4590b60"", ""title"": ""射频单元业务不可用告警"", ""location"": ""eNodeB名称:(6分)D5900984716TF-HLW; 本地:133; :TDD; 柜号:0; 框号:230; 槽号:0; NB-IoT:FALSE; eNodeB分:NULL; 名称:(6分)D5900984716TF-HLW-133; eNodeB:984716; :133; :异常"", ""reason"": ""509""}]}"
03ecc11b-0c13-4940-b4a4-369451fba6fb,"{""rootcause"": [{""title"": ""设备掉电"", ""location"": ""SubNetwork=1003,ManagedElement=41428,Equipment=1,Rack=92,SubRack=1,Slot=1,PlugInUnit=1,SdrDeviceGroup=1"", ""reason"": ""1. 市电异常。\n2. 外部供电设备故障。"", ""@rid"": ""#-1:efaf48f0-97fa-4aa9-b43d-901c57322e9a""}, {""title"": ""设备掉电"", ""location"": ""SubNetwork=1003,ManagedElement=41428,Equipment=1,Rack=91,SubRack=1,Slot=1,PlugInUnit=1,SdrDeviceGroup=1"", ""reason"": ""1. 市电异常。\n2. 外部供电设备故障。"", ""@rid"": ""#-1:06e0b826-282b-4891-9390-a93174170e78""}, {""title"": ""设备掉电"", ""location"": ""SubNetwork=1003,ManagedElement=41428,Equipment=1,Rack=93,SubRack=1,Slot=1,PlugInUnit=1,SdrDeviceGroup=1"", ""reason"": ""1. 市电异常。\n2. 外部供电设备故障。"", ""@rid"": ""#-1:6344b9ea-4cd3-41c5-b2a0-00d2c41ba3bb""}, {""title"": ""输入电源断"", ""location"": ""SubNetwork=1004,ManagedElement=1432376,Equipment=1,ReplaceableUnit=64"", ""reason"": ""外部掉电"", ""@rid"": ""#-1:d6ddc28a-ba3a-49d1-8bfa-db2229218b9f""}, {""title"": ""输入电源断"", ""location"": ""SubNetwork=1004,ManagedElement=1432376,Equipment=1,ReplaceableUnit=65"", ""reason"": ""外部掉电"", ""@rid"": ""#-1:6e778780-2967-4b3d-bd90-e0587b1cdb01""}]}"
0461a2ff-1f61-4cac-b405-2c4f120399f2,"{""rootcause"": [{""title"": ""网元连接中断"", ""location"": ""网元名称:HLM; 网元IP地址:100.92.70.184; 网元IP地址(IP Mode):NULL; 端口:6007; 错误:N/A; 信息:端口时; 分:MediationService5508; OMC IP:10.224.27.33"", ""reason"": ""718"", ""@rid"": ""#-1:c569f5c0-9d8b-423d-acf0-ff6fa882d95b""}, {""title"": ""网元连接中断"", ""location"": ""网元名称:1-H5W; 网元IP地址:10.179.9.222; 网元IP地址(IP Mode):NULL; 端口:6007; 错误:N/A; 信息:端口时; 分:MediationService5408; OMC IP:10.224.27.32"", ""reason"": ""718"", ""@rid"": ""#-1:72d94c04-4593-4dd7-877e-2b51df1e8c6d""}]}"
04665c83-79bb-4007-a16f-c2c137e81039,"{""rootcause"": [{""@rid"": ""#-1:5560e284-7c92-4669-8d18-f44b659f52c3"", ""title"": ""输入电源断"", ""location"": ""SubNetwork=CMCC-GZ-01,ManagedElement=12641345,Equipment=1"", ""reason"": ""外部供电异常""}]}"
04794bca-1c88-4c30-bc41-aa7453c1112a,"{""rootcause"": [{""@rid"": ""#-1:47d14efb-5557-4ee9-a818-de0f2f742313"", ""title"": ""天馈驻波比异常"", ""location"": ""SubNetwork=0,ManagedElement=2550145,Equipment=1,ReplaceableUnit=57,RfPort=ANT1"", ""reason"": ""天馈驻波比异常""}]}"
049baa7e-caf1-4b5f-a3a7-10eabff58452,"{""rootcause"": [{""title"": ""光口接收链路故障"", ""location"": ""SubNetwork=1003,ManagedElement=506826,Equipment=1,Rack=1,SubRack=1,Slot=9,PlugInUnit=1,SdrDeviceGroup=1,FiberDeviceSet=1,FiberDevice=5"", ""reason"": ""1. 光纤/电缆损坏；\n2. 光纤/电缆端面污染；\n3. 本端或对端光/电模块或光纤/电缆没插好；\n4. 对端设备的光/电模块损坏；\n5. 光纤实际长度大于光模块支持的长度；\n6. 本端、对端的光模块速率不匹配；\n7. 对端设备工作异常。"", ""@rid"": ""#-1:a1f50dea-18e8-4c50-8dad-89a526966fc9""}]}"
04cb5211-aaa9-49d5-ab04-a4cc3806179e,"{""rootcause"": [{""@rid"": ""#-1:49d16caf-7f61-49a9-909b-56a42039345c"", ""title"": ""设备掉电"", ""location"": ""SubNetwork=5308,ManagedElement=715351,Equipment=1,Rack=55,SubRack=1,Slot=1,PlugInUnit=1,SdrDeviceGroup=1"", ""reason"": ""1. 市电异常。\n2. 外部供电设备故障。""}]}"
04d6302e-17d6-4598-809f-b7e5138b5ddd,"{""rootcause"": [{""title"": ""BBU IR接口异常告警"", ""location"": ""柜号:0; 框号:0; 槽号:2; 端口号:0; 端口号:0; 类型:UBBP; :"", ""reason"": ""567"", ""@rid"": ""#-1:a8502ed3-c182-4665-9c63-6e89451951b4""}, {""title"": ""BBU IR接口异常告警"", ""location"": ""柜号:0; 框号:0; 槽号:2; 端口号:1; 端口号:0; 类型:UBBP; :"", ""reason"": ""567"", ""@rid"": ""#-1:4bcb1d45-7cba-4c2e-9e4c-0e1d695c61a5""}, {""title"": ""BBU IR接口异常告警"", ""location"": ""柜号:0; 框号:0; 槽号:2; 端口号:2; 端口号:0; 类型:UBBP; :"", ""reason"": ""567"", ""@rid"": ""#-1:8fa7b117-77e1-4535-abff-014c1a0da196""}]}"
04e2c152-c6bd-4433-a733-b98b8ebd00bb,"{""rootcause"": [{""title"": ""BBU IR接口异常告警"", ""location"": ""柜号:0; 框号:0; 槽号:2; 端口号:1; 端口号:0; 类型:UBBP; :"", ""reason"": ""567"", ""@rid"": ""#-1:ad932a29-270b-4a6d-a815-0070614de7a4""}]}"
05116a06-4e3c-4b17-9cca-957a3d84c347,"{""rootcause"": [{""title"": ""光口链路故障"", ""reason"": ""光口链路故障"", ""location"": ""SubNetwork=1004,ManagedElement=1404495,Equipment=1,ReplaceableUnit=VBP_1_6,RiPort=OF1"", ""@rid"": ""#-1:dfea4a5d-4ffc-42be-8f59-c816b28c1bbd""}]}"
05235ebe-9c0c-4e22-ae97-b3c6a7a28ab6,"{""rootcause"": [{""@rid"": ""#-1:c684e794-9d99-47bb-a465-c2ad295139bf"", ""title"": ""网元连接中断"", ""location"": ""网元名称:CBN-U-H5H; 网元IP地址:10.124.110.108; 网元IP地址(IP Mode):NULL; 端口:6007; 错误:N/A; 信息:状态异常; 分:MediationService0305; OMC IP:188.3.137.9"", ""reason"": ""718""}]}"
05449c75-be7c-4a69-8028-2d0ee2ae20a6,"{""rootcause"": [{""@rid"": ""#-1:e8d84a60-c2c9-412b-b90e-aeb3292eb6b1"", ""title"": ""射频单元IR接口异常告警"", ""location"": ""柜号:0; 框号:226; 槽号:0; 端口号:端口0; 类型:MRRU; :IR接口异常"", ""reason"": ""69""}]}"
0587d8ea-1976-437e-a0c4-5f57a5931ff0,"{""rootcause"": [{""@rid"": ""#-1:c8811fcf-72e8-4eac-9f04-581f4df727d8"", ""title"": ""射频单元交流掉电告警"", ""location"": ""柜号:0; 框号:202; 槽号:0; 类型:MRRU"", ""reason"": ""551""}]}"
058e8542-ebb5-4c0c-af00-ffba9dc89c26,"{""rootcause"": [{""title"": ""RRU链路断"", ""location"": ""SubNetwork=1004,ManagedElement=1430519,Equipment=1,ReplaceableUnit=76"", ""reason"": ""RRU链路断"", ""@rid"": ""#-1:82b4613a-e561-4db7-a19f-38589db2bc3c""}]}"
061be1a8-b2a7-4da2-b0f0-be3a8e0738eb,"{""rootcause"": [{""@rid"": ""#-1:713f84b9-128b-4f24-8d0d-10dc6710be32"", ""title"": ""射频单元CPRI接口异常告警"", ""location"": ""柜号:0; 框号:201; 槽号:0; 端口号:端口0; 端口号:NULL; 类型:MRRU; :CPRI接口异常"", ""reason"": ""566""}]}"
065f03a2-3051-49d0-b5bb-b4c1f9b05ff9,"{""rootcause"": [{""@rid"": ""#-1:7a82822f-052d-4fb7-b831-2702037b4be6"", ""title"": ""射频单元交流掉电告警"", ""location"": ""柜号:0; 框号:200; 槽号:0; 类型:MRRU"", ""reason"": ""551""}]}"
0668b977-62e2-41c8-8571-51ff75538023,"{""rootcause"": [{""@rid"": ""#-1:2ffff053-eec0-44f0-b501-b7537ef7475c"", ""title"": ""射频单元CPRI接口异常告警"", ""location"": ""柜号:0; 框号:210; 槽号:0; 端口号:端口0; 端口号:NULL; 类型:MRRU; :CPRI接口异常"", ""reason"": ""566""}, {""@rid"": ""#-1:3e8cdab7-339d-4ac5-84a4-d296e2f071ab"", ""title"": ""射频单元CPRI接口异常告警"", ""location"": ""柜号:0; 框号:204; 槽号:0; 端口号:端口1; 端口号:NULL; 类型:MRRU; :CPRI接口异常"", ""reason"": ""566""}, {""@rid"": ""#-1:2cfeaf85-96b7-426c-a92b-f2f170391c62"", ""title"": ""射频单元CPRI接口异常告警"", ""location"": ""柜号:0; 框号:204; 槽号:0; 端口号:端口1; 端口号:NULL; 类型:MRRU; :CPRI接口异常"", ""reason"": ""566""}]}"
069b65f3-4c03-4653-a135-fd95a193891a,"{""rootcause"": [{""@rid"": ""#-1:a62e5916-5a8d-4d25-81a6-3ef83b55c478"", ""title"": ""RRU链路断"", ""location"": ""SubNetwork=5301,ManagedElement=176340,Equipment=1,Rack=62,SubRack=1,Slot=1,PlugInUnit=1,SdrDeviceGroup=1"", ""reason"": ""1. BBU和RRU之间或者上下级RRU之间的光纤故障。\n2. RRU光模块或上联的BBU光模块故障。\n3. RRU未供电。\n4. BBU接口单板故障。\n5. RRU故障。\n6. lr端口线速率配置错误。\n7. 单板硬件自检。""}]}"
06c2400f-c027-4383-b422-49d6138bb5e8,"{""rootcause"": [{""title"": ""射频单元直流掉电告警"", ""location"": ""柜号:0; 框号:60; 槽号:0; 类型:MRRU"", ""reason"": ""551"", ""@rid"": ""#-1:504e693a-0014-4df3-93b7-83e14b379c30""}, {""title"": ""射频单元直流掉电告警"", ""location"": ""柜号:0; 框号:63; 槽号:0; 类型:MRRU"", ""reason"": ""551"", ""@rid"": ""#-1:77da063b-5f35-4e7b-b717-f72637cfecf4""}, {""title"": ""射频单元直流掉电告警"", ""location"": ""柜号:0; 框号:66; 槽号:0; 类型:MRRU"", ""reason"": ""551"", ""@rid"": ""#-1:22e183fc-9aa8-413c-94a5-0778cee10da6""}, {""title"": ""射频单元输入电源能力不足告警"", ""location"": ""柜号:0; 框号:63; 槽号:0; :机柜异常"", ""reason"": ""105"", ""@rid"": ""#-1:ce4604d2-1e61-4687-83b0-395042aeba34""}, {""title"": ""射频单元输入电源能力不足告警"", ""location"": ""柜号:0; 框号:60; 槽号:0; :机柜异常"", ""reason"": ""105"", ""@rid"": ""#-1:7f6c8607-e7ff-4a10-8c3c-f053320ddd09""}]}"
06c29aa7-924d-43e7-a85d-dcf888bb614f,"{""rootcause"": [{""@rid"": ""#-1:09e1bacd-beb8-4383-ba7c-0e00cf21c6cc"", ""title"": ""天馈驻波比异常"", ""location"": ""sbn=7318,NodeMe=459775,Equipment=1,rack=52,shelf=1,board=1"", ""reason"": ""1. 天馈线缆接头制作不合格、未拧紧、进水或存在金属碎屑等异物。\n2. 天馈线缆存在挤压、弯折，或馈缆损坏。\n3. 射频单元硬件故障。\n4. 天线对着障碍物。\n5. 驻波比告警门限过低。""}]}"
06e56ef3-81ba-47b8-85e6-f9145cb5b5b8,"{""rootcause"": [{""title"": ""输入电源断"", ""location"": ""SubNetwork=1004,ManagedElement=1002848,Equipment=1,ReplaceableUnit=82"", ""reason"": ""外部掉电"", ""@rid"": ""#-1:1558b71b-8976-4bbc-b4fa-1c9c98cc44bb""}, {""title"": ""输入电源断"", ""location"": ""SubNetwork=1004,ManagedElement=1002848,Equipment=1,ReplaceableUnit=81"", ""reason"": ""外部掉电"", ""@rid"": ""#-1:8de6229c-5fae-4cc0-a2c5-c350125f5e01""}, {""title"": ""输入电源断"", ""location"": ""SubNetwork=1004,ManagedElement=1002848,Equipment=1,ReplaceableUnit=83"", ""reason"": ""外部掉电"", ""@rid"": ""#-1:4a0b42d6-e165-4c9e-9841-764e8f24c30e""}]}"
0726e1fd-d187-4aa3-a0f9-d62070a39ea7,"{""rootcause"": [{""@rid"": ""#-1:f961bb87-8173-4fb6-99b9-562d10d2e99a"", ""title"": ""射频单元驻波告警"", ""location"": ""柜号:0; 框号:229; 槽号:0; :0; 类型:MRRU; 告警(0.1):20; (0.1):21; 输出(0.1dBm):309; 端口:NULL"", ""reason"": ""516""}]}"
072d665e-e4f8-4c1d-97ee-8ef0fa0ede35,"{""rootcause"": [{""@rid"": ""#-1:b38db2e8-8247-41a4-97e8-369b757b027f"", ""title"": ""输入电源断"", ""location"": ""SubNetwork=CMCC-GZ-GC,ManagedElement=12715793,Equipment=1"", ""reason"": ""外部供电异常""}, {""@rid"": ""#-1:825c31c0-7658-43dc-8f96-3f640a2d16da"", ""title"": ""输入电源断"", ""location"": ""SubNetwork=CMCC-GZ-GC,ManagedElement=12715793,Equipment=1,ReplaceableUnit=52"", ""reason"": ""外部掉电""}]}"
0742ed62-c499-474b-b89e-946efc637b76,"{""rootcause"": [{""@rid"": ""#-1:4adccc4b-b300-4537-b914-c298413f4234"", ""title"": ""RRU链路断"", ""location"": ""SubNetwork=1000,ManagedElement=614554,Equipment=1,Rack=51,SubRack=1,Slot=1,PlugInUnit=1,SdrDeviceGroup=1"", ""reason"": ""1. BBU和RRU之间或者上下级RRU之间的光纤故障。\n2. RRU光模块或上联的BBU光模块故障。\n3. RRU未供电。\n4. BBU接口单板故障。\n5. RRU故障。\n6. lr端口线速率配置错误。\n7. 单板硬件自检。""}]}"
07939f72-0bee-4c6b-89f9-db5b169d59a3,"{""rootcause"": [{""@rid"": ""#-1:41c1a32f-1ce2-4677-a7e3-8c2ae6f3a1df"", ""title"": ""射频单元交流掉电告警"", ""location"": ""柜号:0; 框号:178; 槽号:0; 类型:MRRU"", ""reason"": ""551""}, {""@rid"": ""#-1:81207a30-1ffe-4f69-a2ef-82f39671329c"", ""title"": ""射频单元交流掉电告警"", ""location"": ""柜号:0; 框号:179; 槽号:0; 类型:MRRU"", ""reason"": ""551""}]}"
07b98cac-5ded-4725-a854-dcd061721d48,"{""rootcause"": [{""title"": ""传输光接口异常告警"", ""location"": ""柜号:0; 框号:0; 槽号:7; 端口号:1; 类型:UMPT; :"", ""reason"": ""567"", ""@rid"": ""#-1:c26d8c3b-cd9b-4d76-b9dd-c992f322dfbd""}]}"
07e13e52-51f9-4b21-8d44-f4c0949a19cd,"{""rootcause"": [{""title"": ""BBU CPRI接口异常告警"", ""reason"": ""567"", ""location"": ""柜号:0; 框号:0; 槽号:0; 端口号:2; 端口号:0; 类型:UBBP; :MAC"", ""@rid"": ""#-1:054f394e-f821-4385-bccf-ec45af4a8d62""}, {""title"": ""BBU CPRI接口异常告警"", ""reason"": ""567"", ""location"": ""柜号:0; 框号:0; 槽号:0; 端口号:2; 端口号:0; 类型:UBBP; :"", ""@rid"": ""#-1:2aa01150-a1e9-4164-8513-fc7a531dd152""}]}"
07e3a565-218d-451a-b54b-8da148f65d73,"{""rootcause"": [{""title"": ""输入电源断"", ""location"": ""SubNetwork=1004,ManagedElement=1413567,Equipment=1,ReplaceableUnit=132"", ""reason"": ""输入电源断"", ""@rid"": ""#-1:499e1e5d-9d29-4328-92fb-4690def6b1cc""}]}"
08183266-c481-4f55-a3aa-30cbc99ed1b0,"{""rootcause"": [{""@rid"": ""#-1:0a6ff97b-6f97-4d85-b77f-714c967db1ff"", ""title"": ""BBU CPRI接口异常告警"", ""location"": ""柜号:0; 框号:0; 槽号:3; 端口号:3; 端口号:0; 类型:UBBP; :CPRI接口异常"", ""reason"": ""567""}]}"
082985f8-6d1b-49a8-965c-4ee7d73318e1,"{""rootcause"": [{""@rid"": ""#-1:adbc5e57-ee86-4012-b3f8-76fddea35ffd"", ""title"": ""输入电源断"", ""location"": ""SubNetwork=5309,ManagedElement=2561607,Equipment=1,ReplaceableUnit=55"", ""reason"": ""外部掉电""}, {""@rid"": ""#-1:5cc0fa28-5488-49b4-92e8-e81a52958b18"", ""title"": ""设备掉电"", ""location"": ""SubNetwork=5307,ManagedElement=830848,Equipment=1,Rack=59,SubRack=1,Slot=1,PlugInUnit=1,SdrDeviceGroup=1"", ""reason"": ""1. 市电异常。\n2. 外部供电设备故障。""}, {""@rid"": ""#-1:8f971fb1-7e97-468a-ba8c-0821047f9f23"", ""title"": ""设备掉电"", ""location"": ""SubNetwork=5307,ManagedElement=830848,Equipment=1,Rack=58,SubRack=1,Slot=1,PlugInUnit=1,SdrDeviceGroup=1"", ""reason"": ""1. 市电异常。\n2. 外部供电设备故障。""}, {""@rid"": ""#-1:57d472bf-7dcb-4f88-9414-bcee592b8dd3"", ""title"": ""设备掉电"", ""location"": ""SubNetwork=5307,ManagedElement=830848,Equipment=1,Rack=56,SubRack=1,Slot=1,PlugInUnit=1,SdrDeviceGroup=1"", ""reason"": ""1. 市电异常。\n2. 外部供电设备故障。""}, {""@rid"": ""#-1:2cd8ae82-548a-4f1a-80b4-43af98a3846b"", ""title"": ""设备掉电"", ""location"": ""SubNetwork=5307,ManagedElement=830848,Equipment=1,Rack=55,SubRack=1,Slot=1,PlugInUnit=1,SdrDeviceGroup=1"", ""reason"": ""1. 市电异常。\n2. 外部供电设备故障。""}, {""@rid"": ""#-1:c3df60a3-4b35-4373-9b2f-b1941d42302e"", ""title"": ""输入电源断"", ""location"": ""SubNetwork=5309,ManagedElement=2561607,Equipment=1,ReplaceableUnit=56"", ""reason"": ""外部掉电""}, {""@rid"": ""#-1:bbf33530-a788-4052-bfe5-39269f34c4b0"", ""title"": ""输入电源断"", ""location"": ""SubNetwork=5309,ManagedElement=2561607,Equipment=1,ReplaceableUnit=54"", ""reason"": ""外部掉电""}, {""@rid"": ""#-1:7e802317-d5b2-44ab-92fc-a2d017f7525b"", ""title"": ""设备掉电"", ""location"": ""SubNetwork=5307,ManagedElement=830848,Equipment=1,Rack=54,SubRack=1,Slot=1,PlugInUnit=1,SdrDeviceGroup=1"", ""reason"": ""1. 市电异常。\n2. 外部供电设备故障。""}, {""@rid"": ""#-1:6adaafdf-beca-4318-9d50-50bd7c66c925"", ""title"": ""设备掉电"", ""location"": ""SubNetwork=5307,ManagedElement=830848,Equipment=1,Rack=57,SubRack=1,Slot=1,PlugInUnit=1,SdrDeviceGroup=1"", ""reason"": ""1. 市电异常。\n2. 外部供电设备故障。""}]}"
084a9538-a430-4061-9de2-c65987498989,"{""rootcause"": [{""title"": ""单板电源关断"", ""reason"": ""1. 单板过温。\n2. 单板过流。\n3. OMC发起关断。\n4. 软件异常关电。"", ""location"": ""SubNetwork=1002,ManagedElement=82367,Equipment=1,Rack=1,SubRack=1,Slot=3,PlugInUnit=1,SdrDeviceGroup=1"", ""@rid"": ""#-1:0005ff8e-b857-4072-9836-00e7f9685351""}, {""title"": ""输入电压异常"", ""reason"": ""过压：外部电源系统的输入电压超过高门限。\n欠压：外部电源系统的输入电压低于低门限，可能原因包括：市电供电不够，空开容量不够，电源线线径不够，电源线过长等。\n掉电：外部电源系统的输入电压中断。\n供电能力不足：外部电源柜或者蓄电池带载能力不足，欠压导致定标失败，上报供电能力不足。可能原因包括市电供电不够，空开容量不够，电源线线径不够，电源线过长等。"", ""location"": ""SubNetwork=1002,ManagedElement=82367,Equipment=1,Rack=1,SubRack=1,Slot=17,PlugInUnit=1,SdrDeviceGroup=1"", ""@rid"": ""#-1:c43c7dbd-22c0-4dc5-bb0e-b8187d8c57c6""}]}"
087b3d50-af1b-4d7d-baed-b1933c98d39f,"{""rootcause"": [{""@rid"": ""#-1:bd9257fd-18d2-4ea0-b4c3-ec6c1f0a9d5b"", ""title"": ""射频单元驻波告警"", ""location"": ""柜号:0; 框号:231; 槽号:0; :0; 类型:MRRU; 告警(0.1):18; (0.1):18; 输出(0.1dBm):306; 端口:NULL"", ""reason"": ""516""}, {""@rid"": ""#-1:4b351bf9-b94b-4b38-9501-d33372a0c73f"", ""title"": ""射频单元驻波告警"", ""location"": ""柜号:0; 框号:231; 槽号:0; :0; 类型:MRRU; 告警(0.1):18; (0.1):18; 输出(0.1dBm):307; 端口:NULL"", ""reason"": ""516""}]}"
088f6fb9-9ee0-4f3f-825c-0ca3991034f2,"{""rootcause"": [{""@rid"": ""#-1:fd65f51b-cda9-42d3-9346-56c47d6cf4e8"", ""title"": ""输入电源断"", ""location"": ""SubNetwork=5307,ManagedElement=2622112,Equipment=1,ReplaceableUnit=55"", ""reason"": ""外部掉电""}]}"
089c40ef-829f-4f9b-9ed2-58e9d6a80d04,"{""rootcause"": [{""@rid"": ""#-1:0233ceb3-ce72-4e56-ad52-acb6104397f1"", ""title"": ""输入电压异常"", ""location"": ""SubNetwork=5309,ManagedElement=2622096,Equipment=1,ReplaceableUnit=VPD_1_5"", ""reason"": ""欠压""}]}"
08aa741a-2e4d-4761-ad37-f8d61a592feb,"{""rootcause"": [{""title"": ""射频单元交流掉电告警"", ""location"": ""柜号:0; 框号:111; 槽号:0; 类型:MRRU"", ""reason"": ""551"", ""@rid"": ""#-1:23489b75-46e1-4578-ae74-69ef4dbdc5ef""}, {""title"": ""射频单元交流掉电告警"", ""location"": ""柜号:0; 框号:112; 槽号:0; 类型:MRRU"", ""reason"": ""551"", ""@rid"": ""#-1:d1b3aba7-66f7-402f-a026-3241dd196f18""}, {""title"": ""射频单元交流掉电告警"", ""location"": ""柜号:0; 框号:113; 槽号:0; 类型:MRRU"", ""reason"": ""551"", ""@rid"": ""#-1:9ec53b6f-0d74-4e85-9bd6-9643b32bc1ee""}]}"
090fcc10-37ef-47bd-8fb4-ccb1b8aea8ed,"{""rootcause"": [{""title"": ""输入电源断"", ""location"": ""SubNetwork=1004,ManagedElement=1413540,Equipment=1,ReplaceableUnit=131"", ""reason"": ""输入电源断"", ""@rid"": ""#-1:a02c4de8-4ddd-4e7d-bb3c-ef4de239b428""}, {""title"": ""输入电源断"", ""location"": ""SubNetwork=1004,ManagedElement=1413540,Equipment=1,ReplaceableUnit=133"", ""reason"": ""输入电源断"", ""@rid"": ""#-1:98061e2c-06cc-42ae-a652-fc38191e4c5d""}, {""title"": ""输入电源断"", ""location"": ""SubNetwork=1004,ManagedElement=1413540,Equipment=1,ReplaceableUnit=132"", ""reason"": ""输入电源断"", ""@rid"": ""#-1:f7f6e4c1-9650-438d-bc87-2eaf7c603b7b""}]}"
0910bffc-fe28-4e11-87fc-e64d78820558,"{""rootcause"": [{""@rid"": ""#-1:91449dc8-d142-452e-acb4-4ecc005764a9"", ""title"": ""设备掉电"", ""location"": ""SubNetwork=5301,ManagedElement=374124,Equipment=1,Rack=56,SubRack=1,Slot=1,PlugInUnit=1,SdrDeviceGroup=1"", ""reason"": ""1. 市电异常。\n2. 外部供电设备故障。""}]}"
0920f99b-36c2-4ccc-a83e-f469666e7c6a,"{""rootcause"": [{""@rid"": ""#-1:66061c5c-0509-40b5-8a88-6d7b344a07a7"", ""title"": ""射频单元驻波告警"", ""location"": ""柜号:0; 框号:202; 槽号:0; :3; 类型:MRRU; 告警(0.1):20; (0.1):20; 输出(0.1dBm):380; 端口:NULL"", ""reason"": ""516""}]}"
092fd388-7697-4227-bbbd-1263387f7acb,"{""rootcause"": [{""@rid"": ""#-1:6decfe8b-1c8f-4c69-be14-0daaac31416f"", ""title"": ""设备掉电"", ""location"": ""SubNetwork=5303,ManagedElement=512604,Equipment=1,Rack=62,SubRack=1,Slot=1,PlugInUnit=1,SdrDeviceGroup=1"", ""reason"": ""1. 市电异常。\n2. 外部供电设备故障。""}, {""@rid"": ""#-1:20e319ae-23f1-447a-818f-35b7f8bafe7a"", ""title"": ""设备掉电"", ""location"": ""SubNetwork=5303,ManagedElement=512604,Equipment=1,Rack=61,SubRack=1,Slot=1,PlugInUnit=1,SdrDeviceGroup=1"", ""reason"": ""1. 市电异常。\n2. 外部供电设备故障。""}]}"
093b8562-3496-4b09-8f32-25e3748b0383,"{""rootcause"": [{""title"": ""光口接收链路故障"", ""reason"": ""1. 光纤/电缆损坏；\n2. 光纤/电缆端面污染；\n3. 本端或对端光/电模块或光纤/电缆没插好；\n4. 对端设备的光/电模块损坏；\n5. 光纤实际长度大于光模块支持的长度；\n6. 本端、对端的光模块速率不匹配；\n7. 对端设备工作异常。"", ""location"": ""SubNetwork=1003,ManagedElement=64137,Equipment=1,Rack=1,SubRack=1,Slot=4,PlugInUnit=1,SdrDeviceGroup=1,FiberDeviceSet=1,FiberDevice=1"", ""@rid"": ""#-1:2946aeac-81fd-4ed9-aefe-1942cb161d5b""}]}"
093eaba7-6cb2-449a-9b8d-d5bf698e383b,"{""rootcause"": [{""@rid"": ""#-1:93a36154-f0d0-49ce-9369-875db37ee747"", ""title"": ""射频单元IR接口异常告警"", ""location"": ""柜号:0; 框号:209; 槽号:0; 端口号:端口0; 类型:MRRU; :IR接口异常"", ""reason"": ""69""}]}"
0951a1a1-98ff-49af-bb0f-deee6f4a9b2c,"{""rootcause"": [{""title"": ""单板输入时钟异常"", ""reason"": ""1. 板间时钟链路连接异常。\n2. 单板时钟接收模块故障。"", ""location"": ""SubNetwork=1003,ManagedElement=70961,Equipment=1,Rack=1,SubRack=1,Slot=5,PlugInUnit=1,SdrDeviceGroup=1"", ""@rid"": ""#-1:9961a94d-88ae-4202-8d15-cc0823e5d008""}]}"
09535c0e-655d-4fed-aded-bb40c3c2ddf3,"{""rootcause"": [{""title"": ""光口接收链路故障"", ""location"": ""SubNetwork=1003,ManagedElement=886808,Equipment=1,Rack=58,SubRack=1,Slot=1,PlugInUnit=1,SdrDeviceGroup=1,FiberDeviceSet=1,FiberDevice=1"", ""reason"": ""1. 光纤/电缆损坏；2. 光纤/电缆端面污染；3. 本端或对端光/电模块或光纤/电缆没插好；4. 对端设备的光/电模块损坏；5. 光纤实际长度大于光模块支持的长度；6. 本端、对端的光模块速率不匹配；7. 对端设备工作异常。"", ""@rid"": ""#-1:96b21bee-4d3d-42f7-b379-d5dd91a76250""}]}"
098b59d1-698a-4354-b75b-771be1719210,"{""rootcause"": [{""title"": ""射频单元CPRI接口异常告警"", ""reason"": ""566"", ""location"": ""柜号:0; 框号:60; 槽号:0; 端口号:端口0; 端口号:NULL; 类型:MRRU; :"", ""@rid"": ""#-1:55cb1252-c3a5-48fe-832d-47a0eb038eec""}, {""title"": ""射频单元直流掉电告警"", ""reason"": ""551"", ""location"": ""柜号:0; 框号:224; 槽号:0; 类型:MRRU"", ""@rid"": ""#-1:431840df-1de6-43a6-b56d-47e0c8e14d4e""}, {""title"": ""射频单元直流掉电告警"", ""reason"": ""551"", ""location"": ""柜号:0; 框号:225; 槽号:0; 类型:MRRU"", ""@rid"": ""#-1:03c2bdbf-85c0-43af-a46b-9cc46d73520b""}, {""title"": ""射频单元直流掉电告警"", ""reason"": ""551"", ""location"": ""柜号:0; 框号:226; 槽号:0; 类型:MRRU"", ""@rid"": ""#-1:1f5ae46d-5338-4acf-82cd-ab90e011a905""}]}"
099c0d74-043c-4ab9-8c40-6f8ddc3f15c0,"{""rootcause"": [{""@rid"": ""#-1:d87f59f4-bc6b-4402-b30a-0134bf35576e"", ""title"": ""小区不可用告警"", ""location"": ""eNodeB名称:南(12)D5900473288TF-HLW; 本地:78; :TDD; NB-IoT:FALSE; 名称:南()D5900473288TF-HLW-78; eNodeB:473288; :78; :电源异常"", ""reason"": ""509""}]}"
09a3191f-6a21-4baa-8e41-618fe1d29e8b,"{""rootcause"": [{""@rid"": ""#-1:f383f018-81ba-4f71-8d31-3487f3c34d74"", ""title"": ""RRU链路断"", ""location"": ""SubNetwork=CMCC-GZ-01,ManagedElement=12654332,Equipment=1,ReplaceableUnit=75"", ""reason"": ""RRU链路断""}, {""@rid"": ""#-1:631425d4-e486-4e42-9816-d5ef470e6e3e"", ""title"": ""RRU链路断"", ""location"": ""SubNetwork=CMCC-GZ-01,ManagedElement=12654332,Equipment=1,ReplaceableUnit=77"", ""reason"": ""RRU链路断""}, {""@rid"": ""#-1:11b35af7-c086-4f53-88bb-565b6aa17473"", ""title"": ""RRU链路断"", ""location"": ""SubNetwork=CMCC-GZ-01,ManagedElement=12654332,Equipment=1,ReplaceableUnit=76"", ""reason"": ""RRU链路断""}]}"
09ce758b-889b-4205-8d42-2ebcbd36e284,"{""rootcause"": [{""@rid"": ""#-1:b811632c-5d18-4e51-81ce-b8470c509eee"", ""title"": ""输入电源断"", ""location"": ""SubNetwork=5305,ManagedElement=2646653,Equipment=1,ReplaceableUnit=PB_10"", ""reason"": ""输入电源断""}]}"
0a20bf6e-70f2-46c8-9733-b0b1f137b02e,"{""rootcause"": [{""@rid"": ""#-1:3548b1ce-07eb-492e-bbad-930fd2e78b5a"", ""title"": ""设备掉电"", ""location"": ""sbn=1,NodeMe=525320,Equipment=1,rack=60,shelf=1,board=1"", ""reason"": ""1. 市电异常。\n2. 外部供电设备故障。""}]}"
0a23730e-36c9-4da1-8a04-53eefc848351,"{""rootcause"": [{""@rid"": ""#-1:df16d739-80ae-45da-b461-871d313c74c4"", ""title"": ""输入电源断"", ""location"": ""SubNetwork=5300,ManagedElement=2592107,Equipment=1,ReplaceableUnit=56"", ""reason"": ""输入电源断""}, {""@rid"": ""#-1:93f95663-0670-41df-a176-1c5734638939"", ""title"": ""输入电源断"", ""location"": ""SubNetwork=5300,ManagedElement=2592107,Equipment=1,ReplaceableUnit=54"", ""reason"": ""输入电源断""}, {""@rid"": ""#-1:0fa50af5-e9a5-4f29-adc8-250d7fcfb801"", ""title"": ""输入电源断"", ""location"": ""SubNetwork=5300,ManagedElement=2591813,Equipment=1,ReplaceableUnit=52"", ""reason"": ""外部掉电""}, {""@rid"": ""#-1:91143914-84d9-4df6-94f8-1cae018364aa"", ""title"": ""输入电源断"", ""location"": ""SubNetwork=5300,ManagedElement=2591813,Equipment=1,ReplaceableUnit=51"", ""reason"": ""外部掉电""}, {""@rid"": ""#-1:915f88de-53c9-43a7-ac20-c21bae26b1a5"", ""title"": ""输入电源断"", ""location"": ""SubNetwork=5300,ManagedElement=2592107,Equipment=1,ReplaceableUnit=55"", ""reason"": ""输入电源断""}, {""@rid"": ""#-1:f92700d2-3bcc-4885-9064-c7f506a72a50"", ""title"": ""输入电源断"", ""location"": ""SubNetwork=5300,ManagedElement=2591813,Equipment=1,ReplaceableUnit=53"", ""reason"": ""外部掉电""}]}"
0a2f3593-9024-4f53-93e6-b08c79b6e5eb,"{""rootcause"": [{""title"": ""输入电压异常"", ""location"": ""SubNetwork=1003,ManagedElement=36271,Equipment=1,Rack=1,SubRack=1,Slot=17,PlugInUnit=1,SdrDeviceGroup=1"", ""reason"": ""过压：外部电源系统的输入电压超过高门限。\n欠压：外部电源系统的输入电压低于低门限，可能原因包括：市电供电不够，空开容量不够，电源线线径不够，电源线过长等。\n掉电：外部电源系统的输入电压中断。\n供电能力不足：外部电源柜或者蓄电池带载能力不足，欠压导致定标失败，上报供电能力不足。可能原因包括市电供电不够，空开容量不够，电源线线径不够，电源线过长等。"", ""@rid"": ""#-1:b6ccdec7-0d10-4300-abc8-5e4bebdbb7e8""}]}"
0a8330ba-05a0-4cfd-baef-523e002f3f13,"{""rootcause"": [{""@rid"": ""#-1:03afba78-1222-4e31-9abe-da6c7119c454"", ""title"": ""RRU链路断"", ""location"": ""SubNetwork=5305,ManagedElement=296622,Equipment=1,Rack=53,SubRack=1,Slot=1,PlugInUnit=1,SdrDeviceGroup=1"", ""reason"": ""1. BBU和RRU之间或者上下级RRU之间的光纤故障。\n2. RRU光模块或上联的BBU光模块故障。\n3. RRU未供电。\n4. BBU接口单板故障。\n5. RRU故障。\n6. lr端口线速率配置错误。\n7. 单板硬件自检。""}, {""@rid"": ""#-1:81e4ec0c-5577-4a6b-b236-793ab13c2f49"", ""title"": ""RRU链路断"", ""location"": ""SubNetwork=5305,ManagedElement=296622,Equipment=1,Rack=51,SubRack=1,Slot=1,PlugInUnit=1,SdrDeviceGroup=1"", ""reason"": ""1. BBU和RRU之间或者上下级RRU之间的光纤故障。\n2. RRU光模块或上联的BBU光模块故障。\n3. RRU未供电。\n4. BBU接口单板故障。\n5. RRU故障。\n6. lr端口线速率配置错误。\n7. 单板硬件自检。""}, {""@rid"": ""#-1:d5a2dc24-0539-4d08-8ff0-34ff1e85561b"", ""title"": ""RRU链路断"", ""location"": ""SubNetwork=5305,ManagedElement=296622,Equipment=1,Rack=52,SubRack=1,Slot=1,PlugInUnit=1,SdrDeviceGroup=1"", ""reason"": ""1. BBU和RRU之间或者上下级RRU之间的光纤故障。\n2. RRU光模块或上联的BBU光模块故障。\n3. RRU未供电。\n4. BBU接口单板故障。\n5. RRU故障。\n6. lr端口线速率配置错误。\n7. 单板硬件自检。""}]}"
0a929a40-2cbd-4494-816c-cab200075031,"{""rootcause"": [{""title"": ""设备掉电"", ""location"": ""SubNetwork=1003,ManagedElement=88995,Equipment=1,Rack=51,SubRack=1,Slot=1,PlugInUnit=1,SdrDeviceGroup=1"", ""reason"": ""1. 市电异常。\n2. 外部供电设备故障。"", ""@rid"": ""#-1:96d93f44-54b3-481c-be04-cc158362604d""}, {""title"": ""设备掉电"", ""location"": ""SubNetwork=1003,ManagedElement=88995,Equipment=1,Rack=53,SubRack=1,Slot=1,PlugInUnit=1,SdrDeviceGroup=1"", ""reason"": ""1. 市电异常。\n2. 外部供电设备故障。"", ""@rid"": ""#-1:c6c20cf0-7f3d-4921-8e18-601c4d5965aa""}, {""title"": ""设备掉电"", ""location"": ""SubNetwork=1003,ManagedElement=88995,Equipment=1,Rack=52,SubRack=1,Slot=1,PlugInUnit=1,SdrDeviceGroup=1"", ""reason"": ""1. 市电异常。\n2. 外部供电设备故障。"", ""@rid"": ""#-1:a5904b83-0a44-4ce8-9202-9bec2f006b8d""}, {""title"": ""设备掉电"", ""location"": ""SubNetwork=1003,ManagedElement=88995,Equipment=1,Rack=54,SubRack=1,Slot=1,PlugInUnit=1,SdrDeviceGroup=1"", ""reason"": ""1. 市电异常。\n2. 外部供电设备故障。"", ""@rid"": ""#-1:7e51aa7a-8b2b-4ef7-a126-71ab1df58e16""}, {""title"": ""设备掉电"", ""location"": ""SubNetwork=1003,ManagedElement=88995,Equipment=1,Rack=56,SubRack=1,Slot=1,PlugInUnit=1,SdrDeviceGroup=1"", ""reason"": ""1. 市电异常。\n2. 外部供电设备故障。"", ""@rid"": ""#-1:352e8f02-98bb-400b-a74c-d4cec38bfadd""}, {""title"": ""设备掉电"", ""location"": ""SubNetwork=1003,ManagedElement=88995,Equipment=1,Rack=55,SubRack=1,Slot=1,PlugInUnit=1,SdrDeviceGroup=1"", ""reason"": ""1. 市电异常。\n2. 外部供电设备故障。"", ""@rid"": ""#-1:49fe1fa9-3f49-4716-957d-65a07a8e9ff3""}]}"
0a9fcee5-c1d4-4402-8687-34a5628df144,"{""rootcause"": [{""title"": ""输入电源断"", ""reason"": ""外部掉电"", ""location"": ""SubNetwork=1004,ManagedElement=1404407,Equipment=1,ReplaceableUnit=65"", ""@rid"": ""#-1:da7b6573-a851-4715-95fa-ab37f41b2e47""}, {""title"": ""输入电源断"", ""reason"": ""外部掉电"", ""location"": ""SubNetwork=1004,ManagedElement=1404407,Equipment=1,ReplaceableUnit=66"", ""@rid"": ""#-1:f6233ca1-ff2b-424a-be95-f4e03b92c8b9""}]}"
0ab20ca9-2bb2-40c2-885b-9875413e7f78,"{""rootcause"": [{""@rid"": ""#-1:e3b49615-ec0a-44d1-8d6e-2fdd8758cb1b"", ""title"": ""BBU IR接口异常告警"", ""location"": ""柜号:0; 框号:0; 槽号:2; 端口号:0; 端口号:0; 类型:UBBP; :"", ""reason"": ""567""}]}"
0ade8300-1f40-4ecb-ad04-8c7470b8d1a3,"{""rootcause"": [{""@rid"": ""#-1:336bfd50-4e30-4004-94b8-c6da2813e239"", ""title"": ""射频单元驻波告警"", ""location"": ""柜号:0; 框号:237; 槽号:0; :0; 类型:MRRU; 告警(0.1):20; (0.1):29; 输出(0.1dBm):337; 端口:NULL"", ""reason"": ""516""}]}"
0aed36ce-4e38-4397-98d8-431c26ac85ac,"{""rootcause"": [{""@rid"": ""#-1:bd7d3a6e-7258-4e36-9f45-0d5e25cb8d93"", ""title"": ""设备掉电"", ""location"": ""SubNetwork=5306,ManagedElement=295631,Equipment=1,Rack=57,SubRack=1,Slot=1,PlugInUnit=1,SdrDeviceGroup=1"", ""reason"": ""1. 市电异常。\n2. 外部供电设备故障。""}, {""@rid"": ""#-1:130c203a-3f7f-43c4-8238-0b41a4e3fd12"", ""title"": ""设备掉电"", ""location"": ""SubNetwork=5306,ManagedElement=295631,Equipment=1,Rack=56,SubRack=1,Slot=1,PlugInUnit=1,SdrDeviceGroup=1"", ""reason"": ""1. 市电异常。\n2. 外部供电设备故障。""}, {""@rid"": ""#-1:8d4e6e8e-7e0e-4ad3-9525-0dc1e7f5fc68"", ""title"": ""设备掉电"", ""location"": ""SubNetwork=5306,ManagedElement=295631,Equipment=1,Rack=58,SubRack=1,Slot=1,PlugInUnit=1,SdrDeviceGroup=1"", ""reason"": ""1. 市电异常。\n2. 外部供电设备故障。""}, {""@rid"": ""#-1:0e20040d-b69f-444d-86c4-8576129be516"", ""title"": ""设备掉电"", ""location"": ""SubNetwork=5306,ManagedElement=295631,Equipment=1,Rack=55,SubRack=1,Slot=1,PlugInUnit=1,SdrDeviceGroup=1"", ""reason"": ""1. 市电异常。\n2. 外部供电设备故障。""}]}"
0afd7871-43f6-4e67-98fe-8283367c6840,"{""rootcause"": [{""@rid"": ""#-1:592f7864-34cc-462c-b807-60f04dc9736d"", ""title"": ""射频单元交流掉电告警"", ""location"": ""柜号:0; 框号:224; 槽号:0; 类型:MRRU"", ""reason"": ""551""}]}"
0b0fe485-c6bb-4c01-9def-4ac7cf3b0ce2,"{""rootcause"": [{""@rid"": ""#-1:f5661c71-bf83-4617-9745-702e99b021d9"", ""title"": ""射频单元驻波告警"", ""location"": ""柜号:0; 框号:60; 槽号:0; :1; 类型:MRRU; 告警(0.1):18; (0.1):19; 输出(0.1dBm):376; 端口:NULL"", ""reason"": ""516""}]}"
0b2d3277-d1df-493b-83b1-8d7a050b9900,"{""rootcause"": [{""@rid"": ""#-1:60c62e23-2976-4a5c-bae9-cadbd4233346"", ""title"": ""没有可用的空口时钟源"", ""location"": ""SubNetwork=5308,ManagedElement=802328,Equipment=1,Rack=1,SubRack=1,Slot=1,PlugInUnit=1,SdrDeviceGroup=1"", ""reason"": ""1. 未配置空口时钟源或者时钟源配置错误。\n2. 空口时钟源均锁不定（时钟源干扰严重，超出晶振调节限值；或晶振故障）。""}]}"
0bbb23e3-a9c5-4858-9622-3af620430c1f,"{""rootcause"": [{""@rid"": ""#-1:ab3cf9af-faa2-4402-89de-cde094f38ac4"", ""title"": ""网元连接中断"", ""location"": ""网元名称:D3900534529TF-HFW; 网元IP地址:100.200.52.6; 网元IP地址(IP Mode):NULL; 端口:6007; 错误:N/A; 信息:端口时; 分:MediationService0405; OMC IP:10.154.18.12"", ""reason"": ""718""}, {""@rid"": ""#-1:07284753-c890-472c-b88a-b45cbe873ee2"", ""title"": ""[衍生告警]设备商乙4G基站退服"", ""location"": "":南;\n名称:;\n告警:[告警]4G;\n告警:；2\n告警时间:2025-12-24 03:23:04;"", ""reason"": ""718""}]}"
0c0e4342-e8fd-4187-82c5-78076f6c65ab,"{""rootcause"": [{""@rid"": ""#-1:f0886121-6120-4b87-bdd7-a5396ca68ecb"", ""title"": ""光口链路故障"", ""location"": ""SubNetwork=CMCC-GZ-01,ManagedElement=12586147,Equipment=1,ReplaceableUnit=B_1_8,RiPort=OF1"", ""reason"": ""光口链路故障""}, {""@rid"": ""#-1:0b05c238-db49-45ff-b6e1-709696a9a80b"", ""title"": ""光口链路故障"", ""location"": ""SubNetwork=CMCC-GZ-01,ManagedElement=12586147,Equipment=1,ReplaceableUnit=B_1_6,RiPort=OF1"", ""reason"": ""光口链路故障""}]}"
0c159af5-a7c6-462d-8600-9b7ddb41e660,"{""rootcause"": [{""@rid"": ""#-1:f03ad555-06f9-4386-9dd0-4373456660b9"", ""title"": ""射频单元CPRI接口异常告警"", ""location"": ""柜号:0; 框号:203; 槽号:0; 端口号:端口0; 端口号:NULL; 类型:MRRU; :CPRI接口异常"", ""reason"": ""566""}]}"
0c440dbf-cf49-4ac4-85c8-dba8b60ac4a4,"{""rootcause"": [{""@rid"": ""#-1:1a826cc6-7af4-4d84-9e00-c1d1856d6627"", ""title"": ""BBU CPRI接口异常告警"", ""location"": ""柜号:0; 框号:0; 槽号:4; 端口号:0; 端口号:0; 类型:UBBP; :CPRI接口异常"", ""reason"": ""567""}]}"
0c50f4f0-4212-455c-aedc-4e272616ff2b,"{""rootcause"": [{""@rid"": ""#-1:db3ee3a4-d86b-460c-8cad-9eceba86f8b5"", ""title"": ""RRU链路断"", ""location"": ""SubNetwork=CMCC-GZ-04,ManagedElement=12719582,Equipment=1,ReplaceableUnit=56"", ""reason"": ""RRU链路断""}]}"
0c5def07-3b9f-47a8-a64f-b670f43218b5,"{""rootcause"": [{""@rid"": ""#-1:7b32f468-8647-4052-bb57-926abab69b0a"", ""title"": ""射频单元驻波告警"", ""location"": ""柜号:0; 框号:207; 槽号:0; :1; 类型:MRRU; 告警(0.1):20; (0.1):21; 输出(0.1dBm):305; 端口:NULL"", ""reason"": ""516""}]}"
0cc811e7-c54a-400e-bd84-391a74109a86,"{""rootcause"": [{""title"": ""输入电源断"", ""location"": ""SubNetwork=1004,ManagedElement=1430078,Equipment=1,ReplaceableUnit=62"", ""reason"": ""外部掉电"", ""@rid"": ""#-1:bd9fd235-85ee-4479-a3b1-d0245efdf873""}, {""title"": ""输入电源断"", ""location"": ""SubNetwork=1004,ManagedElement=1430078,Equipment=1,ReplaceableUnit=61"", ""reason"": ""外部掉电"", ""@rid"": ""#-1:e8556ed6-0b86-4d8b-af7f-355ab315fd24""}, {""title"": ""输入电源断"", ""location"": ""SubNetwork=1004,ManagedElement=1430078,Equipment=1,ReplaceableUnit=63"", ""reason"": ""外部掉电"", ""@rid"": ""#-1:f0b6b9d6-3164-45d1-ba1e-20db33cde11b""}]}"
0d0aa1d5-a682-4414-9b51-22a60f5d2fa3,"{""rootcause"": [{""@rid"": ""#-1:084b0f99-f7aa-420d-b511-faf411686ed7"", ""title"": ""RRU功率检测异常"", ""location"": ""sbn=7310,NodeMe=986055,Equipment=1,rack=55,shelf=1,board=1"", ""reason"": ""1. RRU通道硬件故障。\n2. RRU版本问题。\n3. 光纤链路问题。\n4. BBU硬件异常或者版本问题。""}]}"
0d84cff4-127a-4c5b-8d7f-60db5bbe9218,"{""rootcause"": [{""title"": ""输入电源断"", ""location"": ""SubNetwork=1004,ManagedElement=1393234,Equipment=1,ReplaceableUnit=61"", ""reason"": ""外部掉电"", ""@rid"": ""#-1:b43d723d-f884-408e-b6e3-9ac1a3726596""}, {""title"": ""输入电源断"", ""location"": ""SubNetwork=1004,ManagedElement=1393234,Equipment=1,ReplaceableUnit=62"", ""reason"": ""外部掉电"", ""@rid"": ""#-1:c9d4aac9-7ec9-484f-8589-011f51b43c34""}, {""title"": ""输入电源断"", ""location"": ""SubNetwork=1004,ManagedElement=1393234,Equipment=1,ReplaceableUnit=63"", ""reason"": ""外部掉电"", ""@rid"": ""#-1:ca207134-4b51-4e1d-8117-cd614ac3aff6""}]}"
0d88377d-9f12-4df7-8103-b7d1a46bc201,"{""rootcause"": [{""title"": ""输入电源断"", ""location"": ""SubNetwork=1004,ManagedElement=1417660,Equipment=1,ReplaceableUnit=77"", ""reason"": ""输入电源断"", ""@rid"": ""#-1:f7154a08-3161-4d13-9276-7bffa7cb1966""}, {""title"": ""输入电源断"", ""location"": ""SubNetwork=1004,ManagedElement=1417660,Equipment=1,ReplaceableUnit=79"", ""reason"": ""输入电源断"", ""@rid"": ""#-1:5181cd3b-6dad-43f3-b842-61ce8c31e61e""}, {""title"": ""输入电源断"", ""location"": ""SubNetwork=1004,ManagedElement=1417660,Equipment=1,ReplaceableUnit=78"", ""reason"": ""输入电源断"", ""@rid"": ""#-1:23d588fe-f3cb-4e47-9bb3-3d7a2a603063""}]}"
0d8e3f45-ef8f-444e-a3bf-4334ae981f02,"{""rootcause"": [{""@rid"": ""#-1:b34f7a8c-3284-42b0-8672-302c905debae"", ""title"": ""RRU链路断"", ""location"": ""SubNetwork=5301,ManagedElement=295827,Equipment=1,Rack=54,SubRack=1,Slot=1,PlugInUnit=1,SdrDeviceGroup=1"", ""reason"": ""1. BBU和RRU之间或者上下级RRU之间的光纤故障。\n2. RRU光模块或上联的BBU光模块故障。\n3. RRU未供电。\n4. BBU接口单板故障。\n5. RRU故障。\n6. lr端口线速率配置错误。\n7. 单板硬件自检。""}, {""@rid"": ""#-1:881619f4-d919-4f5c-836b-e268aed09ebc"", ""title"": ""RRU链路断"", ""location"": ""SubNetwork=5301,ManagedElement=295827,Equipment=1,Rack=52,SubRack=1,Slot=1,PlugInUnit=1,SdrDeviceGroup=1"", ""reason"": ""1. BBU和RRU之间或者上下级RRU之间的光纤故障。\n2. RRU光模块或上联的BBU光模块故障。\n3. RRU未供电。\n4. BBU接口单板故障。\n5. RRU故障。\n6. lr端口线速率配置错误。\n7. 单板硬件自检。""}, {""@rid"": ""#-1:7e76f821-802b-48ff-a082-6d5fa317f718"", ""title"": ""RRU链路断"", ""location"": ""SubNetwork=5301,ManagedElement=295827,Equipment=1,Rack=53,SubRack=1,Slot=1,PlugInUnit=1,SdrDeviceGroup=1"", ""reason"": ""1. BBU和RRU之间或者上下级RRU之间的光纤故障。\n2. RRU光模块或上联的BBU光模块故障。\n3. RRU未供电。\n4. BBU接口单板故障。\n5. RRU故障。\n6. lr端口线速率配置错误。\n7. 单板硬件自检。""}, {""@rid"": ""#-1:cd3650d1-1884-45a7-ae44-6444f8f661f4"", ""title"": ""RRU链路断"", ""location"": ""SubNetwork=5301,ManagedElement=295827,Equipment=1,Rack=51,SubRack=1,Slot=1,PlugInUnit=1,SdrDeviceGroup=1"", ""reason"": ""1. BBU和RRU之间或者上下级RRU之间的光纤故障。\n2. RRU光模块或上联的BBU光模块故障。\n3. RRU未供电。\n4. BBU接口单板故障。\n5. RRU故障。\n6. lr端口线速率配置错误。\n7. 单板硬件自检。""}]}"
0db4bf65-39aa-4c07-ab3e-23af0dd16382,"{""rootcause"": [{""@rid"": ""#-1:7f70dc79-7ea9-4f97-8c8a-7734e8bbc7ae"", ""title"": ""RRU链路断"", ""location"": ""SubNetwork=CMCC-GZ-02,ManagedElement=12652010,Equipment=1,ReplaceableUnit=54"", ""reason"": ""RRU链路断""}]}"
0e0ed155-2f1c-4f55-be33-5afd61709cc0,"{""rootcause"": [{""@rid"": ""#-1:c0c39022-236c-4b91-98bd-b5644a880603"", ""title"": ""输入电源断"", ""location"": ""SubNetwork=5304,ManagedElement=2646570,Equipment=1,ReplaceableUnit=61"", ""reason"": ""外部掉电""}]}"
0e54984f-160c-49c1-9a06-918468f0ad5b,"{""rootcause"": [{""@rid"": ""#-1:84d76782-1fc0-4829-84c9-05ac1c9bd034"", ""title"": ""射频单元驻波告警"", ""location"": ""柜号:0; 框号:90; 槽号:0; :0; 类型:MRRU; 告警(0.1):18; (0.1):18; 输出(0.1dBm):363; 端口:NULL"", ""reason"": ""516""}]}"
0e6a56fd-e9be-45d7-bbdd-bb61c80d6571,"{""rootcause"": [{""title"": ""输入电源断"", ""location"": ""SubNetwork=1004,ManagedElement=1430135,Equipment=1,ReplaceableUnit=66"", ""reason"": ""外部掉电"", ""@rid"": ""#-1:56e76f32-f334-4751-bba3-50cb9402e0d8""}, {""title"": ""输入电源断"", ""location"": ""SubNetwork=1004,ManagedElement=1430135,Equipment=1,ReplaceableUnit=65"", ""reason"": ""外部掉电"", ""@rid"": ""#-1:71bf8e53-1ffd-4020-94d0-f91ba7a8aed7""}, {""title"": ""输入电源断"", ""location"": ""SubNetwork=1004,ManagedElement=1430135,Equipment=1,ReplaceableUnit=64"", ""reason"": ""外部掉电"", ""@rid"": ""#-1:009d9631-535b-4dc2-b711-907069c3765f""}]}"
0e6df3ea-be5f-4692-bc40-2ebd7fbe4418,"{""rootcause"": [{""@rid"": ""#-1:ed7e94d5-e8b7-4d8c-9398-d9b51f09702a"", ""title"": ""GNSS星卡锁星不足告警"", ""location"": ""柜号:0; 框号:0; 槽号:6; 类型:UMPT; :"", ""reason"": ""506""}]}"
0e6f5015-2461-40de-b2d8-6b037ae69ea0,"{""rootcause"": [{""@rid"": ""#-1:8d7a2aec-2978-4285-b4a6-e0ab285125ad"", ""title"": ""设备掉电"", ""location"": ""sbn=2,NodeMe=984104,Equipment=1,rack=57,shelf=1,board=1"", ""reason"": ""1. 市电异常。\n2. 外部供电设备故障。""}]}"
0ecf65db-9e36-43ba-ada3-5118f2b24b19,"{""rootcause"": [{""title"": ""射频单元直流掉电告警"", ""location"": ""柜号:0; 框号:152; 槽号:0; 类型:AIRU"", ""reason"": ""551"", ""@rid"": ""#-1:c264894d-d4f2-479c-998a-fe9fa32b0b40""}]}"
0ed6c49c-ded3-404f-85a1-efc1f4f1160e,"{""rootcause"": [{""title"": ""输入电源断"", ""reason"": ""输入电源断"", ""location"": ""SubNetwork=1004,ManagedElement=1404646,Equipment=1,ReplaceableUnit=74"", ""@rid"": ""#-1:b7f03dfb-ef3c-4d3c-88e1-21ca0142a4f6""}]}"
0eea959a-0677-424e-9524-b5c6af18a45a,"{""rootcause"": [{""title"": ""输入电源断"", ""location"": ""SubNetwork=1004,ManagedElement=1393254,Equipment=1,ReplaceableUnit=66"", ""reason"": ""外部掉电"", ""@rid"": ""#-1:6e187942-d4ee-4d66-9a9c-24e1fe5c2c1d""}, {""title"": ""输入电源断"", ""location"": ""SubNetwork=1004,ManagedElement=1393254,Equipment=1,ReplaceableUnit=64"", ""reason"": ""外部掉电"", ""@rid"": ""#-1:2ed16476-42b5-4883-befc-c37b249a848d""}, {""title"": ""输入电源断"", ""location"": ""SubNetwork=1004,ManagedElement=1393254,Equipment=1,ReplaceableUnit=65"", ""reason"": ""外部掉电"", ""@rid"": ""#-1:1a8d8660-19c5-423e-a4a3-d915bbb1ba78""}]}"
0eecd17a-def6-4db3-a3fc-6c0217cb52b2,"{""rootcause"": [{""title"": ""BBU IR接口异常告警"", ""location"": ""柜号:0; 框号:0; 槽号:2; 端口号:0; 端口号:0; 类型:UBBP; :"", ""reason"": ""567"", ""@rid"": ""#-1:d493fb7a-e69f-4e0b-bb11-d4819d09b184""}, {""title"": ""BBU IR接口异常告警"", ""location"": ""柜号:0; 框号:0; 槽号:2; 端口号:2; 端口号:0; 类型:UBBP; :"", ""reason"": ""567"", ""@rid"": ""#-1:4cf13421-9f0a-4189-82c4-f1b492696d80""}, {""title"": ""BBU IR接口异常告警"", ""location"": ""柜号:0; 框号:0; 槽号:2; 端口号:1; 端口号:0; 类型:UBBP; :"", ""reason"": ""567"", ""@rid"": ""#-1:4f25bfc0-ff7a-456b-923d-5ac4aeebc51f""}]}"
0eefbf01-4afc-476a-9a80-a97f496b0f82,"{""rootcause"": [{""@rid"": ""#-1:6b633a9d-0fd4-4973-9480-9e2f7ce9d67e"", ""title"": ""射频单元驻波告警"", ""location"": ""柜号:0; 框号:201; 槽号:0; :3; 类型:MRRU; 告警(0.1):30; (0.1):43; 输出(0.1dBm):313; 端口:NULL"", ""reason"": ""516""}]}"
0f17fcdd-e2a1-4263-90e9-9ec6aa24b485,"{""rootcause"": [{""title"": ""RRU链路断"", ""location"": ""SubNetwork=1003,ManagedElement=71454,Equipment=1,Rack=54,SubRack=1,Slot=1,PlugInUnit=1,SdrDeviceGroup=1"", ""reason"": ""1. BBU和RRU之间或者上下级RRU之间的光纤故障。\n2. RRU光模块或上联的BBU光模块故障。\n3. RRU未供电。\n4. BBU接口单板故障。\n5. RRU故障。\n6. lr端口线速率配置错误。\n7. 单板硬件自检。"", ""@rid"": ""#-1:4796642b-e821-49e9-9955-de1b861df3bd""}]}"
0f43c694-9993-4748-b2f3-5cf8bf56dc32,"{""rootcause"": [{""@rid"": ""#-1:6e559f09-2d4f-4b4d-beda-9be5c6a62007"", ""title"": ""设备掉电"", ""location"": ""SubNetwork=5301,ManagedElement=831150,Equipment=1,Rack=70,SubRack=1,Slot=1,PlugInUnit=1,SdrDeviceGroup=1"", ""reason"": ""1. 市电异常。\n2. 外部供电设备故障。""}, {""@rid"": ""#-1:03af82e0-2012-4543-b406-295cbabe901f"", ""title"": ""设备掉电"", ""location"": ""SubNetwork=5301,ManagedElement=831150,Equipment=1,Rack=71,SubRack=1,Slot=1,PlugInUnit=1,SdrDeviceGroup=1"", ""reason"": ""1. 市电异常。\n2. 外部供电设备故障。""}, {""@rid"": ""#-1:0007a7b4-90b5-48fa-8b03-fae4f4cdcc0c"", ""title"": ""输入电压异常"", ""location"": ""SubNetwork=5303,ManagedElement=831143,Equipment=1,Rack=1,SubRack=1,Slot=17,PlugInUnit=1,SdrDeviceGroup=1"", ""reason"": ""过压：外部电源系统的输入电压超过高门限。\n欠压：外部电源系统的输入电压低于低门限，可能原因包括：市电供电不够，空开容量不够，电源线线径不够，电源线过长等。\n掉电：外部电源系统的输入电压中断。\n供电能力不足：外部电源柜或者蓄电池带载能力不足，欠压导致定标失败，上报供电能力不足。可能原因包括市电供电不够，空开容量不够，电源线线径不够，电源线过长等。""}, {""@rid"": ""#-1:028c23bc-7d5d-4242-9839-6017847de2b0"", ""title"": ""输入电源断"", ""location"": ""SubNetwork=5303,ManagedElement=2646392,Equipment=1,ReplaceableUnit=52"", ""reason"": ""输入电源断""}, {""@rid"": ""#-1:199333a0-9d01-45d7-9474-12cfbab7ae2d"", ""title"": ""输入电压异常"", ""location"": ""SubNetwork=5301,ManagedElement=831150,Equipment=1,Rack=1,SubRack=1,Slot=17,PlugInUnit=1,SdrDeviceGroup=1"", ""reason"": ""过压：外部电源系统的输入电压超过高门限。\n欠压：外部电源系统的输入电压低于低门限，可能原因包括：市电供电不够，空开容量不够，电源线线径不够，电源线过长等。\n掉电：外部电源系统的输入电压中断。\n供电能力不足：外部电源柜或者蓄电池带载能力不足，欠压导致定标失败，上报供电能力不足。可能原因包括市电供电不够，空开容量不够，电源线线径不够，电源线过长等。""}, {""@rid"": ""#-1:5c49eb65-19c2-41ac-a9a3-0097df0a4fe9"", ""title"": ""RRU链路断"", ""location"": ""SubNetwork=5303,ManagedElement=831143,Equipment=1,Rack=56,SubRack=1,Slot=1,PlugInUnit=1,SdrDeviceGroup=1"", ""reason"": ""1. BBU和RRU之间或者上下级RRU之间的光纤故障。\n2. RRU光模块或上联的BBU光模块故障。\n3. RRU未供电。\n4. BBU接口单板故障。\n5. RRU故障。\n6. lr端口线速率配置错误。\n7. 单板硬件自检。""}, {""@rid"": ""#-1:68b234b2-7ba3-4102-bf4f-fa05508ca5c2"", ""title"": ""输入电源断"", ""location"": ""SubNetwork=5303,ManagedElement=2646392,Equipment=1,ReplaceableUnit=53"", ""reason"": ""输入电源断""}, {""@rid"": ""#-1:46b0c9a3-30fc-49e5-89c2-f405f30450c8"", ""title"": ""输入电源断"", ""location"": ""SubNetwork=5303,ManagedElement=2646392,Equipment=1,ReplaceableUnit=51"", ""reason"": ""输入电源断""}]}"
0f646d11-af37-4f7a-b61a-0bbbe2ae00e1,"{""rootcause"": [{""title"": ""BBU单板维护链路异常告警"", ""reason"": ""567"", ""location"": ""柜号:0; 框号:0; 槽号:3; 类型:UBBP"", ""@rid"": ""#-1:4bc10e65-d236-4667-b4ca-6400d4d95dc1""}, {""title"": ""制式间通信异常告警"", ""reason"": ""567"", ""location"": "":NR; :"", ""@rid"": ""#-1:91e0e325-be5f-4c16-bf79-0b99e15897b6""}]}"
0f6f6b4c-3e74-4c70-88a9-56d0e62b8453,"{""rootcause"": [{""title"": ""射频单元业务不可用告警"", ""location"": ""eNodeB名称:2-HFM; 本地:187; :FDD; 柜号:0; 框号:151; 槽号:0; NB-IoT:FALSE; eNodeB分:NULL; 名称:2-HFM-FD-187; eNodeB:43570; :187; :电源异常"", ""reason"": ""509"", ""@rid"": ""#-1:4dfd28f6-bfea-4d58-8df4-9cbc81b1e0d4""}]}"
0f896a7c-ec50-498a-b0bd-101feb2c6284,"{""rootcause"": [{""title"": ""RRU链路断"", ""location"": ""SubNetwork=1011,ManagedElement=891534,Equipment=1,Rack=51,SubRack=1,Slot=1,PlugInUnit=1,SdrDeviceGroup=1"", ""reason"": ""1. BBU和RRU之间或者上下级RRU之间的光纤故障。2. RRU光模块或上联的BBU光模块故障。3. RRU未供电。4. BBU接口单板故障。5. RRU故障。6. lr端口线速率配置错误。7. 单板硬件自检。"", ""@rid"": ""#-1:9510dbed-1616-45f0-8eaf-63883f6cf1cc""}]}"
0fac2eb9-17ff-4c12-b87e-c6e146478de7,"{""rootcause"": [{""@rid"": ""#-1:16840459-7bd2-4101-8b4d-46df45466511"", ""title"": ""射频单元CPRI接口异常告警"", ""location"": ""柜号:0; 框号:71; 槽号:0; 端口号:端口1; 端口号:NULL; 类型:MRRU; :CPRI接口异常"", ""reason"": ""566""}, {""@rid"": ""#-1:ede04b83-fe47-4e6b-b02f-4e850d675965"", ""title"": ""射频单元CPRI接口异常告警"", ""location"": ""柜号:0; 框号:70; 槽号:0; 端口号:端口1; 端口号:NULL; 类型:MRRU; :CPRI接口异常"", ""reason"": ""566""}]}"
0fd07715-b484-4cb0-8c55-048efd23f3fa,"{""rootcause"": [{""@rid"": ""#-1:ff4fb97a-5ed7-4dbe-9ca7-3378909f1e0b"", ""title"": ""光口接收链路故障"", ""location"": ""sbn=1,NodeMe=390123,Equipment=1,rack=1,shelf=1,board=8"", ""reason"": ""1. 光纤/电缆损坏；\n2. 光纤/电缆端面污染；\n3. 本端或对端光/电模块或光纤/电缆没插好；\n4. 对端设备的光/电模块损坏；\n5. 光纤实际长度大于光模块支持的长度；\n6. 本端、对端的光模块速率不匹配；\n7. 对端设备工作异常。""}]}"
0fd54021-f64c-466d-8e83-4598ff5042c4,"{""rootcause"": [{""@rid"": ""#-1:d0ea9519-481c-41f0-b375-3c598328bbbe"", ""title"": ""RRU链路断"", ""location"": ""SubNetwork=5300,ManagedElement=2623142,Equipment=1,ReplaceableUnit=51"", ""reason"": ""RRU链路断""}]}"
10086cb6-af43-471e-b84f-bdb7eaa12b30,"{""rootcause"": [{""@rid"": ""#-1:8898d730-3f98-4902-b782-e2e1ce890554"", ""title"": ""射频单元IR接口异常告警"", ""location"": ""柜号:0; 框号:224; 槽号:0; 端口号:端口1; 类型:MRRU; :IR接口异常"", ""reason"": ""69""}]}"
102783ea-c7e6-418d-bfc0-8272e2e24cfc,"{""rootcause"": [{""title"": ""BBU IR接口异常告警"", ""reason"": ""567"", ""location"": ""柜号:0; 框号:0; 槽号:2; 端口号:2; 端口号:0; 类型:UBBP; :"", ""@rid"": ""#-1:d48a8c5b-2359-459f-8924-02d5d8a03ac1""}, {""title"": ""BBU IR接口异常告警"", ""reason"": ""567"", ""location"": ""柜号:0; 框号:0; 槽号:2; 端口号:2; 端口号:0; 类型:UBBP; :"", ""@rid"": ""#-1:157dc874-55fa-4dc6-826b-a1cfba6c1dc6""}]}"
1060477d-208e-4bf2-be7d-20dab5151c8d,"{""rootcause"": [{""@rid"": ""#-1:e2f73356-ccbe-4d64-9ef9-845ced22bafd"", ""title"": ""射频单元驻波告警"", ""location"": ""柜号:0; 框号:93; 槽号:0; :0; 类型:MRRU; 告警(0.1):18; (0.1):19; 输出(0.1dBm):364; 端口:NULL"", ""reason"": ""516""}]}"
106ac93b-4f0f-4da0-a87f-3ed7d5d82ebd,"{""rootcause"": [{""title"": ""BBU CPRI接口异常告警"", ""location"": ""柜号:0; 框号:0; 槽号:0; 端口号:2; 端口号:0; 类型:UBBP; :"", ""reason"": ""567"", ""@rid"": ""#-1:d78aa050-4e8e-40b7-b61a-a58bcd5634a3""}, {""title"": ""BBU CPRI接口异常告警"", ""location"": ""柜号:0; 框号:0; 槽号:0; 端口号:2; 端口号:0; 类型:UBBP; :"", ""reason"": ""567"", ""@rid"": ""#-1:39d923e0-a3cc-43fe-9a1a-796ed5a4ac92""}, {""title"": ""BBU CPRI接口异常告警"", ""location"": ""柜号:0; 框号:0; 槽号:0; 端口号:0; 端口号:0; 类型:UBBP; :"", ""reason"": ""567"", ""@rid"": ""#-1:de368aa2-23a4-4df9-8bc6-36f239abfae1""}]}"
106ccdcd-b0f2-4d2d-88f8-637457e24c23,"{""rootcause"": [{""@rid"": ""#-1:74498860-f725-4117-8300-a3b3e5eaef72"", ""title"": ""射频单元交流掉电告警"", ""location"": ""柜号:0; 框号:207; 槽号:0; 类型:MRRU"", ""reason"": ""551""}]}"
107b3e9c-e938-470d-ab90-124dda9c51c1,"{""rootcause"": [{""@rid"": ""#-1:e19a1a79-dbd3-4ef2-9849-d5252844c0c7"", ""title"": ""射频单元业务不可用告警"", ""location"": ""eNodeB名称:南2D5900983881TF-HLW; 本地:131; :TDD; 柜号:0; 框号:67; 槽号:0; NB-IoT:FALSE; eNodeB分:NULL; 名称:南2(3F5F)D5900983881TF-HLW-131; eNodeB:983881; :131; :链路异常"", ""reason"": ""509""}, {""@rid"": ""#-1:d121c5a8-305e-427e-846d-3da0d263b642"", ""title"": ""射频单元业务不可用告警"", ""location"": ""eNodeB名称:南2D5900983881TF-HLW; 本地:131; :TDD; 柜号:0; 框号:67; 槽号:0; NB-IoT:FALSE; eNodeB分:NULL; 名称:南2(3F5F)D5900983881TF-HLW-131; eNodeB:983881; :131; :异常"", ""reason"": ""509""}]}"
109a9eda-d1c5-4664-a679-ba0b3401b33b,"{""rootcause"": [{""@rid"": ""#-1:8fe2a08a-4cd4-4a39-ba1e-1beb5ba8685c"", ""title"": ""RRU链路断"", ""location"": ""SubNetwork=CMCC-GZ-04,ManagedElement=12651140,Equipment=1,ReplaceableUnit=53"", ""reason"": ""RRU链路断""}]}"
11032abb-8069-44b7-8696-4728e5edf5e3,"{""rootcause"": [{""title"": ""射频单元交流掉电告警"", ""location"": ""柜号:0; 框号:151; 槽号:0; 类型:MRRU"", ""reason"": ""551"", ""@rid"": ""#-1:053242f9-d17c-479e-b38d-0dd816db1403""}, {""title"": ""射频单元CPRI接口异常告警"", ""location"": ""柜号:0; 框号:151; 槽号:0; 端口号:端口0; 端口号:NULL; 类型:MRRU; :CPRI接口异常"", ""reason"": ""566"", ""@rid"": ""#-1:f44d836a-d84c-4ca6-8ab2-05acea66ac90""}]}"
1106eab8-ffa1-458e-bdb8-fbda1c3677c5,"{""rootcause"": [{""@rid"": ""#-1:0320dbd9-c11b-42ac-9809-e526db0ff88a"", ""title"": ""射频单元驻波告警"", ""location"": ""柜号:0; 框号:228; 槽号:0; :0; 类型:MRRU; 告警(0.1):30; (0.1):39; 输出(0.1dBm):266; 端口:NULL"", ""reason"": ""516""}]}"
11095267-7616-4d84-8b0d-c761f6da9f2f,"{""rootcause"": [{""title"": ""ETH_LOS"", ""location"": ""1-D2EG2-1(PORT-1)-MAC:1"", ""reason"": ""(1)端口已使能但端口的网线或光纤没有连接好；(2)网线或光纤故障；(3)对端发送部分故障；(4)本端接收部分故障。(5)灰光光模块与彩光光模块对接，端口可能上ETH_LOS。(6)彩光光模块对接，配置不同波长。(7)对接端口的传输模式不一致或者FEC模式不一致。"", ""@rid"": ""#-1:700cff04-2fad-42c0-b0b1-0d6c0353f5b6""}, {""title"": ""ETH_LOS"", ""location"": ""4-D2EG2-2(PORT-2)-MAC:1"", ""reason"": ""(1)端口已使能但端口的网线或光纤没有连接好；(2)网线或光纤故障；(3)对端发送部分故障；(4)本端接收部分故障。(5)灰光光模块与彩光光模块对接，端口可能上ETH_LOS。(6)彩光光模块对接，配置不同波长。(7)对接端口的传输模式不一致或者FEC模式不一致。"", ""@rid"": ""#-1:26ef395f-6139-439b-8843-b75736bcec22""}, {""title"": ""ETH_LOS"", ""location"": ""26-81EFG4-1(PORT-1)-MAC:1"", ""reason"": ""(1)端口已使能但端口的网线或光纤没有连接好；(2)网线或光纤故障；(3)对端发送部分故障；(4)本端接收部分故障。(5)灰光光模块与彩光光模块对接，端口可能上ETH_LOS。(6)彩光光模块对接，配置不同波长。(7)对接端口的传输模式不一致或者FEC模式不一致。"", ""@rid"": ""#-1:f0a5b98d-9581-4af0-a656-237316a3a178""}, {""title"": ""ETH_LOS"", ""location"": ""6-D2EG2-1(PORT-1)-MAC:1"", ""reason"": ""(1)端口已使能但端口的网线或光纤没有连接好；(2)网线或光纤故障；(3)对端发送部分故障；(4)本端接收部分故障。(5)灰光光模块与彩光光模块对接，端口可能上ETH_LOS。(6)彩光光模块对接，配置不同波长。(7)对接端口的传输模式不一致或者FEC模式不一致。"", ""@rid"": ""#-1:b77fed8d-10e5-416d-9368-6f0e17c236f7""}]}"
110f0be4-2c8e-40fe-bf97-ba8a82bf5a45,"{""rootcause"": [{""@rid"": ""#-1:04b9e73a-a826-41f3-b167-14776de15ae7"", ""title"": ""设备掉电"", ""location"": ""SubNetwork=5308,ManagedElement=715088,Equipment=1,Rack=51,SubRack=1,Slot=1,PlugInUnit=1,SdrDeviceGroup=1"", ""reason"": ""1. 市电异常。\n2. 外部供电设备故障。""}, {""@rid"": ""#-1:a84917c9-2777-4db3-b570-90494fdfe141"", ""title"": ""输入电源断"", ""location"": ""SubNetwork=5303,ManagedElement=2623017,Equipment=1,ReplaceableUnit=52"", ""reason"": ""外部掉电""}, {""@rid"": ""#-1:5b6ff1fb-6fcb-4b2c-97cd-6a9f36f0cc9c"", ""title"": ""输入电源断"", ""location"": ""SubNetwork=5303,ManagedElement=2623017,Equipment=1,ReplaceableUnit=51"", ""reason"": ""外部掉电""}, {""@rid"": ""#-1:c2aac1fb-ca40-44f3-85df-556bd0df49f6"", ""title"": ""设备掉电"", ""location"": ""SubNetwork=5308,ManagedElement=715088,Equipment=1,Rack=52,SubRack=1,Slot=1,PlugInUnit=1,SdrDeviceGroup=1"", ""reason"": ""1. 市电异常。\n2. 外部供电设备故障。""}]}"
1116aa5e-83aa-49e8-ac19-1572464ddd54,"{""rootcause"": [{""title"": ""输入电源断"", ""location"": ""SubNetwork=1004,ManagedElement=1423805,Equipment=1,ReplaceableUnit=66"", ""reason"": ""外部掉电"", ""@rid"": ""#-1:1bc6565d-ab35-4e45-a3a0-a8d7c392df6a""}, {""title"": ""输入电源断"", ""location"": ""SubNetwork=1004,ManagedElement=1423805,Equipment=1,ReplaceableUnit=64"", ""reason"": ""外部掉电"", ""@rid"": ""#-1:24ed38f2-31e2-42bd-a835-2fc4dec80943""}, {""title"": ""输入电源断"", ""location"": ""SubNetwork=1004,ManagedElement=1423805,Equipment=1,ReplaceableUnit=65"", ""reason"": ""外部掉电"", ""@rid"": ""#-1:7c460269-7e2d-48c7-a885-8da0803b1f14""}]}"
113e97d5-ac70-40f3-a431-f33fff684c42,"{""rootcause"": [{""title"": ""输入电源断"", ""location"": ""SubNetwork=1004,ManagedElement=1396764,Equipment=1,ReplaceableUnit=62"", ""reason"": ""外部掉电"", ""@rid"": ""#-1:7c092f44-6f6c-4556-8180-9eb878caeea0""}, {""title"": ""输入电源断"", ""location"": ""SubNetwork=1004,ManagedElement=1396764,Equipment=1,ReplaceableUnit=61"", ""reason"": ""外部掉电"", ""@rid"": ""#-1:d60b9245-8db6-46c0-ac4e-e89a9e5a34b2""}]}"
1148bffb-5e52-4f62-9d2d-88cda9f15c98,"{""rootcause"": [{""@rid"": ""#-1:b8fb3eb7-c7ca-4dc8-8d26-19053dc9aaad"", ""title"": ""设备掉电"", ""location"": ""SubNetwork=5304,ManagedElement=801743,Equipment=1,Rack=58,SubRack=1,Slot=1,PlugInUnit=1,SdrDeviceGroup=1"", ""reason"": ""1. 市电异常。\n2. 外部供电设备故障。""}, {""@rid"": ""#-1:89ecff41-fc1d-43bf-b0dc-4e72c6e64863"", ""title"": ""设备掉电"", ""location"": ""SubNetwork=5304,ManagedElement=801743,Equipment=1,Rack=57,SubRack=1,Slot=1,PlugInUnit=1,SdrDeviceGroup=1"", ""reason"": ""1. 市电异常。\n2. 外部供电设备故障。""}]}"
11546c20-36d3-48f0-9ade-de6e6cccbc3f,"{""rootcause"": [{""title"": ""输入电源断"", ""location"": ""SubNetwork=1004,ManagedElement=1436247,Equipment=1,ReplaceableUnit=65"", ""reason"": ""外部掉电"", ""@rid"": ""#-1:24c88a89-19fe-482b-8357-86164fdc13c1""}, {""title"": ""输入电源断"", ""location"": ""SubNetwork=1004,ManagedElement=1436247,Equipment=1,ReplaceableUnit=64"", ""reason"": ""外部掉电"", ""@rid"": ""#-1:d6e185e3-be70-46dd-80c5-c615fdbeb498""}]}"
11596cd6-e33f-4dcf-b2c3-b754274304de,"{""rootcause"": [{""title"": ""射频单元交流掉电告警"", ""location"": ""柜号:0; 框号:209; 槽号:0; 类型:MRRU"", ""reason"": ""551"", ""@rid"": ""#-1:706f8f2e-1e1c-4b51-8a82-c69c7d029a06""}]}"
11e856c3-f601-4829-aebc-6e342761acf3,"{""rootcause"": [{""@rid"": ""#-1:7330ab15-1a51-4417-8265-dfe8764f91ed"", ""title"": ""射频单元交流掉电告警"", ""location"": ""柜号:0; 框号:208; 槽号:0; 类型:MRRU"", ""reason"": ""551""}]}"
120aebbc-8195-47ff-9cb8-2afc849989d3,"{""rootcause"": [{""title"": ""射频单元交流掉电告警"", ""location"": ""柜号:0; 框号:154; 槽号:0; 类型:MRRU"", ""reason"": ""551"", ""@rid"": ""#-1:7f506cfa-b4f9-4f56-b06f-3e56551624d4""}]}"
12359339-2fb1-4fbc-9f95-0b831b5bfb09,"{""rootcause"": [{""title"": ""BBU CPRI接口异常告警"", ""location"": ""柜号:0; 框号:0; 槽号:0; 端口号:0; 端口号:0; 类型:UBBP; :"", ""reason"": ""567"", ""@rid"": ""#-1:de1ed0ba-1912-4e66-869d-cc28931a4b21""}, {""title"": ""BBU CPRI接口异常告警"", ""location"": ""柜号:0; 框号:0; 槽号:0; 端口号:2; 端口号:0; 类型:UBBP; :"", ""reason"": ""567"", ""@rid"": ""#-1:c340ea7c-2d51-4ff7-9663-b571f224b818""}]}"
12f0e8e3-c2a8-4f4b-b1cd-8f5b9fdaedec,"{""rootcause"": [{""@rid"": ""#-1:ca322e96-c02b-4950-9acf-f55ddbe59e01"", ""title"": ""射频单元驻波告警"", ""location"": ""柜号:0; 框号:207; 槽号:0; :0; 类型:MRRU; 告警(0.1):18; (0.1):22; 输出(0.1dBm):366; 端口:NULL"", ""reason"": ""516""}]}"
1305bdfc-348e-488c-8665-5af3d8c5c174,"{""rootcause"": [{""title"": ""输入电源断"", ""location"": ""SubNetwork=1004,ManagedElement=1408432,Equipment=1,ReplaceableUnit=65"", ""reason"": ""外部掉电"", ""@rid"": ""#-1:26d20124-fec6-44ae-86ca-270f2c9e9b8a""}, {""title"": ""输入电源断"", ""location"": ""SubNetwork=1004,ManagedElement=1408432,Equipment=1,ReplaceableUnit=64"", ""reason"": ""外部掉电"", ""@rid"": ""#-1:5090adf3-7ea0-4aeb-bfe7-b1245ed5464b""}, {""title"": ""输入电源断"", ""location"": ""SubNetwork=1004,ManagedElement=1408432,Equipment=1,ReplaceableUnit=66"", ""reason"": ""外部掉电"", ""@rid"": ""#-1:b52759a8-f9ee-409a-82ec-6229c2f0744a""}]}"
130f0a2f-92bf-4103-807e-0e74919cdaf4,"{""rootcause"": [{""title"": ""射频单元直流掉电告警"", ""location"": ""柜号:0; 框号:113; 槽号:0; 类型:MRRU"", ""reason"": ""551"", ""@rid"": ""#-1:6248216d-6acc-44c6-87ff-9b703b499acf""}, {""title"": ""射频单元直流掉电告警"", ""location"": ""柜号:0; 框号:112; 槽号:0; 类型:MRRU"", ""reason"": ""551"", ""@rid"": ""#-1:b7ba666b-f1cb-4634-bd48-2fb644221749""}, {""title"": ""射频单元直流掉电告警"", ""location"": ""柜号:0; 框号:111; 槽号:0; 类型:MRRU"", ""reason"": ""551"", ""@rid"": ""#-1:2401414e-52da-470d-8585-f3350ee39714""}]}"
134783ea-d8ce-4738-98c7-3ccd87d4b1de,"{""rootcause"": [{""@rid"": ""#-1:83b13203-0616-460d-a2a5-1f261e12ff25"", ""title"": ""射频单元CPRI接口异常告警"", ""location"": ""柜号:0; 框号:203; 槽号:0; 端口号:端口1; 端口号:NULL; 类型:MRRU; :CPRI接口异常"", ""reason"": ""566""}]}"
134e29cb-c0ff-4362-aed8-14773a1a0902,"{""rootcause"": [{""@rid"": ""#-1:4310aa4a-d0e3-4fb8-b925-c8e0ba490bed"", ""title"": ""射频单元驻波告警"", ""location"": ""柜号:0; 框号:206; 槽号:0; :1; 类型:MRRU; 告警(0.1):18; (0.1):18; 输出(0.1dBm):359; 端口:NULL"", ""reason"": ""516""}]}"
13518e25-d267-4fe8-886f-b1eff22f7ff7,"{""rootcause"": [{""title"": ""输入电源断"", ""location"": ""SubNetwork=1004,ManagedElement=1400911,Equipment=1,ReplaceableUnit=64"", ""reason"": ""外部掉电"", ""@rid"": ""#-1:9d4bb6b5-aec6-43ab-bc7f-e441e6bdcdd0""}, {""title"": ""输入电源断"", ""location"": ""SubNetwork=1004,ManagedElement=1400911,Equipment=1,ReplaceableUnit=66"", ""reason"": ""外部掉电"", ""@rid"": ""#-1:7fbc67db-aff7-4c27-818b-131bc3608737""}, {""title"": ""输入电源断"", ""location"": ""SubNetwork=1004,ManagedElement=1400911,Equipment=1,ReplaceableUnit=65"", ""reason"": ""外部掉电"", ""@rid"": ""#-1:e31cbd37-89c2-45ae-a054-839aab1a0a13""}]}"
135c7cda-b255-4f4f-884b-69bc9b9b09b7,"{""rootcause"": [{""title"": ""射频单元交流掉电告警"", ""location"": ""柜号:0; 框号:113; 槽号:0; 类型:MRRU"", ""reason"": ""551"", ""@rid"": ""#-1:a027ceb6-a00a-4a29-b58f-78b6fa28605b""}, {""title"": ""射频单元交流掉电告警"", ""location"": ""柜号:0; 框号:112; 槽号:0; 类型:MRRU"", ""reason"": ""551"", ""@rid"": ""#-1:2503f1b7-9ef2-4052-a507-b3854f9f93cf""}, {""title"": ""射频单元交流掉电告警"", ""location"": ""柜号:0; 框号:111; 槽号:0; 类型:MRRU"", ""reason"": ""551"", ""@rid"": ""#-1:ee3da340-e5fb-4626-995e-c8df5757390e""}]}"
1385d3bd-19e1-4702-891c-7e3619157ccf,"{""rootcause"": [{""@rid"": ""#-1:0aa2afd4-0481-46ee-b1c9-bb5bab048121"", ""title"": ""RRU链路断"", ""location"": ""SubNetwork=5300,ManagedElement=295457,Equipment=1,Rack=54,SubRack=1,Slot=1,PlugInUnit=1,SdrDeviceGroup=1"", ""reason"": ""1. BBU和RRU之间或者上下级RRU之间的光纤故障。\n2. RRU光模块或上联的BBU光模块故障。\n3. RRU未供电。\n4. BBU接口单板故障。\n5. RRU故障。\n6. lr端口线速率配置错误。\n7. 单板硬件自检。""}]}"
13b14e33-8e26-4263-a9fc-372bf82cb6d5,"{""rootcause"": [{""title"": ""BBU CPRI接口异常告警"", ""reason"": ""567"", ""location"": ""柜号:0; 框号:0; 槽号:0; 端口号:0; 端口号:0; 类型:UBBP; :"", ""@rid"": ""#-1:9dba8896-f63b-4cfb-a8b1-3bdd1db00de5""}]}"
13b6866d-6c7d-4016-8403-b6b3f0516af7,"{""rootcause"": [{""title"": ""BBU IR接口异常告警"", ""location"": ""柜号:0; 框号:0; 槽号:2; 端口号:1; 端口号:0; 类型:UBBP; :"", ""reason"": ""567"", ""@rid"": ""#-1:a67a9b7c-eb80-4a5a-b2e3-06a880db7f52""}]}"
13e64567-eb3b-4930-8de0-2033caebedcb,"{""rootcause"": [{""title"": ""RRU链路断"", ""location"": ""SubNetwork=1003,ManagedElement=88873,Equipment=1,Rack=51,SubRack=1,Slot=1,PlugInUnit=1,SdrDeviceGroup=1"", ""reason"": ""1. BBU和RRU之间或者上下级RRU之间的光纤故障。2. RRU光模块或上联的BBU光模块故障。3. RRU未供电。4. BBU接口单板故障。5. RRU故障。6. lr端口线速率配置错误。7. 单板硬件自检。"", ""@rid"": ""#-1:76ec7ccb-3768-4066-8289-6acb1bbd8b7f""}, {""title"": ""LTE小区退出服务"", ""location"": ""SubNetwork=1003,ManagedElement=88873,ENBFunctionTDD=88873,EUtranCellTDD=201"", ""reason"": ""1.S1链路故障；2.小区所使用的主控板、基带板或RRU故障；3.小区配置失败；4.时钟失锁；5.业务负荷分担时辅主控板产品进程异常。"", ""@rid"": ""#-1:6d3f8d77-43f1-4f55-ba8a-fd4fc33345cb""}]}"
13ed39bb-e5e6-4592-a1b0-a1db08d8995c,"{""rootcause"": [{""@rid"": ""#-1:5745d280-ad4a-421a-84e4-f3943bc27184"", ""title"": ""小区不可用告警"", ""location"": ""eNodeB名称:(S113510)D5900984732TF-HLW; 本地:135; :TDD; NB-IoT:FALSE; 名称:D5900984732TF-HLW-135; eNodeB:984732; :135; :电源异常"", ""reason"": ""509""}, {""@rid"": ""#-1:c495d0be-6e46-40b9-bbc2-4adf7d2c0d9d"", ""title"": ""小区不可用告警"", ""location"": ""eNodeB名称:(S113510)D5900984732TF-HLW; 本地:134; :TDD; NB-IoT:FALSE; 名称:D5900984732TF-HLW-134; eNodeB:984732; :134; :电源异常"", ""reason"": ""509""}, {""@rid"": ""#-1:3a040345-549e-47fe-80bb-4bb55a7eb536"", ""title"": ""[衍生告警]设备商乙4G小区退服"", ""location"": "":南;\n名称:;\n告警:[告警]4G;\n告警:；2\n告警时间:2025-12-23 10:16:38;"", ""reason"": ""509""}]}"
13f3b640-7da0-4a58-9108-34541c5a6664,"{""rootcause"": [{""@rid"": ""#-1:0064c834-4100-42af-9391-66ff96b1d21b"", ""title"": ""射频单元IR接口异常告警"", ""location"": ""柜号:0; 框号:92; 槽号:0; 端口号:端口0; 类型:MRRU; :IR接口异常"", ""reason"": ""69""}]}"
13f549c2-6cc9-4a87-9f0e-7e1e8726557d,"{""rootcause"": [{""title"": ""单板下电告警"", ""location"": ""柜号:0; 框号:0; 槽号:0; 类型:UBBP; :"", ""reason"": ""718"", ""@rid"": ""#-1:4136ca76-66ee-4938-8781-f8c586636903""}]}"
1435b581-131f-41e0-a90c-1d33e03df141,"{""rootcause"": [{""@rid"": ""#-1:e1b23764-6db9-48d2-8688-e3aeb1271158"", ""title"": ""NR分布单元小区TRP不可用告警"", ""location"": ""gNodeB名称:(6分)D59003673570TF-H5W; NR DUTRP:12; 故障柜号:0; 故障框号:230; 故障槽号:0; 描述:NULL; :异常"", ""reason"": ""509""}]}"
144c3443-4672-4b46-865b-07173fd9498c,"{""rootcause"": [{""title"": ""设备掉电"", ""reason"": ""1. 市电异常。2. 外部供电设备故障。"", ""location"": ""SubNetwork=1003,ManagedElement=495354,Equipment=1,Rack=61,SubRack=1,Slot=1,PlugInUnit=1,SdrDeviceGroup=1"", ""@rid"": ""#-1:57cc076c-8d7e-4d51-9658-251aacf81d22""}, {""title"": ""设备掉电"", ""reason"": ""1. 市电异常。2. 外部供电设备故障。"", ""location"": ""SubNetwork=1003,ManagedElement=495354,Equipment=1,Rack=63,SubRack=1,Slot=1,PlugInUnit=1,SdrDeviceGroup=1"", ""@rid"": ""#-1:765d5266-24ed-426e-9ddb-c68e819ed2f4""}, {""title"": ""设备掉电"", ""reason"": ""1. 市电异常。2. 外部供电设备故障。"", ""location"": ""SubNetwork=1003,ManagedElement=495354,Equipment=1,Rack=65,SubRack=1,Slot=1,PlugInUnit=1,SdrDeviceGroup=1"", ""@rid"": ""#-1:95f43c8e-250b-4c68-8cf0-d507e12e89ae""}, {""title"": ""设备掉电"", ""reason"": ""1. 市电异常。2. 外部供电设备故障。"", ""location"": ""SubNetwork=1003,ManagedElement=495354,Equipment=1,Rack=67,SubRack=1,Slot=1,PlugInUnit=1,SdrDeviceGroup=1"", ""@rid"": ""#-1:3ca8aae1-651a-4efe-8b37-22950ee8b941""}, {""title"": ""设备掉电"", ""reason"": ""1. 市电异常。2. 外部供电设备故障。"", ""location"": ""SubNetwork=1003,ManagedElement=495354,Equipment=1,Rack=69,SubRack=1,Slot=1,PlugInUnit=1,SdrDeviceGroup=1"", ""@rid"": ""#-1:32babd68-d96a-450e-928e-ff858f980e42""}, {""title"": ""设备掉电"", ""reason"": ""1. 市电异常。2. 外部供电设备故障。"", ""location"": ""SubNetwork=1003,ManagedElement=495354,Equipment=1,Rack=70,SubRack=1,Slot=1,PlugInUnit=1,SdrDeviceGroup=1"", ""@rid"": ""#-1:8f3d42c3-a4c1-4f87-8f30-1b9130a8e385""}, {""title"": ""设备掉电"", ""reason"": ""1. 市电异常。2. 外部供电设备故障。"", ""location"": ""SubNetwork=1003,ManagedElement=495354,Equipment=1,Rack=71,SubRack=1,Slot=1,PlugInUnit=1,SdrDeviceGroup=1"", ""@rid"": ""#-1:3d023018-0cd4-4466-9a6c-3a2c4b02af3e""}]}"
1470e7ef-5ea5-46ea-9dec-1ea50e629648,"{""rootcause"": [{""title"": ""BBU CPRI接口异常告警"", ""reason"": ""567"", ""location"": ""柜号:0; 框号:0; 槽号:0; 端口号:1; 端口号:0; 类型:UBBP; :CPRI接口异常"", ""@rid"": ""#-1:402befd1-0ff5-4768-8d9b-7a729ed738da""}, {""title"": ""BBU CPRI接口异常告警"", ""reason"": ""567"", ""location"": ""柜号:0; 框号:0; 槽号:0; 端口号:1; 端口号:0; 类型:UBBP; :"", ""@rid"": ""#-1:5ccf8fe8-02d9-4faf-a6d5-d2b251cad207""}]}"
1482a156-37ed-4c91-9f73-7a7cf9b1e188,"{""rootcause"": [{""title"": ""射频单元交流掉电告警"", ""reason"": ""551"", ""location"": ""柜号:0; 框号:150; 槽号:0; 类型:AIRU"", ""@rid"": ""#-1:3a5d00b2-54b4-4a6e-94d5-397d1f805a1a""}, {""title"": ""射频单元交流掉电告警"", ""reason"": ""551"", ""location"": ""柜号:0; 框号:151; 槽号:0; 类型:AIRU"", ""@rid"": ""#-1:69a067a7-1817-4647-8fb3-39cdc6d277cb""}]}"
14988381-de5b-4ec3-861a-17adc7c0f190,"{""rootcause"": [{""title"": ""输入电源断"", ""location"": ""SubNetwork=1004,ManagedElement=1404638,Equipment=1,ReplaceableUnit=71"", ""reason"": ""输入电源断"", ""@rid"": ""#-1:8c3a0e08-b914-4c8b-b01f-fb2fe7fa20aa""}, {""title"": ""输入电源断"", ""location"": ""SubNetwork=1004,ManagedElement=1404638,Equipment=1,ReplaceableUnit=72"", ""reason"": ""输入电源断"", ""@rid"": ""#-1:133363be-5657-4356-83d0-5894b3203116""}, {""title"": ""输入电源断"", ""location"": ""SubNetwork=1004,ManagedElement=1404638,Equipment=1,ReplaceableUnit=73"", ""reason"": ""输入电源断"", ""@rid"": ""#-1:673abade-4787-4f8d-a603-d000a8857bfa""}]}"
14edf1a7-b36f-4563-81ec-61133b5984da,"{""rootcause"": [{""@rid"": ""#-1:ea80899e-64f8-420b-a06f-07d215042fb8"", ""title"": ""射频单元CPRI接口异常告警"", ""location"": ""柜号:0; 框号:202; 槽号:0; 端口号:端口0; 端口号:NULL; 类型:MRRU; :CPRI接口异常"", ""reason"": ""566""}]}"
152fcd8a-1c7c-4c24-94d3-884d10b94e21,"{""rootcause"": [{""@rid"": ""#-1:23b18c1c-3cbe-466e-8252-8b6d120db5bd"", ""title"": ""射频单元交流掉电告警"", ""location"": ""柜号:0; 框号:181; 槽号:0; 类型:MRRU"", ""reason"": ""551""}]}"
1572806a-42d0-4d98-b90e-b2574c7b75e2,"{""rootcause"": [{""title"": ""RRU链路断"", ""location"": ""SubNetwork=1004,ManagedElement=1433087,Equipment=1,ReplaceableUnit=77"", ""reason"": ""RRU链路断"", ""@rid"": ""#-1:e2d3e129-d215-49b3-a0e1-a618b8315324""}]}"
159b7e68-209e-4889-aa77-ed3eeaed6c60,"{""rootcause"": [{""@rid"": ""#-1:51bb0b6c-cf26-4d80-b8a7-280d051e03b1"", ""title"": ""天馈驻波比异常"", ""location"": ""SubNetwork=5308,ManagedElement=373896,Equipment=1,Rack=60,SubRack=1,Slot=1,PlugInUnit=1,SdrDeviceGroup=1"", ""reason"": ""1. 天馈线缆接头制作不合格、未拧紧、进水或存在金属碎屑等异物。\n2. 天馈线缆存在挤压、弯折，或馈缆损坏。\n3. 射频单元硬件故障。\n4. 天线对着障碍物。\n5. 驻波比告警门限过低。""}]}"
159fcaa1-9676-4d6e-b35e-2905601f99a0,"{""rootcause"": [{""@rid"": ""#-1:eb796437-fc8f-467b-be35-0bd40636cbd1"", ""title"": ""射频单元IR接口异常告警"", ""location"": ""柜号:0; 框号:175; 槽号:0; 端口号:端口0; 类型:MRRU; :IR接口异常"", ""reason"": ""69""}, {""@rid"": ""#-1:d70e70c7-cadd-41e0-9041-2604e74f6f15"", ""title"": ""射频单元IR接口异常告警"", ""location"": ""柜号:0; 框号:175; 槽号:0; 端口号:端口1; 类型:MRRU; :IR接口异常"", ""reason"": ""69""}]}"
15b1f9a1-fe5b-44f7-86f9-7d7cf22b13c6,"{""rootcause"": [{""@rid"": ""#-1:e531fd68-98af-4451-a8cc-7c814de92083"", ""title"": ""设备掉电"", ""location"": ""SubNetwork=5301,ManagedElement=594500,Equipment=1,Rack=61,SubRack=1,Slot=1,PlugInUnit=1,SdrDeviceGroup=1"", ""reason"": ""1. 市电异常。\n2. 外部供电设备故障。""}]}"
15c4c355-baee-4be6-ba07-e6b866b02884,"{""rootcause"": [{""title"": ""RRU链路断"", ""location"": ""SubNetwork=1003,ManagedElement=80740,Equipment=1,Rack=53,SubRack=1,Slot=1,PlugInUnit=1,SdrDeviceGroup=1"", ""reason"": ""1. BBU和RRU之间或者上下级RRU之间的光纤故障。\n2. RRU光模块或上联的BBU光模块故障。\n3. RRU未供电。\n4. BBU接口单板故障。\n5. RRU故障。\n6. lr端口线速率配置错误。\n7. 单板硬件自检。"", ""@rid"": ""#-1:24573d61-9871-4525-b6b0-79caabc776ed""}]}"
15eb3be2-89f5-4507-b21c-b66c576864a3,"{""rootcause"": [{""title"": ""射频单元CPRI接口异常告警"", ""reason"": ""566"", ""location"": ""柜号:0; 框号:176; 槽号:0; 端口号:端口0; 端口号:0; 类型:AIRU; :MAC"", ""@rid"": ""#-1:ddda9a10-6dcd-4b7b-8491-7af8d4323560""}]}"
15f3b500-4fb8-4774-88d0-452e9c5cf835,"{""rootcause"": [{""@rid"": ""#-1:b3ffe84e-6266-466e-9721-5d2e3bede2d5"", ""title"": ""时钟源之间的相位差过大"", ""location"": ""SubNetwork=5309,ManagedElement=295399,Equipment=1,Rack=1,SubRack=1,Slot=2,PlugInUnit=1,SdrDeviceGroup=1"", ""reason"": ""1. 时钟源受干扰。\n2. 时钟源引进设备的时延设置不当。""}, {""@rid"": ""#-1:e7ec7c5a-c326-491e-84c3-fe092a4a337c"", ""title"": ""时钟源之间的相位差过大"", ""location"": ""SubNetwork=5309,ManagedElement=594765,Equipment=1,Rack=1,SubRack=1,Slot=2,PlugInUnit=1,SdrDeviceGroup=1"", ""reason"": ""1. 时钟源受干扰。\n2. 时钟源引进设备的时延设置不当。""}, {""@rid"": ""#-1:6b6988f9-763b-442e-8fe1-38de5ca99dfd"", ""title"": ""时钟源之间的相位差过大"", ""location"": ""SubNetwork=5309,ManagedElement=177877,Equipment=1,Rack=1,SubRack=1,Slot=1,PlugInUnit=1,SdrDeviceGroup=1"", ""reason"": ""1. 时钟源受干扰。\n2. 时钟源引进设备的时延设置不当。""}]}"
16246d8a-dd7f-4f55-bbd1-d0850d827bb7,"{""rootcause"": [{""@rid"": ""#-1:b7402a8b-4550-4acd-aca0-d4d32a4d1f60"", ""title"": ""输入电源断"", ""location"": ""SubNetwork=5305,ManagedElement=2646868,Equipment=1,ReplaceableUnit=53"", ""reason"": ""输入电源断""}]}"
163258e6-595f-487f-a028-2a35d7e40ab1,"{""rootcause"": [{""title"": ""BBU CPRI接口异常告警"", ""reason"": ""567"", ""location"": ""柜号:0; 框号:0; 槽号:4; 端口号:2; 端口号:0; 类型:UBBP; :CPRI接口异常"", ""@rid"": ""#-1:71feddac-9522-4c34-b36f-db4897234a28""}, {""title"": ""射频单元CPRI接口异常告警"", ""reason"": ""566"", ""location"": ""柜号:0; 框号:152; 槽号:0; 端口号:端口1; 端口号:0; 类型:AIRU; :"", ""@rid"": ""#-1:12ac71e6-9acb-418d-8e0b-2dea795064df""}]}"
168f7c2f-3390-41fc-801d-192fd7a3f4e1,"{""rootcause"": [{""@rid"": ""#-1:4fa7c4f7-eeb5-4ab9-8beb-aff2e7ba2f8f"", ""title"": ""射频单元IR接口异常告警"", ""location"": ""柜号:0; 框号:201; 槽号:0; 端口号:端口0; 类型:MRRU; :IR接口异常"", ""reason"": ""69""}]}"
16c02fa5-efee-4418-a7bb-80fd2697f31d,"{""rootcause"": [{""@rid"": ""#-1:4c725a92-e901-48ef-aa4b-73ca94c5ee25"", ""title"": ""射频单元交流掉电告警"", ""location"": ""柜号:0; 框号:201; 槽号:0; 类型:MRRU"", ""reason"": ""551""}]}"
16c51573-76da-44d1-a42a-3aa8f7414156,"{""rootcause"": [{""@rid"": ""#-1:afb28fd1-a50b-4e6c-831a-b685e68feef6"", ""title"": ""射频单元驻波告警"", ""location"": ""柜号:0; 框号:204; 槽号:0; :0; 类型:MRRU; 告警(0.1):20; (0.1):20; 输出(0.1dBm):123; 端口:NULL"", ""reason"": ""516""}]}"
16c53352-a63a-4388-9ef6-f40cb42a19bc,"{""rootcause"": [{""title"": ""射频单元交流掉电告警"", ""location"": ""柜号:0; 框号:95; 槽号:0; 类型:MRRU"", ""reason"": ""551"", ""@rid"": ""#-1:5694dfb6-8be1-4986-a8c9-1fe50e9c1562""}]}"
171c2188-50f8-4363-8702-15b918b55626,"{""rootcause"": [{""@rid"": ""#-1:0ba79a22-7b4d-440b-aa9e-8a00735e63e4"", ""title"": ""射频单元驻波告警"", ""location"": ""柜号:0; 框号:200; 槽号:0; :0; 类型:MRRU; 告警(0.1):30; (0.1):250; 输出(0.1dBm):267; 端口:NULL"", ""reason"": ""516""}]}"
1737a6b2-df94-47e4-9b1d-65eb34679a49,"{""rootcause"": [{""title"": ""RRU链路断"", ""location"": ""SubNetwork=1004,ManagedElement=1404417,Equipment=1,ReplaceableUnit=131"", ""reason"": ""RRU链路断"", ""@rid"": ""#-1:47d0e758-0cbe-4367-b6db-26c62efdc5fc""}]}"
17596dfd-3e40-4087-a518-525371093df1,"{""rootcause"": [{""title"": ""射频单元业务不可用告警"", ""location"": ""eNodeB名称:2-HFM; 本地:57; :FDD; 柜号:0; 框号:152; 槽号:0; NB-IoT:FALSE; eNodeB分:NULL; 名称:2-HFM-FD-57; eNodeB:85658; :57; :电源异常"", ""reason"": ""509"", ""@rid"": ""#-1:5b7695bd-4c12-48ba-a500-cff949298552""}]}"
1767b6c2-9766-4980-8a8e-d4a828cfcf0a,"{""rootcause"": [{""@rid"": ""#-1:a0de29ef-0a23-49a5-9433-9f561c39107e"", ""title"": ""射频单元驻波告警"", ""location"": ""柜号:0; 框号:201; 槽号:0; :0; 类型:MRRU; 告警(0.1):30; (0.1):37; 输出(0.1dBm):338; 端口:NULL"", ""reason"": ""516""}]}"
176847c1-dbef-42a3-a3f0-1ff401491c0a,"{""rootcause"": [{""@rid"": ""#-1:b500896a-436b-438c-a4bc-f5ff41760279"", ""title"": ""射频单元CPRI接口异常告警"", ""location"": ""柜号:0; 框号:200; 槽号:0; 端口号:端口0; 端口号:NULL; 类型:MRRU; :CPRI接口异常"", ""reason"": ""566""}]}"
17946e9a-e4f1-48e8-b360-c65ef44dff22,"{""rootcause"": [{""title"": ""射频单元交流掉电告警"", ""location"": ""柜号:0; 框号:112; 槽号:0; 类型:MRRU"", ""reason"": ""551"", ""@rid"": ""#-1:3a105c8a-9e8f-4f62-8e80-0f15fbd3d2bc""}, {""title"": ""射频单元交流掉电告警"", ""location"": ""柜号:0; 框号:113; 槽号:0; 类型:MRRU"", ""reason"": ""551"", ""@rid"": ""#-1:e559847e-ccc5-479f-b726-298e970c4bb3""}, {""title"": ""射频单元交流掉电告警"", ""location"": ""柜号:0; 框号:111; 槽号:0; 类型:MRRU"", ""reason"": ""551"", ""@rid"": ""#-1:53c7123a-3f03-4a74-a36a-538ca06c7aec""}]}"
17ee4d24-b51e-4f90-ae91-56c78cc16256,"{""rootcause"": [{""@rid"": ""#-1:05aa4fe7-470e-4414-9d66-186fc2ad88cb"", ""title"": ""射频单元驻波告警"", ""location"": ""柜号:0; 框号:90; 槽号:0; :0; 类型:MRRU; 告警(0.1):20; (0.1):20; 输出(0.1dBm):451; 端口:NULL"", ""reason"": ""516""}]}"
17f1a6be-c0c5-464a-88ef-1c1d6a23c58f,"{""rootcause"": [{""@rid"": ""#-1:3d35644f-6b92-4d8e-98ff-7b77bfd5abbf"", ""title"": ""射频单元驻波告警"", ""location"": ""柜号:0; 框号:200; 槽号:0; :0; 类型:MRRU; 告警(0.1):18; (0.1):18; 输出(0.1dBm):313; 端口:NULL"", ""reason"": ""516""}]}"
17f2c939-5dd5-43cf-a946-229eaa53f9fe,"{""rootcause"": [{""@rid"": ""#-1:b2e3b39b-06df-4e0f-887c-fc572aa4819f"", ""title"": ""输入电源断"", ""location"": ""SubNetwork=CMCC-GZ-01,ManagedElement=12783579,Equipment=1,ReplaceableUnit=53"", ""reason"": ""外部掉电""}, {""@rid"": ""#-1:488dffd9-58f8-46be-8e7e-26f7e43d34c2"", ""title"": ""输入电源断"", ""location"": ""SubNetwork=CMCC-GZ-01,ManagedElement=12783579,Equipment=1,ReplaceableUnit=54"", ""reason"": ""外部掉电""}, {""@rid"": ""#-1:bec54ad7-4af8-4a83-8393-56cc3670947b"", ""title"": ""输入电源断"", ""location"": ""SubNetwork=CMCC-GZ-01,ManagedElement=12783579,Equipment=1,ReplaceableUnit=52"", ""reason"": ""外部掉电""}]}"
180fee2f-e14e-496a-bbe6-4964f7c3e864,"{""rootcause"": [{""title"": ""ETH_LOS"", ""location"": ""3-D2EG2-2(PORT-2)-MAC:1"", ""reason"": ""(1)端口已使能但端口的网线或光纤没有连接好；\n(2)网线或光纤故障；\n(3)对端发送部分故障；\n(4)本端接收部分故障。\n(5)灰光光模块与彩光光模块对接，端口可能上ETH_LOS。\n(6)彩光光模块对接，配置不同波长。\n(7)对接端口的传输模式不一致或者FEC模式不一致。"", ""@rid"": ""#-1:a5adae29-24f2-4107-b291-bf3a764bcd9d""}, {""title"": ""ETH_LOS"", ""location"": ""6-D2EG2-1(PORT-1)-MAC:1"", ""reason"": ""(1)端口已使能但端口的网线或光纤没有连接好；\n(2)网线或光纤故障；\n(3)对端发送部分故障；\n(4)本端接收部分故障。\n(5)灰光光模块与彩光光模块对接，端口可能上ETH_LOS。\n(6)彩光光模块对接，配置不同波长。\n(7)对接端口的传输模式不一致或者FEC模式不一致。"", ""@rid"": ""#-1:ec984083-9376-4099-a712-e6d6cc73ea77""}, {""title"": ""ETH_LOS"", ""location"": ""7-TPN1EX4S-3(5G1HM)-MAC:1"", ""reason"": ""(1)端口已使能但端口的网线或光纤没有连接好；\n(2)网线或光纤故障；\n(3)对端发送部分故障；\n(4)本端接收部分故障。\n(5)灰光光模块与彩光光模块对接，端口可能上ETH_LOS。\n(6)彩光光模块对接，配置不同波长。\n(7)对接端口的传输模式不一致或者FEC模式不一致。"", ""@rid"": ""#-1:bf0523cb-2ee7-49a5-868a-e7a77675a644""}]}"
182170fc-dae2-4819-a05f-2ae5a707665a,"{""rootcause"": [{""@rid"": ""#-1:2c754bc4-66b9-4fb2-bac9-c91ed8ce6d48"", ""title"": ""射频单元IR接口异常告警"", ""location"": ""柜号:0; 框号:200; 槽号:0; 端口号:端口1; 类型:MRRU; :IR接口异常"", ""reason"": ""69""}]}"
1839790f-7bef-431f-9b53-e934a500b367,"{""rootcause"": [{""title"": ""网元连接中断"", ""location"": ""网元名称:4G时1HM; 网元IP地址:10.151.0.6; 网元IP地址(IP Mode):NULL; 端口:6007; 错误:N/A; 信息:端口时; 分:MediationService5507; OMC IP:10.224.27.33"", ""reason"": ""718"", ""@rid"": ""#-1:89c2c694-4416-4ce7-a86c-a483f9d66afa""}, {""title"": ""网元连接中断"", ""location"": ""网元名称:时1-H5W; 网元IP地址:10.179.10.22; 网元IP地址(IP Mode):NULL; 端口:6007; 错误:N/A; 信息:端口时; 分:MediationService5707; OMC IP:10.224.27.35"", ""reason"": ""718"", ""@rid"": ""#-1:6d462f31-1e16-4890-b7fe-515198a5b810""}]}"
189fb890-a297-478c-9bb4-fa5f3e8b312e,"{""rootcause"": [{""@rid"": ""#-1:6de0cf09-4d68-474d-ba21-cb72b5043f77"", ""title"": ""射频单元驻波告警"", ""location"": ""柜号:0; 框号:207; 槽号:0; :0; 类型:MRRU; 告警(0.1):18; (0.1):18; 输出(0.1dBm):334; 端口:NULL"", ""reason"": ""516""}]}"
18bb775d-0d87-49eb-894c-b90741f8b26d,"{""rootcause"": [{""@rid"": ""#-1:914ba9f1-469a-4cba-b768-20dd60b60f58"", ""title"": ""射频单元交流掉电告警"", ""location"": ""柜号:0; 框号:208; 槽号:0; 类型:MRRU"", ""reason"": ""551""}, {""@rid"": ""#-1:2cd3fe8e-617a-4009-bab1-6f53133e0e0c"", ""title"": ""射频单元交流掉电告警"", ""location"": ""柜号:0; 框号:207; 槽号:0; 类型:MRRU"", ""reason"": ""551""}, {""@rid"": ""#-1:b3133dbc-306a-4001-b9dc-7473de89a0c5"", ""title"": ""射频单元交流掉电告警"", ""location"": ""柜号:0; 框号:206; 槽号:0; 类型:MRRU"", ""reason"": ""551""}]}"
1920340c-0cbe-4d86-8ad3-363c38ca35c7,"{""rootcause"": [{""title"": ""射频单元时钟异常告警"", ""location"": ""柜号:0; 框号:150; 槽号:0; 类型:MRRU"", ""reason"": ""509"", ""@rid"": ""#-1:63787849-696f-40ba-ab6e-287a0f7404f4""}]}"
194d09b6-faec-44b1-8bcd-1f11f48256a0,"{""rootcause"": [{""@rid"": ""#-1:c1e1d677-e4b6-4a90-9903-aa15a5f42ddb"", ""title"": ""时钟端口输出异常"", ""location"": ""sbn=7310,NodeMe=461874,Equipment=1,rack=1,shelf=1,board=7"", ""reason"": ""1. 端口输出的1PPS异常。\n2. 端口输出的TOD异常。""}]}"
19536093-9e7a-4c2d-8000-17f7950f847e,"{""rootcause"": [{""title"": ""设备掉电"", ""location"": ""SubNetwork=1003,ManagedElement=17176,Equipment=1,Rack=52,SubRack=1,Slot=1,PlugInUnit=1,SdrDeviceGroup=1"", ""reason"": ""1. 市电异常。\n2. 外部供电设备故障。"", ""@rid"": ""#-1:cd165871-ce3a-4a09-a82b-c31327955b19""}]}"
196d8d42-4ad2-403a-b4af-82ce0f3ec24f,"{""rootcause"": [{""@rid"": ""#-1:ca86cc35-2642-431b-80b1-6cca122b5695"", ""title"": ""以太网物理接口(ETPI) 信号丢失(LOS)"", ""location"": ""PXGA[0-1-17]-10GE\\:4"", ""reason"": ""以太网物理接口(ETPI) 信号丢失(LOS)""}, {""@rid"": ""#-1:fadd9a14-9ab6-40e0-8981-7338dca2b22e"", ""title"": ""[衍生告警]PTN光缆中断，单报LOS"", ""location"": ""R8EGF[0-1-5]-GE\\:1"", ""reason"": ""以太网物理接口(ETPI) 信号丢失(LOS)""}]}"
19a38d97-1db6-41d1-8650-617491be3a99,"{""rootcause"": [{""title"": ""输入电源断"", ""location"": ""SubNetwork=1004,ManagedElement=1395222,Equipment=1,ReplaceableUnit=64"", ""reason"": ""外部掉电"", ""@rid"": ""#-1:e01890d2-b10e-492e-a81f-3731f9fdcbd8""}, {""title"": ""输入电源断"", ""location"": ""SubNetwork=1004,ManagedElement=1395222,Equipment=1,ReplaceableUnit=65"", ""reason"": ""外部掉电"", ""@rid"": ""#-1:677ad987-e81f-4f7e-8aca-3a95ce1098fb""}, {""title"": ""输入电源断"", ""location"": ""SubNetwork=1004,ManagedElement=1395222,Equipment=1,ReplaceableUnit=66"", ""reason"": ""外部掉电"", ""@rid"": ""#-1:2868cf35-ee08-4d28-a7c2-e0908785c60c""}]}"
19abd854-cfb8-4e29-ae3c-12fcd43fec49,"{""rootcause"": [{""@rid"": ""#-1:4d5d3358-cea6-48e7-bc78-d6625e516a3d"", ""title"": ""设备掉电"", ""location"": ""sbn=7310,NodeMe=474497,Equipment=1,rack=53,shelf=1,board=1"", ""reason"": ""1. 市电异常。\n2. 外部供电设备故障。""}]}"
19c2db08-b083-47d2-8d1f-cf1c564d0064,"{""rootcause"": [{""title"": ""射频单元交流掉电告警"", ""location"": ""柜号:0; 框号:206; 槽号:0; 类型:MRRU"", ""reason"": ""551"", ""@rid"": ""#-1:ec4416f8-761f-416b-9efa-35d84ae00977""}, {""title"": ""射频单元交流掉电告警"", ""location"": ""柜号:0; 框号:157; 槽号:0; 类型:MRRU"", ""reason"": ""551"", ""@rid"": ""#-1:e09f3b59-35fa-4b5f-8f19-3cb4536e7223""}]}"
1a9fd6c1-47c2-4ded-9c69-0eee7bb1158c,"{""rootcause"": [{""@rid"": ""#-1:0950091f-e944-4c02-8aab-16e33ceec15b"", ""title"": ""输入电源断"", ""location"": ""SubNetwork=5301,ManagedElement=2659779,Equipment=1,ReplaceableUnit=51"", ""reason"": ""输入电源断""}]}"
1b19be0d-e9ff-45c7-b3ae-30c13e5e2edb,"{""rootcause"": [{""title"": ""输入电源断"", ""location"": ""SubNetwork=1004,ManagedElement=1426513,Equipment=1,ReplaceableUnit=71"", ""reason"": ""输入电源断"", ""@rid"": ""#-1:e7860a5c-886e-4dd3-9e2f-d28885168e98""}, {""title"": ""输入电源断"", ""location"": ""SubNetwork=1004,ManagedElement=1426513,Equipment=1,ReplaceableUnit=72"", ""reason"": ""输入电源断"", ""@rid"": ""#-1:ef62309c-e6fd-423b-9140-e24da494b837""}, {""title"": ""输入电源断"", ""location"": ""SubNetwork=1004,ManagedElement=1426513,Equipment=1,ReplaceableUnit=73"", ""reason"": ""输入电源断"", ""@rid"": ""#-1:4074b2dd-c76c-4a55-9cf8-b5e6f1317dec""}]}"
1b1c3dab-f52f-4643-8cb9-e75cd1b4dbf7,"{""rootcause"": [{""title"": ""输入电源断"", ""reason"": ""输入电源断"", ""location"": ""SubNetwork=1004,ManagedElement=1402853,Equipment=1,ReplaceableUnit=74"", ""@rid"": ""#-1:ebac27d2-ceac-4749-9c4d-924def67bdff""}, {""title"": ""输入电源断"", ""reason"": ""输入电源断"", ""location"": ""SubNetwork=1004,ManagedElement=1402853,Equipment=1,ReplaceableUnit=75"", ""@rid"": ""#-1:52c31326-e3c9-4d1c-96dd-1a307f9482c7""}, {""title"": ""输入电源断"", ""reason"": ""输入电源断"", ""location"": ""SubNetwork=1004,ManagedElement=1402853,Equipment=1,ReplaceableUnit=76"", ""@rid"": ""#-1:23a3a120-27ca-4333-8701-f462f3b20366""}]}"
1b3d0a63-136f-40be-8dea-64a5838ce911,"{""rootcause"": [{""title"": ""设备掉电"", ""location"": ""SubNetwork=1003,ManagedElement=495554,Equipment=1,Rack=57,SubRack=1,Slot=1,PlugInUnit=1,SdrDeviceGroup=1"", ""reason"": ""1. 市电异常。\n2. 外部供电设备故障。"", ""@rid"": ""#-1:5d3fd8c1-a873-4589-9c78-e3ceee1573f7""}, {""title"": ""设备掉电"", ""location"": ""SubNetwork=1003,ManagedElement=495554,Equipment=1,Rack=56,SubRack=1,Slot=1,PlugInUnit=1,SdrDeviceGroup=1"", ""reason"": ""1. 市电异常。\n2. 外部供电设备故障。"", ""@rid"": ""#-1:858fcbba-1b67-4631-acef-daa4e4598a7e""}, {""title"": ""设备掉电"", ""location"": ""SubNetwork=1003,ManagedElement=495554,Equipment=1,Rack=53,SubRack=1,Slot=1,PlugInUnit=1,SdrDeviceGroup=1"", ""reason"": ""1. 市电异常。\n2. 外部供电设备故障。"", ""@rid"": ""#-1:6f07c0b0-748b-477e-931a-6876799e8a8c""}, {""title"": ""设备掉电"", ""location"": ""SubNetwork=1003,ManagedElement=495554,Equipment=1,Rack=51,SubRack=1,Slot=1,PlugInUnit=1,SdrDeviceGroup=1"", ""reason"": ""1. 市电异常。\n2. 外部供电设备故障。"", ""@rid"": ""#-1:64ac3ab6-fddf-4ee1-924d-9bff789646bc""}]}"
1b4053b3-dd5f-4043-a1c8-f4aba839b7f0,"{""rootcause"": [{""@rid"": ""#-1:d2dd236f-135a-4f25-ad42-93517113bfbd"", ""title"": ""射频单元IR接口异常告警"", ""location"": ""柜号:0; 框号:200; 槽号:0; 端口号:端口0; 类型:MRRU; :IR接口异常"", ""reason"": ""69""}]}"
1b95fe40-759f-42e3-b54c-c963d7885e35,"{""rootcause"": [{""title"": ""单板电源关断"", ""reason"": ""1. 单板过温。\n2. 单板过流。\n3. OMC发起关断。\n4. 软件异常关电。"", ""location"": ""SubNetwork=1002,ManagedElement=82367,Equipment=1,Rack=1,SubRack=1,Slot=3,PlugInUnit=1,SdrDeviceGroup=1"", ""@rid"": ""#-1:6bac9666-8a31-49df-b194-dfccf7f15c72""}, {""title"": ""输入电压异常"", ""reason"": ""过压：外部电源系统的输入电压超过高门限。\n欠压：外部电源系统的输入电压低于低门限，可能原因包括：市电供电不够，空开容量不够，电源线线径不够，电源线过长等。\n掉电：外部电源系统的输入电压中断。\n供电能力不足：外部电源柜或者蓄电池带载能力不足，欠压导致定标失败，上报供电能力不足。可能原因包括市电供电不够，空开容量不够，电源线线径不够，电源线过长等。"", ""location"": ""SubNetwork=1002,ManagedElement=82367,Equipment=1,Rack=1,SubRack=1,Slot=17,PlugInUnit=1,SdrDeviceGroup=1"", ""@rid"": ""#-1:1e3d2519-8eb7-4033-b486-5d6b332df475""}]}"
1ba982fd-f7c8-4908-b850-a011f17331e5,"{""rootcause"": [{""@rid"": ""#-1:54e59ec5-3da2-4398-93a6-f5f4a0a034e3"", ""title"": ""小区不可用告警"", ""location"": ""eNodeB名称:HL-D3900461971PT; 本地:41; :TDD; NB-IoT:FALSE; 名称:()D3900461971TF-HLW-41; eNodeB:461971; :41; :异常"", ""reason"": ""509""}, {""@rid"": ""#-1:486f5b0c-811e-4d43-b4ed-64ba8c0e1f79"", ""title"": ""[衍生告警]设备商乙4G小区退服"", ""location"": "":南;\n名称:;\n告警:[告警]4G;\n告警:；2\n告警时间:2025-12-23 20:03:15;"", ""reason"": ""509""}]}"
1c042def-5742-47ec-a8d6-3c2f8cdbf320,"{""rootcause"": [{""title"": ""BBU IR接口异常告警"", ""location"": ""柜号:0; 框号:0; 槽号:2; 端口号:1; 端口号:0; 类型:UBBP; :"", ""reason"": ""567"", ""@rid"": ""#-1:79ec05c3-534f-4410-9917-1f6d4645d68a""}]}"
1c41eb79-7fed-4cbe-bffe-c6b1edc09cfc,"{""rootcause"": [{""title"": ""输入电源断"", ""location"": ""SubNetwork=1004,ManagedElement=1393293,Equipment=1,ReplaceableUnit=61"", ""reason"": ""外部掉电"", ""@rid"": ""#-1:81ecf9bd-de8b-409b-b433-efc60ca7956c""}, {""title"": ""输入电源断"", ""location"": ""SubNetwork=1004,ManagedElement=1393293,Equipment=1,ReplaceableUnit=62"", ""reason"": ""外部掉电"", ""@rid"": ""#-1:77ad0b1d-8e3a-440d-bdf3-8ab80fecc8d7""}, {""title"": ""输入电源断"", ""location"": ""SubNetwork=1004,ManagedElement=1393293,Equipment=1,ReplaceableUnit=63"", ""reason"": ""外部掉电"", ""@rid"": ""#-1:6258ac8d-8151-4417-99cf-6c47b307d2d1""}]}"
1cb5b90a-65c0-4c37-b9ed-eeefbeb3ae8c,"{""rootcause"": [{""@rid"": ""#-1:cb888744-d44c-4dc7-b0b3-f242e571df20"", ""title"": ""射频单元CPRI接口异常告警"", ""location"": ""柜号:0; 框号:205; 槽号:0; 端口号:端口0; 端口号:NULL; 类型:MRRU; :CPRI接口异常"", ""reason"": ""566""}]}"
1cd1e77c-b6ce-465a-bedb-9db35945af79,"{""rootcause"": [{""@rid"": ""#-1:430b3cb7-e687-4bba-abb2-8249b990c848"", ""title"": ""射频单元驻波告警"", ""location"": ""柜号:0; 框号:61; 槽号:0; :1; 类型:MRRU; 告警(0.1):18; (0.1):250; 输出(0.1dBm):306; 端口:NULL"", ""reason"": ""516""}]}"
1ce7166a-45c4-454c-8e77-ad38684d72a1,"{""rootcause"": [{""@rid"": ""#-1:de018627-dc35-4227-bd0d-1b2b2c6d48a5"", ""title"": ""设备掉电"", ""location"": ""SubNetwork=6,ManagedElement=706410,Equipment=1,Rack=60,SubRack=1,Slot=1,PlugInUnit=1,SdrDeviceGroup=1"", ""reason"": ""1. 市电异常。\n2. 外部供电设备故障。""}]}"
1ce8624e-bdb3-4ab4-9dac-9e520bf28a0c,"{""rootcause"": [{""title"": ""射频单元直流掉电告警"", ""location"": ""柜号:0; 框号:151; 槽号:0; 类型:AIRU"", ""reason"": ""551"", ""@rid"": ""#-1:31f99738-a6b1-482f-87d0-9c5caff85311""}]}"
1ceffef4-4bc3-4760-a9ae-d35474900aad,"{""rootcause"": [{""title"": ""RRU链路断"", ""location"": ""SubNetwork=1003,ManagedElement=80588,Equipment=1,Rack=51,SubRack=1,Slot=1,PlugInUnit=1,SdrDeviceGroup=1"", ""reason"": ""1. BBU和RRU之间或者上下级RRU之间的光纤故障。\n2. RRU光模块或上联的BBU光模块故障。\n3. RRU未供电。\n4. BBU接口单板故障。\n5. RRU故障。\n6. lr端口线速率配置错误。\n7. 单板硬件自检。"", ""@rid"": ""#-1:86737765-4701-4b66-a9fa-58fa24444667""}]}"
1d06d4dd-1983-4da4-bda2-4bafa9acf45a,"{""rootcause"": [{""title"": ""射频单元直流掉电告警"", ""reason"": ""551"", ""location"": ""柜号:0; 框号:150; 槽号:0; 类型:MRRU"", ""@rid"": ""#-1:aee76f70-6961-4f17-bb7b-0b38744322c0""}, {""title"": ""射频单元直流掉电告警"", ""reason"": ""551"", ""location"": ""柜号:0; 框号:151; 槽号:0; 类型:MRRU"", ""@rid"": ""#-1:c0134f04-4534-4f3e-bd5f-a8bbdbae4a72""}, {""title"": ""射频单元直流掉电告警"", ""reason"": ""551"", ""location"": ""柜号:0; 框号:152; 槽号:0; 类型:MRRU"", ""@rid"": ""#-1:449195ba-76be-4af1-99df-e7ae2c1d6f75""}]}"
1d4b0ec0-4424-4e36-9dc0-7c6be3327838,"{""rootcause"": [{""title"": ""BBU CPRI接口异常告警"", ""reason"": ""567"", ""location"": ""柜号:0; 框号:0; 槽号:0; 端口号:2; 端口号:0; 类型:UBBP; :"", ""@rid"": ""#-1:c70b32d5-c714-4586-b4b4-3f9482597080""}, {""title"": ""BBU CPRI接口异常告警"", ""reason"": ""567"", ""location"": ""柜号:0; 框号:0; 槽号:0; 端口号:3; 端口号:0; 类型:UBBP; :"", ""@rid"": ""#-1:fbbe0fda-f3f0-45b5-99b9-29c50cfe0bb3""}]}"
1d803eae-9400-40b1-966e-0854c8e1d79e,"{""rootcause"": [{""@rid"": ""#-1:d8157105-123c-4105-acd2-0cb687a4f5df"", ""title"": ""射频单元驻波告警"", ""location"": ""柜号:0; 框号:202; 槽号:0; :0; 类型:MRRU; 告警(0.1):20; (0.1):28; 输出(0.1dBm):329; 端口:NULL"", ""reason"": ""516""}]}"
1d898400-50f3-4a6f-ae2e-54ce26245f2a,"{""rootcause"": [{""title"": ""BBU CPRI接口异常告警"", ""reason"": ""567"", ""location"": ""柜号:0; 框号:0; 槽号:3; 端口号:1; 端口号:0; 类型:UBBP; :"", ""@rid"": ""#-1:d5a82a1d-896b-436d-95c6-e6b57a1109d8""}, {""title"": ""BBU IR接口异常告警"", ""reason"": ""567"", ""location"": ""柜号:0; 框号:0; 槽号:1; 端口号:0; 端口号:0; 类型:UBBP; :"", ""@rid"": ""#-1:5c4098bc-52ef-440a-af5a-c6013a25cbfc""}, {""title"": ""BBU IR接口异常告警"", ""reason"": ""567"", ""location"": ""柜号:0; 框号:0; 槽号:1; 端口号:1; 端口号:0; 类型:UBBP; :"", ""@rid"": ""#-1:0c121b2b-8da2-4b8c-af2c-d627a15a49df""}, {""title"": ""BBU IR接口异常告警"", ""reason"": ""567"", ""location"": ""柜号:0; 框号:0; 槽号:1; 端口号:2; 端口号:0; 类型:UBBP; :"", ""@rid"": ""#-1:6e6e6da6-9b6d-4953-8084-3f18f5b5d5dc""}, {""title"": ""BBU IR接口异常告警"", ""reason"": ""567"", ""location"": ""柜号:0; 框号:0; 槽号:4; 端口号:1; 端口号:0; 类型:UBBP; :"", ""@rid"": ""#-1:aa8467d4-1afd-4299-9b22-34ce8936bc09""}, {""title"": ""IP时钟链路异常告警"", ""reason"": ""506"", ""location"": ""链路:0; 服务器IP地址:NULL"", ""@rid"": ""#-1:a943fd77-4247-4b1f-b97d-0ed79926143b""}]}"
1daa021d-47d8-4fc3-b4a4-4cba4c5d79e5,"{""rootcause"": [{""@rid"": ""#-1:c7d05ea7-9916-4fb8-9309-5a3597ddc9e7"", ""title"": ""射频单元时钟异常告警"", ""location"": ""柜号:0; 框号:200; 槽号:0; 类型:AIRU"", ""reason"": ""509""}]}"
1dbb3d31-72e8-4f54-bab0-e2eb615aac3e,"{""rootcause"": [{""@rid"": ""#-1:4b3741f4-6327-4363-b76c-4bc4cbaa3d34"", ""title"": ""光模块接收光功率异常"", ""location"": ""sbn=7312,NodeMe=471493,Equipment=1,rack=51,shelf=1,board=1"", ""reason"": ""1. 光纤损坏。\n2. 光模块老化。\n3. 光纤实际长度大于光模块支持的长度。""}]}"
1ddc728a-6d15-4f4e-be7a-c4a9b5dd13cf,"{""rootcause"": [{""title"": ""RRU链路断"", ""location"": ""SubNetwork=1004,ManagedElement=1404635,Equipment=1,ReplaceableUnit=71"", ""reason"": ""RRU链路断"", ""@rid"": ""#-1:90a96a03-d9a7-45ab-aa5f-fefe8d904281""}]}"
1dec2698-e921-4850-a5f1-2f06bd6a41e7,"{""rootcause"": [{""title"": ""BBU CPRI接口异常告警"", ""reason"": ""567"", ""location"": ""柜号:0; 框号:0; 槽号:1; 端口号:2; 端口号:0; 类型:UBBP; :CPRI接口异常"", ""@rid"": ""#-1:1d840740-fb3b-4ee6-8825-366166e75293""}]}"
1dfae2ed-8c6b-4256-a478-a8cbb7536ab5,"{""rootcause"": [{""@rid"": ""#-1:b1c769ee-d284-4a95-b692-254d58d142c8"", ""title"": ""射频单元交流掉电告警"", ""location"": ""柜号:0; 框号:200; 槽号:0; 类型:MRRU"", ""reason"": ""551""}]}"
1e021235-1577-4817-bbcd-d831d5ba0464,"{""rootcause"": [{""@rid"": ""#-1:cf3f3f5c-107c-4214-846a-2e8b645d4634"", ""title"": ""设备掉电"", ""location"": ""SubNetwork=5302,ManagedElement=180100,Equipment=1,Rack=59,SubRack=1,Slot=1,PlugInUnit=1,SdrDeviceGroup=1"", ""reason"": ""1. 市电异常。\n2. 外部供电设备故障。""}, {""@rid"": ""#-1:15df5cb7-bb24-474e-80af-1e6e712af82c"", ""title"": ""设备掉电"", ""location"": ""SubNetwork=5302,ManagedElement=180100,Equipment=1,Rack=58,SubRack=1,Slot=1,PlugInUnit=1,SdrDeviceGroup=1"", ""reason"": ""1. 市电异常。\n2. 外部供电设备故障。""}, {""@rid"": ""#-1:8efea4da-b6c3-4af3-8f78-d5996c69dff8"", ""title"": ""设备掉电"", ""location"": ""SubNetwork=5302,ManagedElement=180100,Equipment=1,Rack=60,SubRack=1,Slot=1,PlugInUnit=1,SdrDeviceGroup=1"", ""reason"": ""1. 市电异常。\n2. 外部供电设备故障。""}, {""@rid"": ""#-1:652da1a3-f8bd-4fb4-b9b8-2e57b19519bf"", ""title"": ""设备掉电"", ""location"": ""SubNetwork=5302,ManagedElement=180100,Equipment=1,Rack=57,SubRack=1,Slot=1,PlugInUnit=1,SdrDeviceGroup=1"", ""reason"": ""1. 市电异常。\n2. 外部供电设备故障。""}]}"
1ed5f849-36f0-4a85-a2db-d6edcaad410a,"{""rootcause"": [{""title"": ""射频单元直流掉电告警"", ""location"": ""柜号:0; 框号:151; 槽号:0; 类型:AIRU"", ""reason"": ""551"", ""@rid"": ""#-1:ff0bb21c-f272-41e3-b1a3-46af06270f31""}]}"
1f0e66d4-45d4-471c-964c-f9003486f88d,"{""rootcause"": [{""@rid"": ""#-1:63fbe014-a141-4c88-b91c-db0382ac9dd0"", ""title"": ""射频单元CPRI接口异常告警"", ""location"": ""柜号:0; 框号:70; 槽号:0; 端口号:端口1; 端口号:NULL; 类型:MRRU; :CPRI接口异常"", ""reason"": ""566""}, {""@rid"": ""#-1:7ba1dada-da58-49c2-98cc-ea28206f4dac"", ""title"": ""射频单元CPRI接口异常告警"", ""location"": ""柜号:0; 框号:71; 槽号:0; 端口号:端口1; 端口号:NULL; 类型:MRRU; :CPRI接口异常"", ""reason"": ""566""}]}"
1f10e213-6723-4011-a5f0-ee492c872467,"{""rootcause"": [{""title"": ""RRU链路断"", ""location"": ""SubNetwork=1003,ManagedElement=91955,Equipment=1,Rack=56,SubRack=1,Slot=1,PlugInUnit=1,SdrDeviceGroup=1"", ""reason"": ""1. BBU和RRU之间或者上下级RRU之间的光纤故障。\n2. RRU光模块或上联的BBU光模块故障。\n3. RRU未供电。\n4. BBU接口单板故障。\n5. RRU故障。\n6. lr端口线速率配置错误。\n7. 单板硬件自检。"", ""@rid"": ""#-1:19cbbcbe-1467-468e-8c4f-b95883ce5649""}]}"
1f20782e-7e60-4156-9975-967db34e1f7b,"{""rootcause"": [{""@rid"": ""#-1:24dfb3b7-13a5-4b5a-a93a-ca9ff949130e"", ""title"": ""输入电源断"", ""location"": ""SubNetwork=5305,ManagedElement=2646192,Equipment=1,ReplaceableUnit=51"", ""reason"": ""外部掉电""}, {""@rid"": ""#-1:659a2724-a917-4373-8617-ca3ebb63d39c"", ""title"": ""设备掉电"", ""location"": ""SubNetwork=5300,ManagedElement=595138,Equipment=1,Rack=59,SubRack=1,Slot=1,PlugInUnit=1,SdrDeviceGroup=1"", ""reason"": ""1. 市电异常。\n2. 外部供电设备故障。""}]}"
1f3c0163-b8b3-4aca-838c-b8673797b346,"{""rootcause"": [{""title"": ""输入电源断"", ""location"": ""SubNetwork=1004,ManagedElement=1396928,Equipment=1,ReplaceableUnit=66"", ""reason"": ""外部掉电"", ""@rid"": ""#-1:0c013ea6-d276-4149-b595-8f8b110fa351""}, {""title"": ""输入电源断"", ""location"": ""SubNetwork=1004,ManagedElement=1396928,Equipment=1,ReplaceableUnit=64"", ""reason"": ""外部掉电"", ""@rid"": ""#-1:b18e1c60-ca57-4ea0-9bfe-ad0b35b28780""}, {""title"": ""输入电源断"", ""location"": ""SubNetwork=1004,ManagedElement=1396928,Equipment=1,ReplaceableUnit=65"", ""reason"": ""外部掉电"", ""@rid"": ""#-1:135cf604-d1a0-4e59-8384-8ab9183be4be""}]}"
1f8bfeae-3217-4184-b752-b25386eae567,"{""rootcause"": [{""@rid"": ""#-1:3ff22dc3-a72e-4f3f-9194-79e023ffcf0c"", ""title"": ""射频单元直流掉电告警"", ""location"": ""柜号:0; 框号:151; 槽号:0; 类型:AIRU"", ""reason"": ""551""}]}"
1fd294f1-879e-4391-b33f-7a9ca9ab1e1e,"{""rootcause"": [{""@rid"": ""#-1:8fe2c780-9f81-4099-8926-2bbd2c4d1077"", ""title"": ""LTE小区退出服务"", ""location"": ""SubNetwork=CMCC-GZ-04,ManagedElement=12584876,ENBCUCPFunction=690195-460-00,CULTE=1,CUEUtranCellTDDLTE=3"", ""reason"": ""小区配置失败导致""}, {""@rid"": ""#-1:debc2fbc-cee6-4b19-84c1-2ddcb84df74d"", ""title"": ""[衍生告警]设备商甲4G小区退服"", ""location"": "":东;\n名称:;\n告警:[告警]4G;\n告警:；2\n告警时间:2025-12-23 13:12:02;"", ""reason"": ""小区配置失败导致""}]}"
20134523-f876-49db-8637-452c55e6b532,"{""rootcause"": [{""title"": ""射频单元交流掉电告警"", ""location"": ""柜号:0; 框号:200; 槽号:0; 类型:MRRU"", ""reason"": ""551"", ""@rid"": ""#-1:1696ce43-a8d7-4113-ab9c-20382150c66e""}]}"
2035f98e-9a32-4f18-96e8-3f7f15c800a0,"{""rootcause"": [{""@rid"": ""#-1:621ea1ca-ac70-4014-8789-e23654afef89"", ""title"": ""光口接收链路故障"", ""location"": ""SubNetwork=5309,ManagedElement=295404,Equipment=1,Rack=1,SubRack=1,Slot=10,PlugInUnit=1,SdrDeviceGroup=1,FiberDeviceSet=1,FiberDevice=2"", ""reason"": ""1. 光纤/电缆损坏；\n2. 光纤/电缆端面污染；\n3. 本端或对端光/电模块或光纤/电缆没插好；\n4. 对端设备的光/电模块损坏；\n5. 光纤实际长度大于光模块支持的长度；\n6. 本端、对端的光模块速率不匹配；\n7. 对端设备工作异常。""}, {""@rid"": ""#-1:1a352cb3-e64d-4e2b-be05-fc25ed0aa9dd"", ""title"": ""设备掉电"", ""location"": ""SubNetwork=5309,ManagedElement=295404,Equipment=1,Rack=58,SubRack=1,Slot=1,PlugInUnit=1,SdrDeviceGroup=1"", ""reason"": ""1. 市电异常。\n2. 外部供电设备故障。""}, {""@rid"": ""#-1:f3973999-ad39-4085-9b45-9a9fdbda7625"", ""title"": ""设备掉电"", ""location"": ""SubNetwork=5309,ManagedElement=295404,Equipment=1,Rack=57,SubRack=1,Slot=1,PlugInUnit=1,SdrDeviceGroup=1"", ""reason"": ""1. 市电异常。\n2. 外部供电设备故障。""}]}"
204afe17-6392-4891-b53d-9a891c147d94,"{""rootcause"": [{""title"": ""BBU CPRI接口异常告警"", ""location"": ""柜号:0; 框号:0; 槽号:3; 端口号:5; 端口号:0; 类型:UBBP; :CPRI接口异常"", ""reason"": ""567"", ""@rid"": ""#-1:3d3e5495-9efe-42b9-94fc-eb614fbe0480""}, {""title"": ""BBU CPRI接口异常告警"", ""location"": ""柜号:0; 框号:0; 槽号:3; 端口号:4; 端口号:0; 类型:UBBP; :"", ""reason"": ""567"", ""@rid"": ""#-1:6c0190c5-e76f-455f-b005-7f754a9c2645""}, {""title"": ""BBU CPRI接口异常告警"", ""location"": ""柜号:0; 框号:0; 槽号:3; 端口号:3; 端口号:0; 类型:UBBP; :"", ""reason"": ""567"", ""@rid"": ""#-1:94d05519-9df6-446f-8c0a-4cc9cb1ffad9""}]}"
205b680e-68ec-4484-ba23-0c8ae6530ad5,"{""rootcause"": [{""@rid"": ""#-1:ea56628f-0900-4f6c-bb89-7b0996f39181"", ""title"": ""没有可用的空口时钟源"", ""location"": ""SubNetwork=5306,ManagedElement=832117,Equipment=1,Rack=1,SubRack=1,Slot=1,PlugInUnit=1,SdrDeviceGroup=1"", ""reason"": ""1. 未配置空口时钟源或者时钟源配置错误。\n2. 空口时钟源均锁不定（时钟源干扰严重，超出晶振调节限值；或晶振故障）。""}]}"
2083a6ce-3b2b-47fe-9176-5cc6ef0b54ed,"{""rootcause"": [{""@rid"": ""#-1:9c69926c-bbc2-45ff-861a-183e51e9d4bc"", ""title"": ""射频单元IR接口异常告警"", ""location"": ""柜号:0; 框号:232; 槽号:0; 端口号:端口0; 类型:MRRU; :IR接口异常"", ""reason"": ""69""}]}"
208b5234-d29d-412a-b437-b30c9fecf438,"{""rootcause"": [{""@rid"": ""#-1:c5431a4c-6792-4090-b80c-06760f17f86c"", ""title"": ""以太网物理接口(ETPI) 信号丢失(LOS)"", ""location"": ""PGECT1[0-1-11]-GE\\:4(KA-机房-217)"", ""reason"": ""以太网物理接口(ETPI) 信号丢失(LOS)""}, {""@rid"": ""#-1:74d341b4-4c40-4cae-8f2d-2db7f117f2a1"", ""title"": ""以太网物理接口(ETPI) 信号丢失(LOS)"", ""location"": ""PXGCT1[0-1-10]-10GE\\:3"", ""reason"": ""以太网物理接口(ETPI) 信号丢失(LOS)""}, {""@rid"": ""#-1:57232358-9625-4b9b-98d9-70d6ab2024d4"", ""title"": ""以太网物理接口(ETPI) 信号丢失(LOS)"", ""location"": ""PXGC12T1[0-1-11]-10GE\\:10"", ""reason"": ""以太网物理接口(ETPI) 信号丢失(LOS)""}]}"
20c3e038-db7c-42d2-b8e9-1a38d84059f6,"{""rootcause"": [{""@rid"": ""#-1:74d72d7c-1843-423a-9fc8-4a9a81ce6f10"", ""title"": ""射频单元直流掉电告警"", ""location"": ""柜号:0; 框号:63; 槽号:0; 类型:MRRU"", ""reason"": ""551""}, {""@rid"": ""#-1:f4c28dad-8f36-4057-b30e-b63ed4afd2f3"", ""title"": ""射频单元直流掉电告警"", ""location"": ""柜号:0; 框号:69; 槽号:0; 类型:MRRU"", ""reason"": ""551""}]}"
21360899-abb1-4570-aaa7-930d14193f4d,"{""rootcause"": [{""title"": ""BBU CPRI接口异常告警"", ""location"": ""柜号:0; 框号:0; 槽号:4; 端口号:0; 端口号:0; 类型:UBBP; :"", ""reason"": ""567"", ""@rid"": ""#-1:675d92b4-318c-4e3b-9c3c-ce788b729372""}]}"
218bd01a-e560-494d-b4f5-153b90331a64,"{""rootcause"": [{""title"": ""输入电源断"", ""location"": ""SubNetwork=1004,ManagedElement=1430392,Equipment=1,ReplaceableUnit=73"", ""reason"": ""输入电源断"", ""@rid"": ""#-1:ceade6d9-e72c-4a68-a5e6-f1cb6c95ee10""}, {""title"": ""输入电源断"", ""location"": ""SubNetwork=1004,ManagedElement=1430392,Equipment=1,ReplaceableUnit=72"", ""reason"": ""输入电源断"", ""@rid"": ""#-1:f56281d3-d477-4296-9f57-1b78f53c459c""}, {""title"": ""输入电源断"", ""location"": ""SubNetwork=1004,ManagedElement=1430392,Equipment=1,ReplaceableUnit=71"", ""reason"": ""输入电源断"", ""@rid"": ""#-1:e84734f9-27b3-4eab-9485-df13c248d266""}]}"
21b0663a-112c-404f-889e-529b3e249a3e,"{""rootcause"": [{""title"": ""BBU单板维护链路异常告警"", ""location"": ""柜号:0; 框号:0; 槽号:1; 类型:UBBP"", ""reason"": ""567"", ""@rid"": ""#-1:9592fea6-82e1-4a40-9cfa-8f1e8d0766f8""}]}"
2225ca8e-ed10-4062-9bef-345d7c02db9e,"{""rootcause"": [{""title"": ""单板过温保护下电"", ""location"": ""SubNetwork=1004,ManagedElement=1391042,Equipment=1,ReplaceableUnit=VBP_1_8"", ""reason"": ""单板过温保护下电"", ""@rid"": ""#-1:28556531-a61d-42a7-a220-5eba0a27678b""}, {""title"": ""单板处于初始化状态"", ""location"": ""SubNetwork=1004,ManagedElement=1391042,Equipment=1,ReplaceableUnit=61"", ""reason"": ""单板处于初始化状态"", ""@rid"": ""#-1:adcb3970-0906-486d-8728-5264930f457c""}]}"
22511643-ee90-46bb-b3f9-a1fb0d75b5fc,"{""rootcause"": [{""title"": ""输入电源断"", ""location"": ""SubNetwork=1004,ManagedElement=1389600,Equipment=1,ReplaceableUnit=83"", ""reason"": ""外部掉电"", ""@rid"": ""#-1:5bed3f09-d6dc-4de5-96e5-d0bfcf5d404f""}, {""title"": ""输入电源断"", ""location"": ""SubNetwork=1004,ManagedElement=1389600,Equipment=1,ReplaceableUnit=81"", ""reason"": ""外部掉电"", ""@rid"": ""#-1:7cc18934-0f6d-4c66-af50-1c60fc22b0ba""}, {""title"": ""输入电源断"", ""location"": ""SubNetwork=1004,ManagedElement=1389600,Equipment=1,ReplaceableUnit=82"", ""reason"": ""外部掉电"", ""@rid"": ""#-1:45d335e9-0c92-4d8d-a839-131be5a8960e""}]}"
22790f2d-a7a0-4441-aae0-2200cc6ee821,"{""rootcause"": [{""title"": ""设备掉电"", ""location"": ""SubNetwork=1003,ManagedElement=499546,Equipment=1,Rack=52,SubRack=1,Slot=1,PlugInUnit=1,SdrDeviceGroup=1"", ""reason"": ""1. 市电异常。\n2. 外部供电设备故障。"", ""@rid"": ""#-1:9a0fe2bf-8155-4771-add2-2e76dffddadd""}, {""title"": ""设备掉电"", ""location"": ""SubNetwork=1003,ManagedElement=499546,Equipment=1,Rack=53,SubRack=1,Slot=1,PlugInUnit=1,SdrDeviceGroup=1"", ""reason"": ""1. 市电异常。\n2. 外部供电设备故障。"", ""@rid"": ""#-1:e63eabdb-4218-4aa4-94c7-db1520f9ced1""}, {""title"": ""设备掉电"", ""location"": ""SubNetwork=1003,ManagedElement=499546,Equipment=1,Rack=51,SubRack=1,Slot=1,PlugInUnit=1,SdrDeviceGroup=1"", ""reason"": ""1. 市电异常。\n2. 外部供电设备故障。"", ""@rid"": ""#-1:ac7e1909-6a96-4915-969f-77d4604abfae""}]}"
2283a79d-4b68-429f-b4b1-7aa8c36ac2cc,"{""rootcause"": [{""@rid"": ""#-1:ed44824a-43b1-490e-8674-4d43b7d9c55a"", ""title"": ""天馈驻波比异常"", ""location"": ""sbn=1001,NodeMe=533502,Equipment=1,rack=53,shelf=1,board=1"", ""reason"": ""1. 天馈线缆接头制作不合格、未拧紧、进水或存在金属碎屑等异物。\n2. 天馈线缆存在挤压、弯折，或馈缆损坏。\n3. 射频单元硬件故障。\n4. 天线对着障碍物。\n5. 驻波比告警门限过低。""}]}"
22b1121c-4630-41d3-84ea-55a1d1f173fa,"{""rootcause"": [{""title"": ""BBU CPRI接口异常告警"", ""location"": ""柜号:0; 框号:0; 槽号:3; 端口号:5; 端口号:0; 类型:UBBP; :"", ""reason"": ""567"", ""@rid"": ""#-1:e48eb21f-f521-45ff-8ff4-149e54ed6748""}]}"
22c57b05-7022-47d5-87ae-d0b10a54b447,"{""rootcause"": [{""title"": ""RRU链路断"", ""location"": ""SubNetwork=1004,ManagedElement=1432376,Equipment=1,ReplaceableUnit=66"", ""reason"": ""RRU链路断"", ""@rid"": ""#-1:bc079bd6-60d5-496f-8ac8-abd60e2069e4""}, {""title"": ""RRU链路断"", ""location"": ""SubNetwork=1004,ManagedElement=1432376,Equipment=1,ReplaceableUnit=64"", ""reason"": ""RRU链路断"", ""@rid"": ""#-1:fff82a1e-45d1-4d92-84bd-336eed675629""}, {""title"": ""RRU链路断"", ""location"": ""SubNetwork=1004,ManagedElement=1432376,Equipment=1,ReplaceableUnit=65"", ""reason"": ""RRU链路断"", ""@rid"": ""#-1:7eaa5b48-2194-43ba-af43-2a6e5c612bb5""}]}"
2339ac64-c912-4ee0-91d2-f7c11ed87193,"{""rootcause"": [{""@rid"": ""#-1:617eb9d2-457a-4d24-a1ac-deae2d82ff91"", ""title"": ""射频单元交流掉电告警"", ""location"": ""柜号:0; 框号:206; 槽号:0; 类型:MRRU"", ""reason"": ""551""}]}"
238dc0d9-cbc4-4795-862e-d89ee7d3f865,"{""rootcause"": [{""@rid"": ""#-1:7e705d6a-fd9d-4d93-bd07-a099d8bbb936"", ""title"": ""射频单元IR接口异常告警"", ""location"": ""柜号:0; 框号:176; 槽号:0; 端口号:端口0; 类型:MRRU; :IR接口异常"", ""reason"": ""69""}]}"
23da7f7f-785a-4480-86df-a7d39d92ae99,"{""rootcause"": [{""@rid"": ""#-1:d502b8a1-15ad-4079-97b6-2e8697925cbb"", ""title"": ""射频单元驻波告警"", ""location"": ""柜号:0; 框号:201; 槽号:0; :0; 类型:MRRU; 告警(0.1):18; (0.1):19; 输出(0.1dBm):322; 端口:NULL"", ""reason"": ""516""}]}"
23f36eb8-b1f9-45c0-81cc-fccb77fb9106,"{""rootcause"": [{""title"": ""设备掉电"", ""location"": ""SubNetwork=1003,ManagedElement=78635,Equipment=1,Rack=69,SubRack=1,Slot=1,PlugInUnit=1,SdrDeviceGroup=1"", ""reason"": ""1. 市电异常。\n2. 外部供电设备故障。"", ""@rid"": ""#-1:983d64df-6df7-4c19-9978-4d6aef2b4136""}, {""title"": ""设备掉电"", ""location"": ""SubNetwork=1003,ManagedElement=78635,Equipment=1,Rack=71,SubRack=1,Slot=1,PlugInUnit=1,SdrDeviceGroup=1"", ""reason"": ""1. 市电异常。\n2. 外部供电设备故障。"", ""@rid"": ""#-1:f61ba18e-0b3d-44a7-ab48-42aa3664c0fc""}]}"
23fdac91-4f84-41c1-973e-aed585014449,"{""rootcause"": [{""title"": ""单板硬件故障告警"", ""reason"": ""509"", ""location"": ""柜号:0; 框号:0; 槽号:1; 类型:UBBP; :"", ""@rid"": ""#-1:2095a914-0b4b-4ee6-93bf-6623c582051e""}]}"
2405e946-0a62-4e0c-afb3-14efb51d2159,"{""rootcause"": [{""title"": ""射频单元交流掉电告警"", ""location"": ""柜号:0; 框号:207; 槽号:0; 类型:MRRU"", ""reason"": ""551"", ""@rid"": ""#-1:af171b55-24eb-455e-a8d6-0fc5ff39eb71""}]}"
24233801-04d0-4b0b-b92c-3aac0563a1cd,"{""rootcause"": [{""title"": ""网元连接中断"", ""location"": ""网元名称:南西1-H5H; 网元IP地址:10.179.105.54; 网元IP地址(IP Mode):NULL; 端口:6007; 错误:N/A; 信息:端口时; 分:MediationService5709; OMC IP:10.224.27.35"", ""reason"": ""718"", ""@rid"": ""#-1:0f3610b9-ec5a-4a83-b855-bf822598f416""}]}"
24355e50-bdab-4c5f-9a84-1c7941366947,"{""rootcause"": [{""@rid"": ""#-1:4c50f3ee-3674-4d5e-b7ee-97e65f38b569"", ""title"": ""射频单元驻波告警"", ""location"": ""柜号:0; 框号:62; 槽号:0; :0; 类型:MRRU; 告警(0.1):18; (0.1):18; 输出(0.1dBm):317; 端口:NULL"", ""reason"": ""516""}]}"
243d549c-a8b3-4e40-ac27-e2886031784c,"{""rootcause"": [{""@rid"": ""#-1:17248af8-26ef-49b8-b3eb-392d374454ef"", ""title"": ""天馈驻波比异常"", ""location"": ""SubNetwork=5305,ManagedElement=2622428,Equipment=1,ReplaceableUnit=52,RfPort=ANT2"", ""reason"": ""天馈驻波比异常""}]}"
2454eb13-6f98-410a-b23f-f3795cec914d,"{""rootcause"": [{""title"": ""BBU CPRI接口异常告警"", ""reason"": ""567"", ""location"": ""柜号:0; 框号:0; 槽号:3; 端口号:3; 端口号:0; 类型:UBBP; :"", ""@rid"": ""#-1:4ce305d9-1f49-409f-8e2f-b0a4e384c9e5""}, {""title"": ""BBU CPRI接口异常告警"", ""reason"": ""567"", ""location"": ""柜号:0; 框号:0; 槽号:3; 端口号:4; 端口号:0; 类型:UBBP; :"", ""@rid"": ""#-1:f0d9eb31-b077-425b-8612-6b400f4bb64a""}, {""title"": ""BBU CPRI接口异常告警"", ""reason"": ""567"", ""location"": ""柜号:0; 框号:0; 槽号:3; 端口号:5; 端口号:0; 类型:UBBP; :"", ""@rid"": ""#-1:5acfa1e5-c6d1-478c-a7d2-a5c67de6695e""}]}"
245ff60e-1912-4746-b4d8-6c0ba1c3f18c,"{""rootcause"": [{""@rid"": ""#-1:f438e18f-c03f-40e7-8fbf-60cd9c8e065a"", ""title"": ""射频单元CPRI接口异常告警"", ""location"": ""柜号:0; 框号:202; 槽号:0; 端口号:端口0; 端口号:NULL; 类型:MRRU; :CPRI接口异常"", ""reason"": ""566""}]}"
24c2a05b-a388-46db-8f6f-ce8bdd48929c,"{""rootcause"": [{""@rid"": ""#-1:cf6bfad9-a466-4bd8-a878-a8b8d50f927f"", ""title"": ""射频单元CPRI接口异常告警"", ""location"": ""柜号:0; 框号:200; 槽号:0; 端口号:端口0; 端口号:NULL; 类型:MRRU; :"", ""reason"": ""566""}]}"
24c818d2-2ead-4ee8-bb57-2fbb6b5cce6a,"{""rootcause"": [{""title"": ""射频单元软件运行异常告警"", ""location"": ""柜号:0; 框号:152; 槽号:0; 类型:AIRU"", ""reason"": ""348"", ""@rid"": ""#-1:d7fe4cce-c29c-4288-ab5a-f75dedbe6527""}]}"
24e2c962-6b82-4a97-87c7-4696435615f1,"{""rootcause"": [{""@rid"": ""#-1:017a6009-ebac-40c0-8b27-e96a8fc4bea1"", ""title"": ""时钟源之间的相位差过大"", ""location"": ""SubNetwork=5307,ManagedElement=296545,Equipment=1,Rack=1,SubRack=1,Slot=2,PlugInUnit=1,SdrDeviceGroup=1"", ""reason"": ""1. 时钟源受干扰。\n2. 时钟源引进设备的时延设置不当。""}]}"
24fca37c-b764-4a78-b40c-f257543996af,"{""rootcause"": [{""@rid"": ""#-1:90956718-8db0-4c65-bc11-2b1b7ebfc616"", ""title"": ""输入电源断"", ""location"": ""SubNetwork=5309,ManagedElement=2646601,Equipment=1,ReplaceableUnit=53"", ""reason"": ""外部掉电""}, {""@rid"": ""#-1:b956dbe1-956b-41aa-85a6-8148d4caf199"", ""title"": ""设备掉电"", ""location"": ""SubNetwork=5306,ManagedElement=296251,Equipment=1,Rack=61,SubRack=1,Slot=1,PlugInUnit=1,SdrDeviceGroup=1"", ""reason"": ""1. 市电异常。\n2. 外部供电设备故障。""}]}"
252388ff-0dca-4016-83db-1d0e38669454,"{""rootcause"": [{""@rid"": ""#-1:845b830c-0494-434d-8c8b-490ad668d54b"", ""title"": ""射频单元IR接口异常告警"", ""location"": ""柜号:0; 框号:212; 槽号:0; 端口号:端口0; 类型:MRRU; :IR接口异常"", ""reason"": ""69""}]}"
253d18a6-19ad-41dd-bcf8-a3a9d83dafbe,"{""rootcause"": [{""title"": ""射频单元维护链路异常告警"", ""reason"": ""567"", ""location"": ""柜号:0; 框号:150; 槽号:0; 类型:AIRU; :"", ""@rid"": ""#-1:76da470f-a935-4757-835a-7abc8e50acde""}]}"
255082bb-10ed-4c16-8fd6-d45076d0769e,"{""rootcause"": [{""@rid"": ""#-1:7aaac5f7-b95f-4a54-aea1-f39c4f67ceef"", ""title"": ""射频单元交流掉电告警"", ""location"": ""柜号:0; 框号:94; 槽号:0; 类型:MRRU"", ""reason"": ""551""}, {""@rid"": ""#-1:b4f6ca19-e45e-4f1a-ba09-f1295f4cdf6a"", ""title"": ""射频单元交流掉电告警"", ""location"": ""柜号:0; 框号:93; 槽号:0; 类型:MRRU"", ""reason"": ""551""}, {""@rid"": ""#-1:6963e849-5642-47bd-b70d-67286322080c"", ""title"": ""射频单元交流掉电告警"", ""location"": ""柜号:0; 框号:95; 槽号:0; 类型:MRRU"", ""reason"": ""551""}]}"
2584d6ce-1b5b-4c73-9989-95e16b5e68d2,"{""rootcause"": [{""title"": ""输入电源断"", ""location"": ""SubNetwork=1004,ManagedElement=1393273,Equipment=1,ReplaceableUnit=61"", ""reason"": ""外部掉电"", ""@rid"": ""#-1:b293e850-5f2c-4ac7-abb5-67545d094614""}, {""title"": ""输入电源断"", ""location"": ""SubNetwork=1004,ManagedElement=1393273,Equipment=1,ReplaceableUnit=62"", ""reason"": ""外部掉电"", ""@rid"": ""#-1:5d915473-4077-46db-ab46-dbc8bd85bf4a""}, {""title"": ""输入电源断"", ""location"": ""SubNetwork=1004,ManagedElement=1393273,Equipment=1,ReplaceableUnit=63"", ""reason"": ""外部掉电"", ""@rid"": ""#-1:4a678546-9687-4e28-8230-1d7a75e3f186""}]}"
258f0fe5-4b75-4824-83d3-57835ee5235e,"{""rootcause"": [{""@rid"": ""#-1:754715ed-817e-4165-9616-ff7ca098fe03"", ""title"": ""输入电源断"", ""location"": ""SubNetwork=5301,ManagedElement=2646084,Equipment=1,ReplaceableUnit=60"", ""reason"": ""外部掉电""}]}"
264c3f56-832b-477c-a6fb-fe4cc71fb6e0,"{""rootcause"": [{""title"": ""输入电源断"", ""location"": ""SubNetwork=1004,ManagedElement=1393754,Equipment=1,ReplaceableUnit=63"", ""reason"": ""外部掉电"", ""@rid"": ""#-1:9bec7334-8e29-4606-ac1e-7b9677cda8aa""}, {""title"": ""输入电源断"", ""location"": ""SubNetwork=1004,ManagedElement=1393754,Equipment=1,ReplaceableUnit=61"", ""reason"": ""外部掉电"", ""@rid"": ""#-1:b53be056-d892-4764-bace-b2f0678d8864""}, {""title"": ""输入电源断"", ""location"": ""SubNetwork=1004,ManagedElement=1393754,Equipment=1,ReplaceableUnit=62"", ""reason"": ""外部掉电"", ""@rid"": ""#-1:4725f7da-3a8f-4787-8e28-2671a296a5e5""}]}"
269c1f1e-187d-4bf2-bc56-15323e7b1fee,"{""rootcause"": [{""@rid"": ""#-1:c1c9cc9d-4bd6-40f3-b93c-86b54ed4669b"", ""title"": ""射频单元驻波告警"", ""location"": ""柜号:0; 框号:96; 槽号:0; :0; 类型:MRRU; 告警(0.1):20; (0.1):20; 输出(0.1dBm):421; 端口:NULL"", ""reason"": ""516""}]}"
26c9a3ee-ba6a-4029-a22f-a91aefefc186,"{""rootcause"": [{""title"": ""输入电源断"", ""location"": ""SubNetwork=1004,ManagedElement=1413533,Equipment=1,ReplaceableUnit=61"", ""reason"": ""外部掉电"", ""@rid"": ""#-1:d25497fe-cbde-436f-9ebb-64707efaa55b""}, {""title"": ""输入电源断"", ""location"": ""SubNetwork=1004,ManagedElement=1413533,Equipment=1,ReplaceableUnit=62"", ""reason"": ""外部掉电"", ""@rid"": ""#-1:713af0ed-cba0-4815-927a-27ae397e1c60""}, {""title"": ""输入电源断"", ""location"": ""SubNetwork=1004,ManagedElement=1413533,Equipment=1,ReplaceableUnit=63"", ""reason"": ""外部掉电"", ""@rid"": ""#-1:d9854bae-70ce-44fa-87da-f66d10d52911""}, {""title"": ""输入电源断"", ""location"": ""SubNetwork=1004,ManagedElement=1413533,Equipment=1,ReplaceableUnit=64"", ""reason"": ""外部掉电"", ""@rid"": ""#-1:bb46d85b-db72-4b73-82d2-7f583bdb1b55""}]}"
2707d57b-ad0b-40b1-9e17-d844b109bd7c,"{""rootcause"": [{""@rid"": ""#-1:ecbfc929-1c58-4383-9d07-031eb4e37884"", ""title"": ""输入电源断"", ""location"": ""SubNetwork=CMCC-GZ-04,ManagedElement=12649857,Equipment=1,ReplaceableUnit=64"", ""reason"": ""输入电源断""}, {""@rid"": ""#-1:7bc189bb-7693-45b9-aef4-38081f9029a8"", ""title"": ""输入电源断"", ""location"": ""SubNetwork=CMCC-GZ-04,ManagedElement=12649857,Equipment=1,ReplaceableUnit=65"", ""reason"": ""输入电源断""}, {""@rid"": ""#-1:832de184-cd53-4361-a8e6-76937734b365"", ""title"": ""输入电源断"", ""location"": ""SubNetwork=CMCC-GZ-04,ManagedElement=12649857,Equipment=1,ReplaceableUnit=63"", ""reason"": ""输入电源断""}]}"
272bcf35-8747-40bb-8763-3756bc0d9af8,"{""rootcause"": [{""title"": ""RRU链路断"", ""location"": ""SubNetwork=1003,ManagedElement=66297,Equipment=1,Rack=61,SubRack=1,Slot=1,PlugInUnit=1,SdrDeviceGroup=1"", ""reason"": ""1. BBU和RRU之间或者上下级RRU之间的光纤故障。\n2. RRU光模块或上联的BBU光模块故障。\n3. RRU未供电。\n4. BBU接口单板故障。\n5. RRU故障。\n6. lr端口线速率配置错误。\n7. 单板硬件自检。"", ""@rid"": ""#-1:2f6a6f1e-6df4-4013-aa66-7ccbfe0c1e28""}]}"
2779caca-e0cd-4317-aeb6-c352e1066d81,"{""rootcause"": [{""title"": ""输入电源断"", ""location"": ""SubNetwork=1004,ManagedElement=1393444,Equipment=1,ReplaceableUnit=61"", ""reason"": ""外部掉电"", ""@rid"": ""#-1:823ddec0-60f7-4856-aa4f-467a735dcd47""}, {""title"": ""输入电源断"", ""location"": ""SubNetwork=1004,ManagedElement=1393444,Equipment=1,ReplaceableUnit=63"", ""reason"": ""外部掉电"", ""@rid"": ""#-1:aad11fe9-a553-491e-8db0-672773ac5742""}, {""title"": ""输入电源断"", ""location"": ""SubNetwork=1004,ManagedElement=1393444,Equipment=1,ReplaceableUnit=62"", ""reason"": ""外部掉电"", ""@rid"": ""#-1:eb3cfd90-356a-43e1-a168-aec0388fec1c""}]}"
2784f133-4878-4188-8270-a6ba44db1d33,"{""rootcause"": [{""title"": ""设备掉电"", ""location"": ""SubNetwork=1003,ManagedElement=55354,Equipment=1,Rack=81,SubRack=1,Slot=1,PlugInUnit=1,SdrDeviceGroup=1"", ""reason"": ""1. 市电异常。\n2. 外部供电设备故障。"", ""@rid"": ""#-1:0526f5ed-58ba-46f9-a4b4-ad1840859921""}]}"
27a8c334-1074-446b-9a15-752cc3735e0b,"{""rootcause"": [{""title"": ""射频单元交流掉电告警"", ""reason"": ""551"", ""location"": ""柜号:0; 框号:150; 槽号:0; 类型:MRRU"", ""@rid"": ""#-1:e658641f-113a-4546-ba90-850ce29fa614""}, {""title"": ""射频单元交流掉电告警"", ""reason"": ""551"", ""location"": ""柜号:0; 框号:91; 槽号:0; 类型:MRRU"", ""@rid"": ""#-1:1b4e42f8-6e2d-47ac-8db2-07b3d0544e1a""}, {""title"": ""射频单元直流掉电告警"", ""reason"": ""551"", ""location"": ""柜号:0; 框号:90; 槽号:0; 类型:MRRU"", ""@rid"": ""#-1:bbf2f9da-ac3f-408c-9736-324dc7d5eb33""}]}"
2877edef-288e-44db-9c05-7016ed5d15ac,"{""rootcause"": [{""title"": ""BBU CPRI接口异常告警"", ""location"": ""柜号:0; 框号:0; 槽号:2; 端口号:0; 端口号:0; 类型:UBBP; :"", ""reason"": ""567"", ""@rid"": ""#-1:ea877d35-fff3-4cd9-9d05-3e0d89e5683f""}]}"
2893c935-3778-472b-be7c-427b4d0bb2b7,"{""rootcause"": [{""@rid"": ""#-1:e55c9d51-7afe-4efe-9dcc-5d7c20c04713"", ""title"": ""射频单元驻波告警"", ""location"": ""柜号:0; 框号:90; 槽号:0; :1; 类型:MRRU; 告警(0.1):20; (0.1):21; 输出(0.1dBm):347; 端口:NULL"", ""reason"": ""516""}, {""@rid"": ""#-1:6a814176-6217-46bc-a084-b6a12be310ff"", ""title"": ""射频单元驻波告警"", ""location"": ""柜号:0; 框号:90; 槽号:0; :1; 类型:MRRU; 告警(0.1):20; (0.1):21; 输出(0.1dBm):368; 端口:NULL"", ""reason"": ""516""}]}"
28b54554-17dc-4e5c-91e4-3ab6d8e18671,"{""rootcause"": [{""@rid"": ""#-1:399920d6-5f78-4a6a-8de9-f3e15cc8bcb6"", ""title"": ""设备掉电"", ""location"": ""SubNetwork=5309,ManagedElement=832900,Equipment=1,Rack=55,SubRack=1,Slot=1,PlugInUnit=1,SdrDeviceGroup=1"", ""reason"": ""1. 市电异常。\n2. 外部供电设备故障。""}]}"
28d16b8a-3bf4-4f8a-8a3e-9ba0b2f3bf4a,"{""rootcause"": [{""@rid"": ""#-1:58546fb1-6fab-4721-b224-4cfe8fae7a21"", ""title"": ""射频单元交流掉电告警"", ""location"": ""柜号:0; 框号:234; 槽号:0; 类型:MRRU"", ""reason"": ""551""}]}"
28f503c0-16fa-4742-b5e9-778eaf8cc2fa,"{""rootcause"": [{""title"": ""RRU链路断"", ""location"": ""SubNetwork=1004,ManagedElement=1432226,Equipment=1,ReplaceableUnit=63"", ""reason"": ""RRU链路断"", ""@rid"": ""#-1:bb2d2c85-d002-4120-a058-ed3b5c580e2f""}, {""title"": ""RRU链路断"", ""location"": ""SubNetwork=1004,ManagedElement=1432226,Equipment=1,ReplaceableUnit=62"", ""reason"": ""RRU链路断"", ""@rid"": ""#-1:37065279-d763-46f8-81a6-daf5e52cd438""}, {""title"": ""RRU链路断"", ""location"": ""SubNetwork=1004,ManagedElement=1432226,Equipment=1,ReplaceableUnit=61"", ""reason"": ""RRU链路断"", ""@rid"": ""#-1:6f945410-ad60-4f41-8ea3-75883cdf3a01""}]}"
29150aac-5d9b-42cb-be0b-9a1b7dd4a0e7,"{""rootcause"": [{""@rid"": ""#-1:b3cc62d0-0a8c-4382-8ac0-685e3635879e"", ""title"": ""时钟源之间的相位差过大"", ""location"": ""SubNetwork=5305,ManagedElement=296086,Equipment=1,Rack=1,SubRack=1,Slot=2,PlugInUnit=1,SdrDeviceGroup=1"", ""reason"": ""1. 时钟源受干扰。\n2. 时钟源引进设备的时延设置不当。""}]}"
29252a53-eb60-4f8c-b089-384d42acf3d7,"{""rootcause"": [{""title"": ""设备掉电"", ""location"": ""SubNetwork=1003,ManagedElement=505273,Equipment=1,Rack=52,SubRack=1,Slot=1,PlugInUnit=1,SdrDeviceGroup=1"", ""reason"": ""1. 市电异常。\n2. 外部供电设备故障。"", ""@rid"": ""#-1:7a44c42f-5183-4801-888f-791c707c815c""}, {""title"": ""设备掉电"", ""location"": ""SubNetwork=1003,ManagedElement=505273,Equipment=1,Rack=51,SubRack=1,Slot=1,PlugInUnit=1,SdrDeviceGroup=1"", ""reason"": ""1. 市电异常。\n2. 外部供电设备故障。"", ""@rid"": ""#-1:4038018f-d0fd-4074-a2de-bca2ed90bbdc""}, {""title"": ""设备掉电"", ""location"": ""SubNetwork=1003,ManagedElement=505273,Equipment=1,Rack=53,SubRack=1,Slot=1,PlugInUnit=1,SdrDeviceGroup=1"", ""reason"": ""1. 市电异常。\n2. 外部供电设备故障。"", ""@rid"": ""#-1:38f8602b-eca7-4f52-9278-49ba7750e0a7""}]}"
292cf7b7-5a7f-4b2c-ac11-c976bc8016e2,"{""rootcause"": [{""@rid"": ""#-1:63ba93f3-ea3e-4532-9ff2-5a0631b74179"", ""title"": ""射频单元驻波告警"", ""location"": ""柜号:0; 框号:202; 槽号:0; :1; 类型:MRRU; 告警(0.1):20; (0.1):20; 输出(0.1dBm):307; 端口:NULL"", ""reason"": ""516""}]}"
29317b9c-281a-40c5-adbd-70ea2d2f1b9b,"{""rootcause"": [{""title"": ""DU小区退服"", ""location"": ""SubNetwork=1004,ManagedElement=1393720,GNBDUFunction=460-00_1393720,NRCellDU=2"", ""reason"": ""RRU资源准备中或光口通信异常"", ""@rid"": ""#-1:deadbfe7-52b8-43cd-bd83-c236bffdcb96""}]}"
29507790-4708-4a6c-822c-8343a1ed784b,"{""rootcause"": [{""@rid"": ""#-1:6003bc66-3f92-472b-8bd8-ca1ae181db13"", ""title"": ""设备掉电"", ""location"": ""SubNetwork=5303,ManagedElement=801934,Equipment=1,Rack=54,SubRack=1,Slot=1,PlugInUnit=1,SdrDeviceGroup=1"", ""reason"": ""1. 市电异常。\n2. 外部供电设备故障。""}]}"
297793d6-107b-43dc-aa25-60c8613fcc44,"{""rootcause"": [{""@rid"": ""#-1:0a3f4bfb-d213-436f-9838-8d09370348b5"", ""title"": ""RRU链路断"", ""location"": ""SubNetwork=5309,ManagedElement=572261,Equipment=1,Rack=56,SubRack=1,Slot=1,PlugInUnit=1,SdrDeviceGroup=1"", ""reason"": ""1. BBU和RRU之间或者上下级RRU之间的光纤故障。\n2. RRU光模块或上联的BBU光模块故障。\n3. RRU未供电。\n4. BBU接口单板故障。\n5. RRU故障。\n6. lr端口线速率配置错误。\n7. 单板硬件自检。""}, {""@rid"": ""#-1:73aff0be-91d0-4917-920f-55398724944e"", ""title"": ""RRU链路断"", ""location"": ""SubNetwork=5309,ManagedElement=572261,Equipment=1,Rack=54,SubRack=1,Slot=1,PlugInUnit=1,SdrDeviceGroup=1"", ""reason"": ""1. BBU和RRU之间或者上下级RRU之间的光纤故障。\n2. RRU光模块或上联的BBU光模块故障。\n3. RRU未供电。\n4. BBU接口单板故障。\n5. RRU故障。\n6. lr端口线速率配置错误。\n7. 单板硬件自检。""}, {""@rid"": ""#-1:a1dabf8e-7115-48f5-b6e8-e1be76ce308d"", ""title"": ""RRU链路断"", ""location"": ""SubNetwork=5309,ManagedElement=572261,Equipment=1,Rack=55,SubRack=1,Slot=1,PlugInUnit=1,SdrDeviceGroup=1"", ""reason"": ""1. BBU和RRU之间或者上下级RRU之间的光纤故障。\n2. RRU光模块或上联的BBU光模块故障。\n3. RRU未供电。\n4. BBU接口单板故障。\n5. RRU故障。\n6. lr端口线速率配置错误。\n7. 单板硬件自检。""}]}"
2981b05d-555f-4c1f-8981-6b1258f9e4c7,"{""rootcause"": [{""@rid"": ""#-1:33abd7ea-9dfc-433d-80f3-f3ca95b84b9a"", ""title"": ""RRU链路断"", ""location"": ""SubNetwork=5301,ManagedElement=176340,Equipment=1,Rack=62,SubRack=1,Slot=1,PlugInUnit=1,SdrDeviceGroup=1"", ""reason"": ""1. BBU和RRU之间或者上下级RRU之间的光纤故障。\n2. RRU光模块或上联的BBU光模块故障。\n3. RRU未供电。\n4. BBU接口单板故障。\n5. RRU故障。\n6. lr端口线速率配置错误。\n7. 单板硬件自检。""}, {""@rid"": ""#-1:2100b278-e6ef-45ac-84c2-2954696fbb71"", ""title"": ""RRU链路断"", ""location"": ""SubNetwork=5301,ManagedElement=176340,Equipment=1,Rack=61,SubRack=1,Slot=1,PlugInUnit=1,SdrDeviceGroup=1"", ""reason"": ""1. BBU和RRU之间或者上下级RRU之间的光纤故障。\n2. RRU光模块或上联的BBU光模块故障。\n3. RRU未供电。\n4. BBU接口单板故障。\n5. RRU故障。\n6. lr端口线速率配置错误。\n7. 单板硬件自检。""}]}"
29ad9a2a-3e6c-40c6-a42d-208e58445bc3,"{""rootcause"": [{""@rid"": ""#-1:f06e22b1-743a-45a0-b0ac-5fb10535d6fd"", ""title"": ""射频单元驻波告警"", ""location"": ""柜号:0; 框号:150; 槽号:0; :1; 类型:MRRU; 告警(0.1):30; (0.1):250; 输出(0.1dBm):372; 端口:NULL"", ""reason"": ""516""}]}"
29be7b33-aaad-4781-93b7-6a106588b905,"{""rootcause"": [{""title"": ""光口链路故障"", ""location"": ""SubNetwork=1004,ManagedElement=1408256,Equipment=1,ReplaceableUnit=62,RiPort=OPT1"", ""reason"": ""光口链路故障"", ""@rid"": ""#-1:d30ab5ca-724e-4021-ae64-2ecc61d77dec""}]}"
29c62eff-5757-4754-901f-cac0f8097423,"{""rootcause"": [{""@rid"": ""#-1:b59f93ab-c221-4e79-ae7c-a0eac8295163"", ""title"": ""设备掉电"", ""location"": ""SubNetwork=5300,ManagedElement=568753,Equipment=1,Rack=69,SubRack=1,Slot=1,PlugInUnit=1,SdrDeviceGroup=1"", ""reason"": ""1. 市电异常。\n2. 外部供电设备故障。""}]}"
29d7e936-abc0-4314-9557-6658e3d809f6,"{""rootcause"": [{""@rid"": ""#-1:f09ba880-024a-474b-9882-8e47f0d1d2db"", ""title"": ""RRU链路断"", ""location"": ""SubNetwork=5304,ManagedElement=2621630,Equipment=1,ReplaceableUnit=56"", ""reason"": ""RRU链路断""}]}"
29fca0cc-86b2-43cf-95aa-83ae7e5f8025,"{""rootcause"": [{""title"": ""ETH_LOS"", ""location"": ""2-EG2-2(PORT-2)-MAC:1"", ""reason"": ""(1)端口已使能但端口的网线或光纤没有连接好；\n(2)网线或光纤故障；\n(3)对端发送部分故障；\n(4)本端接收部分故障。\n(5)灰光光模块与彩光光模块对接，端口可能上ETH_LOS。\n(6)彩光光模块对接，配置不同波长。\n(7)对接端口的传输模式不一致或者FEC模式不一致。"", ""@rid"": ""#-1:2767374b-9f1e-47e0-acae-c2751e8346c7""}, {""title"": ""IN_PWR_ABN"", ""location"": ""6-D2EG2-2(PORT-2)-LASER:1"", ""reason"": ""(1)光纤弯曲过大；\n(2)光纤头不清洁；\n(3)光连接器松动或未插紧；\n(4)对端站发送部分故障；\n(5)本站接收部分故障；\n(6)输入光功率过高。"", ""@rid"": ""#-1:baa961e9-07ca-4b2f-b651-3d156a8e7268""}, {""title"": ""ETH_LOS"", ""location"": ""2-EG2-1(PORT-1)-MAC:1"", ""reason"": ""(1)端口已使能但端口的网线或光纤没有连接好；\n(2)网线或光纤故障；\n(3)对端发送部分故障；\n(4)本端接收部分故障。\n(5)灰光光模块与彩光光模块对接，端口可能上ETH_LOS。\n(6)彩光光模块对接，配置不同波长。\n(7)对接端口的传输模式不一致或者FEC模式不一致。"", ""@rid"": ""#-1:a9eb21d8-a454-43e9-a194-96ffe1f75ca0""}, {""title"": ""网元连接中断"", ""location"": ""网元名称:5G北1H; 网元IP地址:10.153.1.210; 网元IP地址(IP Mode):NULL; 端口:6007; 错误:N/A; 信息:端口时; 分:MediationService5508; OMC IP:10.224.27.33"", ""reason"": ""718"", ""@rid"": ""#-1:c52e702c-689e-4095-839c-877ad7f0267a""}]}"
2a01950e-f03e-487c-a612-84d151586030,"{""rootcause"": [{""title"": ""输入电源断"", ""location"": ""SubNetwork=1004,ManagedElement=1400917,Equipment=1,ReplaceableUnit=63"", ""reason"": ""外部掉电"", ""@rid"": ""#-1:6b022b29-2453-4d79-8cd1-d577b238443a""}, {""title"": ""输入电源断"", ""location"": ""SubNetwork=1004,ManagedElement=1400917,Equipment=1,ReplaceableUnit=61"", ""reason"": ""外部掉电"", ""@rid"": ""#-1:cacc375a-95fe-49c4-baf7-58a631760f6d""}, {""title"": ""输入电源断"", ""location"": ""SubNetwork=1004,ManagedElement=1400917,Equipment=1,ReplaceableUnit=62"", ""reason"": ""外部掉电"", ""@rid"": ""#-1:6b1978d6-a6b8-4bb9-b187-9fed283678ca""}]}"
2a328d01-e4cf-44fe-adb1-3bef7a8966b3,"{""rootcause"": [{""@rid"": ""#-1:9726efe4-5d16-44bc-a084-b41a7e13a6fb"", ""title"": ""LTE小区退出服务"", ""location"": ""SubNetwork=CMCC-GZ-04,ManagedElement=12677025,ENBCUCPFunction=460-00_857907,CULTE=1,CUEUtranCellTDDLTE=74"", ""reason"": ""RRU板异常导致""}]}"
2a4c352a-64c8-4ae4-ae39-caaca4ad4e8f,"{""rootcause"": [{""@rid"": ""#-1:47f95cc1-a466-4317-b3f6-ff22edeccdea"", ""title"": ""射频单元CPRI接口异常告警"", ""location"": ""柜号:0; 框号:200; 槽号:0; 端口号:端口0; 端口号:NULL; 类型:MRRU; :CPRI接口异常"", ""reason"": ""566""}]}"
2a4c9d23-f202-4875-bb8f-40f960c8ce13,"{""rootcause"": [{""@rid"": ""#-1:de0db9f6-adcf-4c47-b588-edd6ab390932"", ""title"": ""GNSS星卡锁星不足告警"", ""location"": ""柜号:0; 框号:0; 槽号:7; 类型:UMPT; :"", ""reason"": ""506""}]}"
2a7ecf12-8bdb-4c18-834c-d8e7fb2b4e31,"{""rootcause"": [{""title"": ""光口链路故障"", ""reason"": ""光口链路故障"", ""location"": ""SubNetwork=1004,ManagedElement=1394817,Equipment=1,ReplaceableUnit=VBP_1_7,RiPort=OF2"", ""@rid"": ""#-1:c2d8263e-16d3-40fa-9b9c-11934e4026b4""}]}"
2a8379f1-eb9b-452e-8726-425b380abec0,"{""rootcause"": [{""title"": ""BBU IR接口异常告警"", ""reason"": ""567"", ""location"": ""柜号:0; 框号:0; 槽号:2; 端口号:1; 端口号:0; 类型:UBBP; :IR接口异常"", ""@rid"": ""#-1:09162deb-10ba-467d-a6f0-8d842eadccc2""}, {""title"": ""射频单元IR接口异常告警"", ""reason"": ""69"", ""location"": ""柜号:0; 框号:61; 槽号:0; 端口号:端口0; 类型:MRRU; :IR接口异常"", ""@rid"": ""#-1:6ad1b2bc-aecd-41d1-8f1b-9f28b9130e53""}]}"
2ab1b687-d548-40cd-bc69-9aa03cfcf296,"{""rootcause"": [{""@rid"": ""#-1:f4120daf-a3f5-4f19-bf52-ff8286f563e1"", ""title"": ""RRU功率检测异常"", ""location"": ""sbn=0,NodeMe=473924,Equipment=1,rack=59,shelf=1,board=1"", ""reason"": ""1. RRU通道硬件故障。\n2. RRU版本问题。\n3. 光纤链路问题。\n4. BBU硬件异常或者版本问题。""}]}"
2b2df5a2-24c3-48e6-b48e-ff28b7ef81cc,"{""rootcause"": [{""title"": ""ETH_LOS"", ""reason"": ""(1)端口已使能但端口的网线或光纤没有连接好；\n(2)网线或光纤故障；\n(3)对端发送部分故障；\n(4)本端接收部分故障。\n(5)灰光光模块与彩光光模块对接，端口可能上ETH_LOS。\n(6)彩光光模块对接，配置不同波长。\n(7)对接端口的传输模式不一致或者FEC模式不一致。"", ""location"": ""1-D2EG2-1(PORT-1)-MAC:1"", ""@rid"": ""#-1:e1e73b7d-16a3-4f8e-add8-f0296bcb95d7""}, {""title"": ""ETH_LOS"", ""reason"": ""(1)端口已使能但端口的网线或光纤没有连接好；\n(2)网线或光纤故障；\n(3)对端发送部分故障；\n(4)本端接收部分故障。\n(5)灰光光模块与彩光光模块对接，端口可能上ETH_LOS。\n(6)彩光光模块对接，配置不同波长。\n(7)对接端口的传输模式不一致或者FEC模式不一致。"", ""location"": ""1-D2EG2-2(PORT-2)-MAC:1"", ""@rid"": ""#-1:314b1898-a7c9-4664-ae51-68196511c1bf""}, {""title"": ""ETH_LOS"", ""reason"": ""(1)端口已使能但端口的网线或光纤没有连接好；\n(2)网线或光纤故障；\n(3)对端发送部分故障；\n(4)本端接收部分故障。\n(5)灰光光模块与彩光光模块对接，端口可能上ETH_LOS。\n(6)彩光光模块对接，配置不同波长。\n(7)对接端口的传输模式不一致或者FEC模式不一致。"", ""location"": ""2-D2EG2-1(PORT-1)-MAC:1"", ""@rid"": ""#-1:b74f7209-e231-4d77-94ca-ed63e8e8d18e""}, {""title"": ""ETH_LOS"", ""reason"": ""(1)端口已使能但端口的网线或光纤没有连接好；\n(2)网线或光纤故障；\n(3)对端发送部分故障；\n(4)本端接收部分故障。\n(5)灰光光模块与彩光光模块对接，端口可能上ETH_LOS。\n(6)彩光光模块对接，配置不同波长。\n(7)对接端口的传输模式不一致或者FEC模式不一致。"", ""location"": ""2-D2EG2-2(PORT-2)-MAC:1"", ""@rid"": ""#-1:f6e17a30-bb06-4af5-8e1f-b9b1d69f58eb""}]}"
2b3fa20c-d3d1-4c71-9ba0-e2a0534c8fc6,"{""rootcause"": [{""@rid"": ""#-1:2087b7ee-7acb-4997-abfa-dde00f3f7d2c"", ""title"": ""RRU链路断"", ""location"": ""SubNetwork=5302,ManagedElement=177210,Equipment=1,Rack=59,SubRack=1,Slot=1,PlugInUnit=1,SdrDeviceGroup=1"", ""reason"": ""1. BBU和RRU之间或者上下级RRU之间的光纤故障。\n2. RRU光模块或上联的BBU光模块故障。\n3. RRU未供电。\n4. BBU接口单板故障。\n5. RRU故障。\n6. lr端口线速率配置错误。\n7. 单板硬件自检。""}, {""@rid"": ""#-1:a283efa9-c755-4477-b0e3-079e7548d6d3"", ""title"": ""RRU链路断"", ""location"": ""SubNetwork=5302,ManagedElement=177210,Equipment=1,Rack=57,SubRack=1,Slot=1,PlugInUnit=1,SdrDeviceGroup=1"", ""reason"": ""1. BBU和RRU之间或者上下级RRU之间的光纤故障。\n2. RRU光模块或上联的BBU光模块故障。\n3. RRU未供电。\n4. BBU接口单板故障。\n5. RRU故障。\n6. lr端口线速率配置错误。\n7. 单板硬件自检。""}]}"
2bbf1d94-4f41-4834-951f-41177b68aad2,"{""rootcause"": [{""@rid"": ""#-1:f89b2852-e661-4451-8ae6-90bf616c54d3"", ""title"": ""射频单元交流掉电告警"", ""location"": ""柜号:0; 框号:206; 槽号:0; 类型:MRRU"", ""reason"": ""551""}]}"
2bca2270-8245-431c-9889-b43e05d4af33,"{""rootcause"": [{""title"": ""光口接收链路故障"", ""reason"": ""1. 光纤/电缆损坏；\n2. 光纤/电缆端面污染；\n3. 本端或对端光/电模块或光纤/电缆没插好；\n4. 对端设备的光/电模块损坏；\n5. 光纤实际长度大于光模块支持的长度；\n6. 本端、对端的光模块速率不匹配；\n7. 对端设备工作异常。"", ""location"": ""SubNetwork=1003,ManagedElement=78839,Equipment=1,Rack=1,SubRack=1,Slot=9,PlugInUnit=1,SdrDeviceGroup=1,FiberDeviceSet=1,FiberDevice=0"", ""@rid"": ""#-1:7146e035-eb68-4296-8d2a-707c5b0c17c3""}, {""title"": ""光口接收链路故障"", ""reason"": ""1. 光纤/电缆损坏；\n2. 光纤/电缆端面污染；\n3. 本端或对端光/电模块或光纤/电缆没插好；\n4. 对端设备的光/电模块损坏；\n5. 光纤实际长度大于光模块支持的长度；\n6. 本端、对端的光模块速率不匹配；\n7. 对端设备工作异常。"", ""location"": ""SubNetwork=1003,ManagedElement=78839,Equipment=1,Rack=51,SubRack=1,Slot=1,PlugInUnit=1,SdrDeviceGroup=1,FiberDeviceSet=1,FiberDevice=1"", ""@rid"": ""#-1:0bd7bce9-1503-459a-bab7-1e8b946a3fdd""}]}"
2bd1bf40-638c-4e54-b84f-699ee23448a1,"{""rootcause"": [{""@rid"": ""#-1:99faf280-b8f8-430b-8154-76e55f323f57"", ""title"": ""输入电源断"", ""location"": ""SubNetwork=CMCC-GZ-02,ManagedElement=12716918,Equipment=1"", ""reason"": ""外部供电异常""}]}"
2bd45fbf-788f-41bb-9381-570d810f7e6e,"{""rootcause"": [{""@rid"": ""#-1:cb8a4b29-24ba-4d0b-8f1c-f785a5efb145"", ""title"": ""射频单元驻波告警"", ""location"": ""柜号:0; 框号:213; 槽号:0; :0; 类型:MRRU; 告警(0.1):18; (0.1):18; 输出(0.1dBm):292; 端口:NULL"", ""reason"": ""516""}]}"
2c05fe8c-a197-45ae-9250-13e2ca8399ff,"{""rootcause"": [{""title"": ""输入电源断"", ""location"": ""SubNetwork=1004,ManagedElement=1423810,Equipment=1,ReplaceableUnit=61"", ""reason"": ""外部掉电"", ""@rid"": ""#-1:bd2e03ad-e50b-4e93-8940-99446e3fbfdd""}, {""title"": ""输入电源断"", ""location"": ""SubNetwork=1004,ManagedElement=1423810,Equipment=1,ReplaceableUnit=62"", ""reason"": ""外部掉电"", ""@rid"": ""#-1:0721519a-0d87-47ec-90ac-d61a44287d62""}, {""title"": ""输入电源断"", ""location"": ""SubNetwork=1004,ManagedElement=1423810,Equipment=1,ReplaceableUnit=63"", ""reason"": ""外部掉电"", ""@rid"": ""#-1:1b8cfe0e-88da-48a9-a6ac-9d75f2637619""}, {""title"": ""输入电源断"", ""location"": ""SubNetwork=1004,ManagedElement=1423810,Equipment=1,ReplaceableUnit=64"", ""reason"": ""外部掉电"", ""@rid"": ""#-1:1617f288-759f-495c-9a47-93f477e45bfd""}]}"
2c17662c-7ff5-4c00-9933-48c52e4477fb,"{""rootcause"": [{""title"": ""光口链路故障"", ""reason"": ""光口链路故障"", ""location"": ""SubNetwork=1004,ManagedElement=1393211,Equipment=1,ReplaceableUnit=63,RiPort=OPT2"", ""@rid"": ""#-1:980eccd3-168e-4e19-9d4e-a9acab9af051""}, {""title"": ""光口链路故障"", ""reason"": ""光口链路故障"", ""location"": ""SubNetwork=1004,ManagedElement=1393211,Equipment=1,ReplaceableUnit=VBP_1_8,RiPort=OF1"", ""@rid"": ""#-1:ad0114fd-456b-4500-bee8-0f8a4dfecc7e""}, {""title"": ""光口链路故障"", ""reason"": ""光口链路故障"", ""location"": ""SubNetwork=1004,ManagedElement=1393211,Equipment=1,ReplaceableUnit=VBP_1_8,RiPort=OF2"", ""@rid"": ""#-1:766cb73f-9685-4b51-9f2f-8bd0f86f7480""}, {""title"": ""光口链路故障"", ""reason"": ""光口链路故障"", ""location"": ""SubNetwork=1004,ManagedElement=1393211,Equipment=1,ReplaceableUnit=VBP_1_8,RiPort=OF3"", ""@rid"": ""#-1:cd660ea9-db94-46bd-a37e-48ccc61dc6f7""}, {""title"": ""光模块接收光功率异常"", ""reason"": ""光模块接收功率过低"", ""location"": ""SubNetwork=1004,ManagedElement=1393211,Equipment=1,ReplaceableUnit=VBP_1_6,RiPort=OF3"", ""@rid"": ""#-1:ba741085-6119-4337-bcee-1978b8373dc5""}]}"
2c218f3d-ceda-47ae-a928-1fa704d03953,"{""rootcause"": [{""@rid"": ""#-1:a1729dd0-0aa3-4464-9cb5-bd990c4e7a52"", ""title"": ""RRU链路断"", ""location"": ""sbn=1003,NodeMe=983231,Equipment=1,rack=54,shelf=1,board=1"", ""reason"": ""1. BBU和RRU之间或者上下级RRU之间的光纤故障。\n2. RRU光模块或上联的BBU光模块故障。\n3. RRU未供电。\n4. BBU接口单板故障。\n5. RRU故障。\n6. lr端口线速率配置错误。\n7. 单板硬件自检。""}, {""@rid"": ""#-1:b6cc4809-61a2-445c-ae7a-62318441bb19"", ""title"": ""RRU链路断"", ""location"": ""sbn=1003,NodeMe=983231,Equipment=1,rack=56,shelf=1,board=1"", ""reason"": ""1. BBU和RRU之间或者上下级RRU之间的光纤故障。\n2. RRU光模块或上联的BBU光模块故障。\n3. RRU未供电。\n4. BBU接口单板故障。\n5. RRU故障。\n6. lr端口线速率配置错误。\n7. 单板硬件自检。""}, {""@rid"": ""#-1:6e760912-bd4d-4636-9740-9dac6919e6cd"", ""title"": ""RRU链路断"", ""location"": ""sbn=1003,NodeMe=983231,Equipment=1,rack=55,shelf=1,board=1"", ""reason"": ""1. BBU和RRU之间或者上下级RRU之间的光纤故障。\n2. RRU光模块或上联的BBU光模块故障。\n3. RRU未供电。\n4. BBU接口单板故障。\n5. RRU故障。\n6. lr端口线速率配置错误。\n7. 单板硬件自检。""}]}"
2c2994be-ea0b-46b5-859e-7f435b88daa1,"{""rootcause"": [{""title"": ""光口链路故障"", ""location"": ""SubNetwork=1004,ManagedElement=1404726,Equipment=1,ReplaceableUnit=VBP_1_3,RiPort=OF2"", ""reason"": ""光口链路故障"", ""@rid"": ""#-1:fcc09c40-9907-4e83-afe0-a864df5287fe""}]}"
2c5124c0-decb-46cf-a77d-257cadcce4e3,"{""rootcause"": [{""title"": ""射频单元CPRI接口异常告警"", ""location"": ""柜号:0; 框号:151; 槽号:0; 端口号:端口0; 端口号:0; 类型:AIRU; :链路故障"", ""reason"": ""566"", ""@rid"": ""#-1:8182b164-1931-4a33-9eae-f5cdb1417af2""}]}"
2c8414e0-b37b-4ae7-8106-ea1f2284ddab,"{""rootcause"": [{""title"": ""RRU链路断"", ""location"": ""SubNetwork=1003,ManagedElement=505287,Equipment=1,Rack=53,SubRack=1,Slot=1,PlugInUnit=1,SdrDeviceGroup=1"", ""reason"": ""1. BBU和RRU之间或者上下级RRU之间的光纤故障。\n2. RRU光模块或上联的BBU光模块故障。\n3. RRU未供电。\n4. BBU接口单板故障。\n5. RRU故障。\n6. lr端口线速率配置错误。\n7. 单板硬件自检。"", ""@rid"": ""#-1:a6f8accb-7422-4cc2-822f-f7cc69363ff0""}]}"
2ca4913f-2352-43c2-9c3f-e1b73fb98ac0,"{""rootcause"": [{""title"": ""RRU链路断"", ""location"": ""SubNetwork=1003,ManagedElement=77952,Equipment=1,Rack=54,SubRack=1,Slot=1,PlugInUnit=1,SdrDeviceGroup=1"", ""reason"": ""1. BBU和RRU之间或者上下级RRU之间的光纤故障。\n2. RRU光模块或上联的BBU光模块故障。\n3. RRU未供电。\n4. BBU接口单板故障。\n5. RRU故障。\n6. lr端口线速率配置错误。\n7. 单板硬件自检。"", ""@rid"": ""#-1:693f0df9-6f99-4b86-a96d-08024b73f8f5""}]}"
2ceb32c7-df0d-406f-90a1-6b207bb75a3c,"{""rootcause"": [{""@rid"": ""#-1:0e7e5ca2-5dda-491e-85cd-95ac30124412"", ""title"": ""RRU链路断"", ""location"": ""SubNetwork=5300,ManagedElement=706719,Equipment=1,Rack=53,SubRack=1,Slot=1,PlugInUnit=1,SdrDeviceGroup=1"", ""reason"": ""1. BBU和RRU之间或者上下级RRU之间的光纤故障。\n2. RRU光模块或上联的BBU光模块故障。\n3. RRU未供电。\n4. BBU接口单板故障。\n5. RRU故障。\n6. lr端口线速率配置错误。\n7. 单板硬件自检。""}]}"
2d2b8bc1-775a-4a64-8126-85882fd663a0,"{""rootcause"": [{""@rid"": ""#-1:2a5a7499-2dae-4ab7-ae8a-252a803d5421"", ""title"": ""时钟端口输出异常"", ""location"": ""sbn=1,NodeMe=462186,Equipment=1,rack=1,shelf=1,board=7"", ""reason"": ""1. 端口输出的1PPS异常。\n2. 端口输出的TOD异常。""}]}"
2d3b3998-2296-4c8b-a10c-c464bb1001c1,"{""rootcause"": [{""@rid"": ""#-1:7e7503a0-5e45-4e56-9342-f587f66b4394"", ""title"": ""RRU链路断"", ""location"": ""SubNetwork=63,ManagedElement=445984,Equipment=1,Rack=52,SubRack=1,Slot=1,PlugInUnit=1,SdrDeviceGroup=1"", ""reason"": ""1. BBU和RRU之间或者上下级RRU之间的光纤故障。\n2. RRU光模块或上联的BBU光模块故障。\n3. RRU未供电。\n4. BBU接口单板故障。\n5. RRU故障。\n6. lr端口线速率配置错误。\n7. 单板硬件自检。""}, {""@rid"": ""#-1:d277a514-39a7-4ba0-bb84-6bcef98817d3"", ""title"": ""RRU链路断"", ""location"": ""SubNetwork=63,ManagedElement=445984,Equipment=1,Rack=58,SubRack=1,Slot=1,PlugInUnit=1,SdrDeviceGroup=1"", ""reason"": ""1. BBU和RRU之间或者上下级RRU之间的光纤故障。\n2. RRU光模块或上联的BBU光模块故障。\n3. RRU未供电。\n4. BBU接口单板故障。\n5. RRU故障。\n6. lr端口线速率配置错误。\n7. 单板硬件自检。""}, {""@rid"": ""#-1:1cbca64c-5026-4dac-8f6e-0a4cf9593128"", ""title"": ""RRU链路断"", ""location"": ""SubNetwork=63,ManagedElement=445984,Equipment=1,Rack=57,SubRack=1,Slot=1,PlugInUnit=1,SdrDeviceGroup=1"", ""reason"": ""1. BBU和RRU之间或者上下级RRU之间的光纤故障。\n2. RRU光模块或上联的BBU光模块故障。\n3. RRU未供电。\n4. BBU接口单板故障。\n5. RRU故障。\n6. lr端口线速率配置错误。\n7. 单板硬件自检。""}, {""@rid"": ""#-1:5373944b-1add-448b-a584-b86252c941f4"", ""title"": ""RRU链路断"", ""location"": ""SubNetwork=63,ManagedElement=445984,Equipment=1,Rack=61,SubRack=1,Slot=1,PlugInUnit=1,SdrDeviceGroup=1"", ""reason"": ""1. BBU和RRU之间或者上下级RRU之间的光纤故障。\n2. RRU光模块或上联的BBU光模块故障。\n3. RRU未供电。\n4. BBU接口单板故障。\n5. RRU故障。\n6. lr端口线速率配置错误。\n7. 单板硬件自检。""}, {""@rid"": ""#-1:61f3578e-335e-436c-ac6f-143c7d099196"", ""title"": ""RRU链路断"", ""location"": ""SubNetwork=63,ManagedElement=445984,Equipment=1,Rack=55,SubRack=1,Slot=1,PlugInUnit=1,SdrDeviceGroup=1"", ""reason"": ""1. BBU和RRU之间或者上下级RRU之间的光纤故障。\n2. RRU光模块或上联的BBU光模块故障。\n3. RRU未供电。\n4. BBU接口单板故障。\n5. RRU故障。\n6. lr端口线速率配置错误。\n7. 单板硬件自检。""}, {""@rid"": ""#-1:ef9c7c69-4db3-4505-b313-744f7acba343"", ""title"": ""RRU链路断"", ""location"": ""SubNetwork=63,ManagedElement=445984,Equipment=1,Rack=53,SubRack=1,Slot=1,PlugInUnit=1,SdrDeviceGroup=1"", ""reason"": ""1. BBU和RRU之间或者上下级RRU之间的光纤故障。\n2. RRU光模块或上联的BBU光模块故障。\n3. RRU未供电。\n4. BBU接口单板故障。\n5. RRU故障。\n6. lr端口线速率配置错误。\n7. 单板硬件自检。""}, {""@rid"": ""#-1:aba1efbb-0868-48a4-8f08-78953d699a5f"", ""title"": ""RRU链路断"", ""location"": ""SubNetwork=63,ManagedElement=445984,Equipment=1,Rack=56,SubRack=1,Slot=1,PlugInUnit=1,SdrDeviceGroup=1"", ""reason"": ""1. BBU和RRU之间或者上下级RRU之间的光纤故障。\n2. RRU光模块或上联的BBU光模块故障。\n3. RRU未供电。\n4. BBU接口单板故障。\n5. RRU故障。\n6. lr端口线速率配置错误。\n7. 单板硬件自检。""}]}"
2d409664-debc-4e8b-b179-c7498f35b323,"{""rootcause"": [{""@rid"": ""#-1:4f529b9a-a3ef-4657-a3ba-1406c7d426de"", ""title"": ""设备掉电"", ""location"": ""sbn=0,NodeMe=459697,Equipment=1,rack=53,shelf=1,board=1"", ""reason"": ""1. 市电异常。\n2. 外部供电设备故障。""}, {""@rid"": ""#-1:1d122afd-1915-4ef6-b82d-9f32051ff7fa"", ""title"": ""设备掉电"", ""location"": ""sbn=0,NodeMe=459697,Equipment=1,rack=52,shelf=1,board=1"", ""reason"": ""1. 市电异常。\n2. 外部供电设备故障。""}, {""@rid"": ""#-1:ebde3305-7343-402f-8e9c-75d3d788a9be"", ""title"": ""设备掉电"", ""location"": ""sbn=0,NodeMe=459697,Equipment=1,rack=51,shelf=1,board=1"", ""reason"": ""1. 市电异常。\n2. 外部供电设备故障。""}]}"
2d7e5560-c5b7-451d-b851-6d39bb285368,"{""rootcause"": [{""@rid"": ""#-1:3572f39c-8a56-44e2-87cf-313984593990"", ""title"": ""射频单元IR接口异常告警"", ""location"": ""柜号:0; 框号:218; 槽号:0; 端口号:端口0; 类型:MRRU; :"", ""reason"": ""69""}]}"
2e2528a7-0daf-4423-8bb2-62211b4f451c,"{""rootcause"": [{""@rid"": ""#-1:94c11093-a7a8-4bee-90f0-ee0dd01fd05b"", ""title"": ""RRU链路断"", ""location"": ""SubNetwork=5309,ManagedElement=2561620,Equipment=1,ReplaceableUnit=54"", ""reason"": ""RRU链路断""}]}"
2e4f4d71-819e-403a-99bd-5719671d7747,"{""rootcause"": [{""@rid"": ""#-1:7b5f75fe-cf62-473c-a218-fd5e8322c329"", ""title"": ""输入电源断"", ""location"": ""SubNetwork=CMCC-GZ-01,ManagedElement=12586803,Equipment=1,ReplaceableUnit=52"", ""reason"": ""外部掉电""}, {""@rid"": ""#-1:7e7d67f2-e7dc-4f87-9c8f-1c39b604edb8"", ""title"": ""输入电源断"", ""location"": ""SubNetwork=CMCC-GZ-01,ManagedElement=12586803,Equipment=1,ReplaceableUnit=51"", ""reason"": ""外部掉电""}]}"
2e9447e9-54dd-482f-8524-3eb23eaa8f5e,"{""rootcause"": [{""title"": ""输入电源断"", ""location"": ""SubNetwork=1006,ManagedElement=1002832,Equipment=1,ReplaceableUnit=82"", ""reason"": ""外部掉电"", ""@rid"": ""#-1:9b6d1263-fbbf-4fcd-a982-718163849dfa""}, {""title"": ""输入电源断"", ""location"": ""SubNetwork=1006,ManagedElement=1002832,Equipment=1,ReplaceableUnit=83"", ""reason"": ""外部掉电"", ""@rid"": ""#-1:66cdda03-524f-4403-8eff-4d4c4132fb6c""}, {""title"": ""输入电源断"", ""location"": ""SubNetwork=1006,ManagedElement=1002832,Equipment=1,ReplaceableUnit=81"", ""reason"": ""外部掉电"", ""@rid"": ""#-1:5fd460e4-507e-47ab-8449-ddb26370846f""}]}"
2f0198cb-00c3-4c99-8368-87f78ca085c3,"{""rootcause"": [{""@rid"": ""#-1:0f49986e-7479-40bf-862f-acf3e3678837"", ""title"": ""射频单元驻波告警"", ""location"": ""柜号:0; 框号:225; 槽号:0; :0; 类型:MRRU; 告警(0.1):18; (0.1):18; 输出(0.1dBm):305; 端口:NULL"", ""reason"": ""516""}]}"
2f10b261-819d-49aa-b0e8-0041e9dfc4a1,"{""rootcause"": [{""@rid"": ""#-1:a4ff0b27-49fd-4253-8c26-f168a24a9f36"", ""title"": ""输入电压异常"", ""location"": ""SubNetwork=5309,ManagedElement=295404,Equipment=1,Rack=58,SubRack=1,Slot=1,PlugInUnit=1,SdrDeviceGroup=1"", ""reason"": ""过压：外部电源系统的输入电压超过高门限。\n欠压：外部电源系统的输入电压低于低门限，可能原因包括：市电供电不够，空开容量不够，电源线线径不够，电源线过长等。\n掉电：外部电源系统的输入电压中断。\n供电能力不足：外部电源柜或者蓄电池带载能力不足，欠压导致定标失败，上报供电能力不足。可能原因包括市电供电不够，空开容量不够，电源线线径不够，电源线过长等。""}, {""@rid"": ""#-1:32a20a51-5ce3-4c76-8299-7599e6d1d8ae"", ""title"": ""设备掉电"", ""location"": ""SubNetwork=5309,ManagedElement=295404,Equipment=1,Rack=58,SubRack=1,Slot=1,PlugInUnit=1,SdrDeviceGroup=1"", ""reason"": ""1. 市电异常。\n2. 外部供电设备故障。""}]}"
2f169fc1-7fd2-428c-8bcc-6c93e43398f6,"{""rootcause"": [{""title"": ""输入电源断"", ""location"": ""SubNetwork=1004,ManagedElement=1404407,Equipment=1,ReplaceableUnit=66"", ""reason"": ""外部掉电"", ""@rid"": ""#-1:55398f00-139d-4403-8644-77265d866035""}, {""title"": ""输入电源断"", ""location"": ""SubNetwork=1004,ManagedElement=1404407,Equipment=1,ReplaceableUnit=64"", ""reason"": ""外部掉电"", ""@rid"": ""#-1:bc900b8e-198f-48d2-a3a3-8ff07032f13f""}, {""title"": ""输入电源断"", ""location"": ""SubNetwork=1004,ManagedElement=1404407,Equipment=1,ReplaceableUnit=65"", ""reason"": ""外部掉电"", ""@rid"": ""#-1:d0523de4-848d-431d-8a8a-e931021538f9""}]}"
2f2ea13f-5a13-45e7-a28e-932ebe505136,"{""rootcause"": [{""@rid"": ""#-1:84e4c7a7-a961-4521-96ca-55a22473ad6c"", ""title"": ""射频单元交流掉电告警"", ""location"": ""柜号:0; 框号:176; 槽号:0; 类型:MRRU"", ""reason"": ""551""}, {""@rid"": ""#-1:4a702ba0-9c17-43a5-a088-a6bbeb65b013"", ""title"": ""射频单元交流掉电告警"", ""location"": ""柜号:0; 框号:176; 槽号:0; 类型:MRRU"", ""reason"": ""551""}]}"
2f9c5c19-7212-42d8-b2eb-c5ff08e02ef6,"{""rootcause"": [{""title"": ""输入电源断"", ""location"": ""SubNetwork=1004,ManagedElement=1413552,Equipment=1,ReplaceableUnit=71"", ""reason"": ""输入电源断"", ""@rid"": ""#-1:efdd91df-d2aa-4b89-bf80-e7f3af5a338f""}, {""title"": ""输入电源断"", ""location"": ""SubNetwork=1004,ManagedElement=1413552,Equipment=1,ReplaceableUnit=73"", ""reason"": ""输入电源断"", ""@rid"": ""#-1:9c25f3fa-f203-4d41-9a45-8251d7e9146f""}]}"
2fa0ce53-84fc-470d-8156-d91b4e462722,"{""rootcause"": [{""@rid"": ""#-1:d4edc7ff-09c7-4285-82ae-1ca7ad33c03a"", ""title"": ""射频单元CPRI接口异常告警"", ""location"": ""柜号:0; 框号:202; 槽号:0; 端口号:端口0; 端口号:0; 类型:AIRU; :"", ""reason"": ""566""}]}"
2fa4ae85-3f1b-4150-b2aa-439b8021f919,"{""rootcause"": [{""@rid"": ""#-1:fc3f0112-9771-4832-8d7c-2fe8c3494e72"", ""title"": ""光口链路故障"", ""location"": ""SubNetwork=CMCC-GZ-02,ManagedElement=12588374,Equipment=1,ReplaceableUnit=A_12,RiPort=OPT1"", ""reason"": ""光口链路故障""}, {""@rid"": ""#-1:651fcc5e-fea8-43e6-8aaf-8d2dca6b3682"", ""title"": ""光口链路故障"", ""location"": ""SubNetwork=CMCC-GZ-02,ManagedElement=12588374,Equipment=1,ReplaceableUnit=A_3,RiPort=OPT1"", ""reason"": ""光口链路故障""}]}"
2fb70f53-407b-4407-a161-f69991bab1e3,"{""rootcause"": [{""title"": ""射频单元业务不可用告警"", ""location"": ""eNodeB名称:4-HFM; 本地:188; :FDD; 柜号:0; 框号:160; 槽号:0; NB-IoT:FALSE; eNodeB分:NULL; 名称:4-HFM-FD-188; eNodeB:500477; :188; :电源异常"", ""reason"": ""509"", ""@rid"": ""#-1:420b9706-8d92-4221-9fe6-eda972dd99c7""}]}"
2fd66a2a-f7fd-406f-8dc7-3da61dbe5937,"{""rootcause"": [{""title"": ""RRU链路断"", ""location"": ""SubNetwork=1003,ManagedElement=91850,Equipment=1,Rack=51,SubRack=1,Slot=1,PlugInUnit=1,SdrDeviceGroup=1"", ""reason"": ""1. BBU和RRU之间或者上下级RRU之间的光纤故障。\n2. RRU光模块或上联的BBU光模块故障。\n3. RRU未供电。\n4. BBU接口单板故障。\n5. RRU故障。\n6. lr端口线速率配置错误。\n7. 单板硬件自检。"", ""@rid"": ""#-1:afa2e18c-6c69-490f-8ef1-40d00706a882""}]}"
2fe6a9be-60a8-4e1d-abf0-2586e6d12838,"{""rootcause"": [{""title"": ""设备掉电"", ""location"": ""SubNetwork=1003,ManagedElement=41400,Equipment=1,Rack=55,SubRack=1,Slot=1,PlugInUnit=1,SdrDeviceGroup=1"", ""reason"": ""1. 市电异常。\n2. 外部供电设备故障。"", ""@rid"": ""#-1:aa7edab4-3f00-43d6-a89e-8c83f60357f5""}]}"
30088efa-3569-45c6-bb38-c7c99d7b1619,"{""rootcause"": [{""@rid"": ""#-1:5a19ddd7-7653-4d03-932f-24b29efdc057"", ""title"": ""设备掉电"", ""location"": ""SubNetwork=5302,ManagedElement=594820,Equipment=1,Rack=68,SubRack=1,Slot=1,PlugInUnit=1,SdrDeviceGroup=1"", ""reason"": ""1. 市电异常。\n2. 外部供电设备故障。""}, {""@rid"": ""#-1:836b385c-e731-43bd-9b8b-a34a6f30888a"", ""title"": ""输入电压异常"", ""location"": ""SubNetwork=5302,ManagedElement=594820,Equipment=1,Rack=68,SubRack=1,Slot=1,PlugInUnit=1,SdrDeviceGroup=1"", ""reason"": ""过压：外部电源系统的输入电压超过高门限。\n欠压：外部电源系统的输入电压低于低门限，可能原因包括：市电供电不够，空开容量不够，电源线线径不够，电源线过长等。\n掉电：外部电源系统的输入电压中断。\n供电能力不足：外部电源柜或者蓄电池带载能力不足，欠压导致定标失败，上报供电能力不足。可能原因包括市电供电不够，空开容量不够，电源线线径不够，电源线过长等。""}, {""@rid"": ""#-1:78b09d8a-70e1-4272-896d-8e4977b881ef"", ""title"": ""设备掉电"", ""location"": ""SubNetwork=5302,ManagedElement=594820,Equipment=1,Rack=67,SubRack=1,Slot=1,PlugInUnit=1,SdrDeviceGroup=1"", ""reason"": ""1. 市电异常。\n2. 外部供电设备故障。""}]}"
3035bfd7-065b-4119-b0ff-481ee901e10a,"{""rootcause"": [{""@rid"": ""#-1:11f01a2e-41e5-4620-b57b-8014ec148f93"", ""title"": ""BBU CPRI接口异常告警"", ""location"": ""柜号:0; 框号:0; 槽号:4; 端口号:1; 端口号:0; 类型:UBBP; :"", ""reason"": ""567""}]}"
30609ea3-cbea-45a9-9f24-53fe054c2b81,"{""rootcause"": [{""title"": ""输入电源断"", ""location"": ""SubNetwork=1004,ManagedElement=1002764,Equipment=1,ReplaceableUnit=A_1"", ""reason"": ""外部掉电"", ""@rid"": ""#-1:ad6dc4f7-3b90-48de-bd07-8e9bfcae1492""}, {""title"": ""输入电源断"", ""location"": ""SubNetwork=1004,ManagedElement=1002764,Equipment=1,ReplaceableUnit=A_3"", ""reason"": ""外部掉电"", ""@rid"": ""#-1:0dadeebf-b385-4e5e-89d3-0a5736474b8a""}, {""title"": ""输入电源断"", ""location"": ""SubNetwork=1004,ManagedElement=1002764,Equipment=1,ReplaceableUnit=A_2"", ""reason"": ""外部掉电"", ""@rid"": ""#-1:3295d674-32c7-44a6-bf1f-1eec49ffe265""}]}"
30729c56-c426-4d86-84a7-cfb2573975ca,"{""rootcause"": [{""@rid"": ""#-1:875f3435-22db-4476-ad0c-66f32d5003c7"", ""title"": ""射频单元驻波告警"", ""location"": ""柜号:0; 框号:208; 槽号:0; :0; 类型:MRRU; 告警(0.1):20; (0.1):23; 输出(0.1dBm):410; 端口:NULL"", ""reason"": ""516""}, {""@rid"": ""#-1:c178dfb7-b0a7-4a38-9eec-5d0255b5efb4"", ""title"": ""射频单元驻波告警"", ""location"": ""柜号:0; 框号:208; 槽号:0; :0; 类型:MRRU; 告警(0.1):30; (0.1):32; 输出(0.1dBm):449; 端口:NULL"", ""reason"": ""516""}, {""@rid"": ""#-1:dbe57bf4-b26e-4459-9138-17f68256889a"", ""title"": ""射频单元驻波告警"", ""location"": ""柜号:0; 框号:208; 槽号:0; :0; 类型:MRRU; 告警(0.1):20; (0.1):27; 输出(0.1dBm):349; 端口:NULL"", ""reason"": ""516""}]}"
308482e7-a6f5-419e-b0a3-503b378c2247,"{""rootcause"": [{""@rid"": ""#-1:b50c3187-cd16-4a18-b0e3-b3d2985d5bc0"", ""title"": ""设备掉电"", ""location"": ""SubNetwork=5309,ManagedElement=832882,Equipment=1,Rack=51,SubRack=1,Slot=1,PlugInUnit=1,SdrDeviceGroup=1"", ""reason"": ""1. 市电异常。\n2. 外部供电设备故障。""}]}"
308c7872-a46b-4f67-a61d-c519492b4dd2,"{""rootcause"": [{""title"": ""射频单元交流掉电告警"", ""location"": ""柜号:0; 框号:208; 槽号:0; 类型:MRRU"", ""reason"": ""551"", ""@rid"": ""#-1:7aab37ec-eadd-4c8b-af99-e84c20f6b23e""}]}"
30979ec6-06d5-4d2c-84e0-235097375882,"{""rootcause"": [{""@rid"": ""#-1:c0bffed4-b6fa-4c61-932d-70be6a59a184"", ""title"": ""BBU CPRI接口异常告警"", ""location"": ""柜号:0; 框号:0; 槽号:3; 端口号:2; 端口号:0; 类型:UBBP; :CPRI接口异常"", ""reason"": ""567""}]}"
30a31fc6-1145-443e-9ce0-f9d5262b7491,"{""rootcause"": [{""title"": ""设备掉电"", ""location"": ""SubNetwork=1003,ManagedElement=55381,Equipment=1,Rack=65,SubRack=1,Slot=1,PlugInUnit=1,SdrDeviceGroup=1"", ""reason"": ""1. 市电异常。\n2. 外部供电设备故障。"", ""@rid"": ""#-1:18a56f95-ab3f-4cbc-bca7-4c852e59f314""}]}"
310cbc56-26d4-426e-81b0-daa48721cc6a,"{""rootcause"": [{""@rid"": ""#-1:87849381-4bf8-4294-bba1-4977c42d08f8"", ""title"": ""射频单元驻波告警"", ""location"": ""柜号:0; 框号:200; 槽号:0; :1; 类型:MRRU; 告警(0.1):18; (0.1):109; 输出(0.1dBm):274; 端口:NULL"", ""reason"": ""516""}]}"
311e4ca9-6515-4909-95db-6119cc119443,"{""rootcause"": [{""@rid"": ""#-1:d502884d-1b15-424f-9815-a12a9a15ab9b"", ""title"": ""设备掉电"", ""location"": ""SubNetwork=5307,ManagedElement=297315,Equipment=1,Rack=54,SubRack=1,Slot=1,PlugInUnit=1,SdrDeviceGroup=1"", ""reason"": ""1. 市电异常。\n2. 外部供电设备故障。""}, {""@rid"": ""#-1:24c559b4-046b-4776-9c10-e270efe459dc"", ""title"": ""输入电源断"", ""location"": ""SubNetwork=5307,ManagedElement=2622994,Equipment=1,ReplaceableUnit=51"", ""reason"": ""外部掉电""}, {""@rid"": ""#-1:008dc358-e023-4f5e-bd1f-c201bb63af58"", ""title"": ""输入电源断"", ""location"": ""SubNetwork=5307,ManagedElement=2622994,Equipment=1,ReplaceableUnit=53"", ""reason"": ""外部掉电""}, {""@rid"": ""#-1:7da8c39c-732b-4425-95aa-d52136558881"", ""title"": ""输入电源断"", ""location"": ""SubNetwork=5307,ManagedElement=2622994,Equipment=1,ReplaceableUnit=52"", ""reason"": ""外部掉电""}, {""@rid"": ""#-1:d3198b45-ff86-46f0-bff4-92ff5ff2a773"", ""title"": ""光口接收链路故障"", ""location"": ""SubNetwork=5307,ManagedElement=831714,Equipment=1,Rack=1,SubRack=1,Slot=9,PlugInUnit=1,SdrDeviceGroup=1,FiberDeviceSet=1,FiberDevice=2"", ""reason"": ""1. 光纤/电缆损坏；\n2. 光纤/电缆端面污染；\n3. 本端或对端光/电模块或光纤/电缆没插好；\n4. 对端设备的光/电模块损坏；\n5. 光纤实际长度大于光模块支持的长度；\n6. 本端、对端的光模块速率不匹配；\n7. 对端设备工作异常。""}, {""@rid"": ""#-1:d16284c1-fc1d-4d83-add2-8c3aad102d09"", ""title"": ""设备掉电"", ""location"": ""SubNetwork=5307,ManagedElement=831714,Equipment=1,Rack=51,SubRack=1,Slot=1,PlugInUnit=1,SdrDeviceGroup=1"", ""reason"": ""1. 市电异常。\n2. 外部供电设备故障。""}, {""@rid"": ""#-1:6c59f549-1b58-4e9c-a9ff-affbc7ddd3dc"", ""title"": ""设备掉电"", ""location"": ""SubNetwork=5307,ManagedElement=831714,Equipment=1,Rack=52,SubRack=1,Slot=1,PlugInUnit=1,SdrDeviceGroup=1"", ""reason"": ""1. 市电异常。\n2. 外部供电设备故障。""}, {""@rid"": ""#-1:ee16ba57-95a3-4f9f-851c-380262e9f52e"", ""title"": ""设备掉电"", ""location"": ""SubNetwork=5307,ManagedElement=831714,Equipment=1,Rack=54,SubRack=1,Slot=1,PlugInUnit=1,SdrDeviceGroup=1"", ""reason"": ""1. 市电异常。\n2. 外部供电设备故障。""}, {""@rid"": ""#-1:a308f066-31df-4ec5-9cda-24e5432f3e39"", ""title"": ""光口接收链路故障"", ""location"": ""SubNetwork=5307,ManagedElement=831714,Equipment=1,Rack=1,SubRack=1,Slot=9,PlugInUnit=1,SdrDeviceGroup=1,FiberDeviceSet=1,FiberDevice=0"", ""reason"": ""1. 光纤/电缆损坏；\n2. 光纤/电缆端面污染；\n3. 本端或对端光/电模块或光纤/电缆没插好；\n4. 对端设备的光/电模块损坏；\n5. 光纤实际长度大于光模块支持的长度；\n6. 本端、对端的光模块速率不匹配；\n7. 对端设备工作异常。""}, {""@rid"": ""#-1:43d12565-82a1-4a0f-93f9-8f7a60e444c2"", ""title"": ""设备掉电"", ""location"": ""SubNetwork=5307,ManagedElement=831714,Equipment=1,Rack=53,SubRack=1,Slot=1,PlugInUnit=1,SdrDeviceGroup=1"", ""reason"": ""1. 市电异常。\n2. 外部供电设备故障。""}]}"
3146f62a-886e-4b18-bc7c-935668d5eb36,"{""rootcause"": [{""title"": ""射频单元直流掉电告警"", ""location"": ""柜号:0; 框号:151; 槽号:0; 类型:AIRU"", ""reason"": ""551"", ""@rid"": ""#-1:119ec9ff-a8dc-4d30-a65a-620825fb0b27""}, {""title"": ""射频单元直流掉电告警"", ""location"": ""柜号:0; 框号:152; 槽号:0; 类型:AIRU"", ""reason"": ""551"", ""@rid"": ""#-1:dc4818e3-0fde-4337-a4f5-6ad5355e962a""}, {""title"": ""射频单元直流掉电告警"", ""location"": ""柜号:0; 框号:150; 槽号:0; 类型:AIRU"", ""reason"": ""551"", ""@rid"": ""#-1:bad6334c-c841-40a5-b776-22d44ecf6053""}]}"
31630980-98b5-4db6-a7f5-4b32e3322a6d,"{""rootcause"": [{""@rid"": ""#-1:fb2a35bc-6c4f-45d6-8025-f8f11db7af9f"", ""title"": ""射频单元CPRI接口异常告警"", ""location"": ""柜号:0; 框号:201; 槽号:0; 端口号:端口0; 端口号:NULL; 类型:MRRU; :CPRI接口异常"", ""reason"": ""566""}]}"
3171ad0b-0299-4c7f-912c-f5fa2b20ff7c,"{""rootcause"": [{""@rid"": ""#-1:481d446f-f846-484e-adfc-e90376594dbe"", ""title"": ""设备掉电"", ""location"": ""SubNetwork=17,ManagedElement=871991,Equipment=1,Rack=51,SubRack=1,Slot=1,PlugInUnit=1,SdrDeviceGroup=1"", ""reason"": ""1. 市电异常。\n2. 外部供电设备故障。""}]}"
318dd9c4-0cbf-4c91-842d-6b13b368eb71,"{""rootcause"": [{""title"": ""网元连接中断"", ""location"": ""网元名称:东北4-H5W; 网元IP地址:10.252.0.174; 网元IP地址(IP Mode):NULL; 端口:6007; 错误:N/A; 信息:端口时; 分:MediationService5808; OMC IP:10.224.27.36"", ""reason"": ""718"", ""@rid"": ""#-1:c46dfb07-d555-44e5-bc3f-294da6e32de2""}]}"
31933c97-86d6-497a-87c9-f2f895e380e5,"{""rootcause"": [{""@rid"": ""#-1:108fa9b5-0c17-4270-b655-457dd0599fbf"", ""title"": ""RRU链路断"", ""location"": ""SubNetwork=5305,ManagedElement=2572578,Equipment=1,ReplaceableUnit=54"", ""reason"": ""RRU链路断""}, {""@rid"": ""#-1:ea4f8e78-a262-4fc3-9621-6176e2d1e5a7"", ""title"": ""RRU链路断"", ""location"": ""SubNetwork=5305,ManagedElement=2572577,Equipment=1,ReplaceableUnit=53"", ""reason"": ""RRU链路断""}, {""@rid"": ""#-1:b7298f10-c0ab-40fb-b5db-0a13317f857e"", ""title"": ""RRU链路断"", ""location"": ""SubNetwork=5305,ManagedElement=568229,Equipment=1,Rack=56,SubRack=1,Slot=1,PlugInUnit=1,SdrDeviceGroup=1"", ""reason"": ""1. BBU和RRU之间或者上下级RRU之间的光纤故障。\n2. RRU光模块或上联的BBU光模块故障。\n3. RRU未供电。\n4. BBU接口单板故障。\n5. RRU故障。\n6. lr端口线速率配置错误。\n7. 单板硬件自检。""}]}"
3220a54a-e193-4569-8cc1-3b4d28b7532b,"{""rootcause"": [{""title"": ""设备掉电"", ""location"": ""SubNetwork=1003,ManagedElement=16990,Equipment=1,Rack=54,SubRack=1,Slot=1,PlugInUnit=1,SdrDeviceGroup=1"", ""reason"": ""1. 市电异常。\n2. 外部供电设备故障。"", ""@rid"": ""#-1:020972b8-7927-4f57-a613-b7d6d19b48c8""}, {""title"": ""设备掉电"", ""location"": ""SubNetwork=1003,ManagedElement=16990,Equipment=1,Rack=51,SubRack=1,Slot=1,PlugInUnit=1,SdrDeviceGroup=1"", ""reason"": ""1. 市电异常。\n2. 外部供电设备故障。"", ""@rid"": ""#-1:7c084441-47a5-4963-9614-7302456c78c6""}, {""title"": ""设备掉电"", ""location"": ""SubNetwork=1003,ManagedElement=16990,Equipment=1,Rack=52,SubRack=1,Slot=1,PlugInUnit=1,SdrDeviceGroup=1"", ""reason"": ""1. 市电异常。\n2. 外部供电设备故障。"", ""@rid"": ""#-1:ec2514eb-faa8-4a2d-9f28-1271c3f7d8a5""}]}"
32287fa9-06e0-454a-94d6-acc4ee30a871,"{""rootcause"": [{""title"": ""设备掉电"", ""location"": ""SubNetwork=1003,ManagedElement=76947,Equipment=1,Rack=62,SubRack=1,Slot=1,PlugInUnit=1,SdrDeviceGroup=1"", ""reason"": ""1. 市电异常。\n2. 外部供电设备故障。"", ""@rid"": ""#-1:606b8d8b-80bc-435f-b41e-ef24647991ad""}, {""title"": ""输入电源断"", ""location"": ""SubNetwork=1004,ManagedElement=1423702,Equipment=1,ReplaceableUnit=171"", ""reason"": ""外部掉电"", ""@rid"": ""#-1:584bc224-5f37-4b62-aa0b-232084df0753""}]}"
32809d17-a4a3-46cd-a5a8-eee10211d107,"{""rootcause"": [{""@rid"": ""#-1:adfe9a33-c251-4a27-9e71-4307c86df1af"", ""title"": ""RRU链路断"", ""location"": ""SubNetwork=5305,ManagedElement=176698,Equipment=1,Rack=52,SubRack=1,Slot=1,PlugInUnit=1,SdrDeviceGroup=1"", ""reason"": ""1. BBU和RRU之间或者上下级RRU之间的光纤故障。\n2. RRU光模块或上联的BBU光模块故障。\n3. RRU未供电。\n4. BBU接口单板故障。\n5. RRU故障。\n6. lr端口线速率配置错误。\n7. 单板硬件自检。""}, {""@rid"": ""#-1:bbdf1f2b-493d-4dd8-913c-6961a163fe3d"", ""title"": ""RRU链路断"", ""location"": ""SubNetwork=5305,ManagedElement=176698,Equipment=1,Rack=53,SubRack=1,Slot=1,PlugInUnit=1,SdrDeviceGroup=1"", ""reason"": ""1. BBU和RRU之间或者上下级RRU之间的光纤故障。\n2. RRU光模块或上联的BBU光模块故障。\n3. RRU未供电。\n4. BBU接口单板故障。\n5. RRU故障。\n6. lr端口线速率配置错误。\n7. 单板硬件自检。""}, {""@rid"": ""#-1:c2d84507-5b41-4ac1-bdb9-e4112d3e5f05"", ""title"": ""RRU链路断"", ""location"": ""SubNetwork=5305,ManagedElement=176698,Equipment=1,Rack=51,SubRack=1,Slot=1,PlugInUnit=1,SdrDeviceGroup=1"", ""reason"": ""1. BBU和RRU之间或者上下级RRU之间的光纤故障。\n2. RRU光模块或上联的BBU光模块故障。\n3. RRU未供电。\n4. BBU接口单板故障。\n5. RRU故障。\n6. lr端口线速率配置错误。\n7. 单板硬件自检。""}]}"
328e4b7b-242e-49b2-a353-0416a3843ee5,"{""rootcause"": [{""@rid"": ""#-1:e3c86969-5675-4b48-902d-2fde2cb5155c"", ""title"": ""射频单元IR接口异常告警"", ""location"": ""柜号:0; 框号:230; 槽号:0; 端口号:端口0; 类型:MRRU; :IR接口异常"", ""reason"": ""69""}, {""@rid"": ""#-1:eb19a2cf-67c9-4b70-801f-982f6e05daa3"", ""title"": ""射频单元IR接口异常告警"", ""location"": ""柜号:0; 框号:224; 槽号:0; 端口号:端口1; 类型:MRRU; :IR接口异常"", ""reason"": ""69""}, {""@rid"": ""#-1:f78a9e6a-9e84-4e6a-bffa-5a0745931536"", ""title"": ""射频单元IR接口异常告警"", ""location"": ""柜号:0; 框号:230; 槽号:0; 端口号:端口1; 类型:MRRU; :IR接口异常"", ""reason"": ""69""}]}"
32ec03d4-2e2d-4cc6-958f-4c8d5b1cf7a4,"{""rootcause"": [{""@rid"": ""#-1:616ed170-6ec9-4c40-babd-6a5961009181"", ""title"": ""射频单元IR接口异常告警"", ""location"": ""柜号:0; 框号:207; 槽号:0; 端口号:端口0; 类型:MRRU; :IR接口异常"", ""reason"": ""69""}]}"
32ec8c4c-00c9-45ad-b63e-754fec44b407,"{""rootcause"": [{""@rid"": ""#-1:4142a614-769c-4200-8da8-b7bd6a24f6b5"", ""title"": ""输入电源断"", ""location"": ""SubNetwork=CMCC-GZ-03,ManagedElement=12584406,Equipment=1,ReplaceableUnit=A_2"", ""reason"": ""外部掉电""}, {""@rid"": ""#-1:c22af5be-28df-4fed-8674-ae1d4d5f6ffd"", ""title"": ""输入电源断"", ""location"": ""SubNetwork=CMCC-GZ-03,ManagedElement=12584406,Equipment=1,ReplaceableUnit=A_3"", ""reason"": ""外部掉电""}, {""@rid"": ""#-1:177db4ef-6f36-4ac7-8601-5f0217f24ff8"", ""title"": ""输入电源断"", ""location"": ""SubNetwork=CMCC-GZ-03,ManagedElement=12584406,Equipment=1,ReplaceableUnit=A_1"", ""reason"": ""外部掉电""}]}"
32fe38ff-625c-4e67-9f4c-f07dc5a0bc57,"{""rootcause"": [{""@rid"": ""#-1:a8e03d9f-3cf0-49b5-96fe-fdf4b0a5495c"", ""title"": ""设备掉电"", ""location"": ""SubNetwork=5309,ManagedElement=594571,Equipment=1,Rack=52,SubRack=1,Slot=1,PlugInUnit=1,SdrDeviceGroup=1"", ""reason"": ""1. 市电异常。\n2. 外部供电设备故障。""}]}"
330a4c36-c071-441f-9ee5-c9495e681936,"{""rootcause"": [{""title"": ""ETH_LOS"", ""reason"": ""(1)端口已使能但端口的网线或光纤没有连接好；\n(2)网线或光纤故障；\n(3)对端发送部分故障；\n(4)本端接收部分故障。\n(5)灰光光模块与彩光光模块对接，端口可能上ETH_LOS。\n(6)彩光光模块对接，配置不同波长。\n(7)对接端口的传输模式不一致或者FEC模式不一致。"", ""location"": ""2-D2EG2-1(PORT-1)-MAC:1"", ""@rid"": ""#-1:f5232a05-1cd8-4aa9-8ef7-8425a2c80313""}, {""title"": ""网元连接中断"", ""reason"": ""718"", ""location"": ""网元名称:5G南1HM; 网元IP地址:10.179.56.146; 网元IP地址(IP Mode):NULL; 端口:6007; 错误:N/A; 信息:端口时; 分:MediationService5509; OMC IP:10.224.27.33"", ""@rid"": ""#-1:0a0a42df-75d4-48e4-b474-85a116a1d8ed""}]}"
331ed938-6987-42bb-86cd-a16720002b03,"{""rootcause"": [{""@rid"": ""#-1:8022e701-c3b6-4d4d-881f-ffe7389f33ce"", ""title"": ""基站退出服务"", ""location"": ""SubNetwork=CMCC-GZ-01,ManagedElement=12782426,ENBCUCPFunction=460-00_874646"", ""reason"": ""所有小区退出服务""}, {""@rid"": ""#-1:efcc5192-99e0-435c-a866-36f417124cb3"", ""title"": ""[衍生告警]设备商甲4G基站退服"", ""location"": "":东;\n名称:;\n告警:[告警]4G;\n告警:；2\n告警时间:2025-12-19 00:41:29;"", ""reason"": ""所有小区退出服务""}]}"
332d472a-9e4a-4ee4-9519-a8aa0801101e,"{""rootcause"": [{""@rid"": ""#-1:34e19242-e667-44e3-b0ef-8c79bfc48918"", ""title"": ""射频单元交流掉电告警"", ""location"": ""柜号:0; 框号:90; 槽号:0; 类型:MRRU"", ""reason"": ""551""}, {""@rid"": ""#-1:d0376597-0cc9-40c3-83b9-ed340bbe9f0f"", ""title"": ""射频单元交流掉电告警"", ""location"": ""柜号:0; 框号:91; 槽号:0; 类型:MRRU"", ""reason"": ""551""}]}"
33456559-c6b2-4e39-bfa6-c7cdd6d4c9d1,"{""rootcause"": [{""@rid"": ""#-1:61d9de20-d61e-46b4-b392-02acd4854f9d"", ""title"": ""输入电源断"", ""location"": ""SubNetwork=5307,ManagedElement=2622994,Equipment=1,ReplaceableUnit=52"", ""reason"": ""外部掉电""}, {""@rid"": ""#-1:7ae48dff-0da4-4bf0-9bac-0f79f05ef760"", ""title"": ""输入电源断"", ""location"": ""SubNetwork=5307,ManagedElement=2622994,Equipment=1,ReplaceableUnit=51"", ""reason"": ""外部掉电""}, {""@rid"": ""#-1:d86473e0-8458-4f41-bcdd-de3aa5a0c8fe"", ""title"": ""输入电源断"", ""location"": ""SubNetwork=5307,ManagedElement=2622994,Equipment=1,ReplaceableUnit=53"", ""reason"": ""外部掉电""}, {""@rid"": ""#-1:142b475a-2798-4f6e-9951-bb4a748d90ba"", ""title"": ""输入电压异常"", ""location"": ""SubNetwork=5307,ManagedElement=2622994,Equipment=1,ReplaceableUnit=51"", ""reason"": ""欠压""}, {""@rid"": ""#-1:726981fd-8475-4bfe-bc0b-a349769ba904"", ""title"": ""设备掉电"", ""location"": ""SubNetwork=5307,ManagedElement=297315,Equipment=1,Rack=54,SubRack=1,Slot=1,PlugInUnit=1,SdrDeviceGroup=1"", ""reason"": ""1. 市电异常。\n2. 外部供电设备故障。""}, {""@rid"": ""#-1:2e470714-5b67-49ed-9ab4-4d643f51ed2e"", ""title"": ""输入电压异常"", ""location"": ""SubNetwork=5307,ManagedElement=2622994,Equipment=1,ReplaceableUnit=52"", ""reason"": ""欠压""}]}"
3347ae72-70d7-408a-a0dd-47a22e71beac,"{""rootcause"": [{""@rid"": ""#-1:1d9f22b2-8550-48e9-92ef-cd9692446b99"", ""title"": ""光口接收链路故障"", ""location"": ""SubNetwork=5300,ManagedElement=297168,Equipment=1,Rack=1,SubRack=1,Slot=3,PlugInUnit=1,SdrDeviceGroup=1,FiberDeviceSet=1,FiberDevice=1"", ""reason"": ""1. 光纤/电缆损坏；\n2. 光纤/电缆端面污染；\n3. 本端或对端光/电模块或光纤/电缆没插好；\n4. 对端设备的光/电模块损坏；\n5. 光纤实际长度大于光模块支持的长度；\n6. 本端、对端的光模块速率不匹配；\n7. 对端设备工作异常。""}, {""@rid"": ""#-1:dbe9fc78-daf8-4c36-8e63-4d873227b960"", ""title"": ""RRU链路断"", ""location"": ""SubNetwork=5300,ManagedElement=297168,Equipment=1,Rack=62,SubRack=1,Slot=1,PlugInUnit=1,SdrDeviceGroup=1"", ""reason"": ""1. BBU和RRU之间或者上下级RRU之间的光纤故障。\n2. RRU光模块或上联的BBU光模块故障。\n3. RRU未供电。\n4. BBU接口单板故障。\n5. RRU故障。\n6. lr端口线速率配置错误。\n7. 单板硬件自检。""}]}"
334aedd1-55f5-4ebd-ba27-8d4503269ab5,"{""rootcause"": [{""title"": ""输入电源断"", ""location"": ""SubNetwork=1004,ManagedElement=1420820,Equipment=1,ReplaceableUnit=63"", ""reason"": ""外部掉电"", ""@rid"": ""#-1:b854ec52-a230-4d1e-af7f-8494a6e11454""}, {""title"": ""输入电源断"", ""location"": ""SubNetwork=1004,ManagedElement=1420820,Equipment=1,ReplaceableUnit=61"", ""reason"": ""外部掉电"", ""@rid"": ""#-1:a309026c-97ce-4483-a49e-d188a563a9d3""}, {""title"": ""输入电源断"", ""location"": ""SubNetwork=1004,ManagedElement=1420820,Equipment=1,ReplaceableUnit=62"", ""reason"": ""外部掉电"", ""@rid"": ""#-1:f8d4235e-3c72-44ad-bbc3-8b0f20e7b40a""}]}"
334d7ac0-1233-4c1f-ad30-4fcd5e6d0558,"{""rootcause"": [{""@rid"": ""#-1:5eca8f3b-0455-49b7-8b84-9f9ae42eca7d"", ""title"": ""射频单元驻波告警"", ""location"": ""柜号:0; 框号:227; 槽号:0; :1; 类型:MRRU; 告警(0.1):30; (0.1):250; 输出(0.1dBm):252; 端口:NULL"", ""reason"": ""516""}, {""@rid"": ""#-1:1095ddae-a8f3-4e02-99cb-6a295a52200d"", ""title"": ""射频单元驻波告警"", ""location"": ""柜号:0; 框号:227; 槽号:0; :0; 类型:MRRU; 告警(0.1):30; (0.1):250; 输出(0.1dBm):238; 端口:NULL"", ""reason"": ""516""}]}"
339282a7-5651-4d77-a3cf-5658fa768acf,"{""rootcause"": [{""title"": ""射频单元CPRI接口异常告警"", ""location"": ""柜号:0; 框号:150; 槽号:0; 端口号:端口1; 端口号:NULL; 类型:MRRU; :CPRI接口异常"", ""reason"": ""566"", ""@rid"": ""#-1:e39f2219-2613-41e0-9446-434c7b9e3a41""}, {""title"": ""射频单元CPRI接口异常告警"", ""location"": ""柜号:0; 框号:150; 槽号:0; 端口号:端口1; 端口号:NULL; 类型:MRRU; :CPRI接口异常"", ""reason"": ""566"", ""@rid"": ""#-1:3473d51c-5f11-435c-a705-2453e0bbc4a4""}]}"
33b6bbd8-bb30-4147-a6de-de5ad8aa779d,"{""rootcause"": [{""title"": ""输入电源断"", ""location"": ""SubNetwork=1004,ManagedElement=1396908,Equipment=1,ReplaceableUnit=61"", ""reason"": ""外部掉电"", ""@rid"": ""#-1:28b15fa0-1821-45a8-af4e-07b86d0de543""}, {""title"": ""输入电源断"", ""location"": ""SubNetwork=1004,ManagedElement=1396908,Equipment=1,ReplaceableUnit=62"", ""reason"": ""外部掉电"", ""@rid"": ""#-1:41a50ed9-4110-4ed1-901b-9f5a4c5661cb""}, {""title"": ""输入电源断"", ""location"": ""SubNetwork=1004,ManagedElement=1396908,Equipment=1,ReplaceableUnit=63"", ""reason"": ""外部掉电"", ""@rid"": ""#-1:bf6341e6-fdb7-4f96-96e9-25fac2f518e4""}]}"
33cb86d6-1106-4367-8d32-13c105e923e9,"{""rootcause"": [{""title"": ""RRU链路断"", ""location"": ""SubNetwork=1004,ManagedElement=1404410,Equipment=1,ReplaceableUnit=63"", ""reason"": ""RRU链路断"", ""@rid"": ""#-1:4ebc27d9-15dd-43a9-b4cb-629e09ffaa54""}]}"
33eadfc7-9c57-4325-9f78-f74161272f96,"{""rootcause"": [{""title"": ""射频单元直流掉电告警"", ""location"": ""柜号:0; 框号:175; 槽号:0; 类型:AIRU"", ""reason"": ""551"", ""@rid"": ""#-1:66636b51-8f59-4de6-8a87-f795741e0ca8""}, {""title"": ""射频单元直流掉电告警"", ""location"": ""柜号:0; 框号:174; 槽号:0; 类型:AIRU"", ""reason"": ""551"", ""@rid"": ""#-1:6f5e09f1-3acd-42bf-9f90-6c6d52fb0ce9""}, {""title"": ""射频单元直流掉电告警"", ""location"": ""柜号:0; 框号:176; 槽号:0; 类型:AIRU"", ""reason"": ""551"", ""@rid"": ""#-1:972ed90e-d2e5-494e-b32a-e55104e43c0a""}]}"
33ee1642-febd-447f-b900-7144dc579ba7,"{""rootcause"": [{""@rid"": ""#-1:2ce7bc28-83bc-4712-b786-dabfb3edd325"", ""title"": ""射频单元交流掉电告警"", ""location"": ""柜号:0; 框号:61; 槽号:0; 类型:MRRU"", ""reason"": ""551""}, {""@rid"": ""#-1:6b6eb226-f599-4b49-877f-d0cb2b4e7f6f"", ""title"": ""射频单元交流掉电告警"", ""location"": ""柜号:0; 框号:67; 槽号:0; 类型:MRRU"", ""reason"": ""551""}]}"
3426a93d-5377-452b-8bff-5c1e595db91b,"{""rootcause"": [{""title"": ""输入电源断"", ""location"": ""SubNetwork=1004,ManagedElement=1401104,Equipment=1,ReplaceableUnit=78"", ""reason"": ""输入电源断"", ""@rid"": ""#-1:01ff1dde-df59-4c20-ba7d-540e8cf77073""}, {""title"": ""输入电源断"", ""location"": ""SubNetwork=1004,ManagedElement=1401104,Equipment=1,ReplaceableUnit=77"", ""reason"": ""输入电源断"", ""@rid"": ""#-1:eb4a15df-d7aa-4bc6-bdb2-be8c9d5a64e1""}, {""title"": ""输入电源断"", ""location"": ""SubNetwork=1004,ManagedElement=1401104,Equipment=1,ReplaceableUnit=79"", ""reason"": ""输入电源断"", ""@rid"": ""#-1:f7780223-4359-4d0b-a5c5-ba99c069edea""}]}"
34329910-ff4b-4fee-80c0-dedb1340782e,"{""rootcause"": [{""@rid"": ""#-1:0dc417db-2bf9-4e76-8847-c077655c60e2"", ""title"": ""RRU链路断"", ""location"": ""SubNetwork=5308,ManagedElement=715504,Equipment=1,Rack=68,SubRack=1,Slot=1,PlugInUnit=1,SdrDeviceGroup=1"", ""reason"": ""1. BBU和RRU之间或者上下级RRU之间的光纤故障。\n2. RRU光模块或上联的BBU光模块故障。\n3. RRU未供电。\n4. BBU接口单板故障。\n5. RRU故障。\n6. lr端口线速率配置错误。\n7. 单板硬件自检。""}, {""@rid"": ""#-1:7c34b1cc-9c1c-4977-aa6f-b8ce4affd663"", ""title"": ""RRU链路断"", ""location"": ""SubNetwork=5308,ManagedElement=715504,Equipment=1,Rack=70,SubRack=1,Slot=1,PlugInUnit=1,SdrDeviceGroup=1"", ""reason"": ""1. BBU和RRU之间或者上下级RRU之间的光纤故障。\n2. RRU光模块或上联的BBU光模块故障。\n3. RRU未供电。\n4. BBU接口单板故障。\n5. RRU故障。\n6. lr端口线速率配置错误。\n7. 单板硬件自检。""}]}"
3481b599-a328-46f5-882c-204e48c3a30a,"{""rootcause"": [{""title"": ""单板电源关断"", ""reason"": ""1. 单板过温。\n2. 单板过流。\n3. OMC发起关断。\n4. 软件异常关电。"", ""location"": ""SubNetwork=1002,ManagedElement=82367,Equipment=1,Rack=1,SubRack=1,Slot=3,PlugInUnit=1,SdrDeviceGroup=1"", ""@rid"": ""#-1:37702834-06ed-4333-b568-40f93c36d053""}, {""title"": ""输入电压异常"", ""reason"": ""过压：外部电源系统的输入电压超过高门限。\n欠压：外部电源系统的输入电压低于低门限，可能原因包括：市电供电不够，空开容量不够，电源线线径不够，电源线过长等。\n掉电：外部电源系统的输入电压中断。\n供电能力不足：外部电源柜或者蓄电池带载能力不足，欠压导致定标失败，上报供电能力不足。可能原因包括市电供电不够，空开容量不够，电源线线径不够，电源线过长等。"", ""location"": ""SubNetwork=1002,ManagedElement=82367,Equipment=1,Rack=1,SubRack=1,Slot=17,PlugInUnit=1,SdrDeviceGroup=1"", ""@rid"": ""#-1:f688c915-e563-4de4-a68f-962627dd6b5c""}]}"
348b9ad2-0449-4b01-a7fb-dbe29f8e9c7d,"{""rootcause"": [{""@rid"": ""#-1:40cdb2b6-057f-4b44-8e3f-6fcf11c17d6d"", ""title"": ""射频单元驻波告警"", ""location"": ""柜号:0; 框号:61; 槽号:0; :1; 类型:MRRU; 告警(0.1):18; (0.1):21; 输出(0.1dBm):292; 端口:NULL"", ""reason"": ""516""}]}"
34af20d0-ac69-4dff-ab99-a37f0fd8d5ff,"{""rootcause"": [{""@rid"": ""#-1:d4fb1a3b-5fc0-41cd-ab04-fe32e677f25a"", ""title"": ""RRU功率检测异常"", ""location"": ""sbn=1,NodeMe=534624,Equipment=1,rack=52,shelf=1,board=1"", ""reason"": ""1. RRU通道硬件故障。\n2. RRU版本问题。\n3. 光纤链路问题。\n4. BBU硬件异常或者版本问题。""}]}"
34dbf56d-0d77-4f3e-a675-2836dd0fb6c2,"{""rootcause"": [{""@rid"": ""#-1:9f940ca4-9bd9-4dd4-84b6-a0346dfffe6a"", ""title"": ""设备掉电"", ""location"": ""SubNetwork=5309,ManagedElement=177236,Equipment=1,Rack=53,SubRack=1,Slot=1,PlugInUnit=1,SdrDeviceGroup=1"", ""reason"": ""1. 市电异常。\n2. 外部供电设备故障。""}]}"
35182aed-3288-408a-8ffd-45e3a3ea677f,"{""rootcause"": [{""title"": ""射频单元直流掉电告警"", ""location"": ""柜号:0; 框号:150; 槽号:0; 类型:AIRU"", ""reason"": ""551"", ""@rid"": ""#-1:771a070b-c8a0-4045-a9ac-ef8e74fb6b95""}, {""title"": ""射频单元直流掉电告警"", ""location"": ""柜号:0; 框号:151; 槽号:0; 类型:AIRU"", ""reason"": ""551"", ""@rid"": ""#-1:e05fcde6-7bdf-4b3e-a01d-04949fb4ed66""}, {""title"": ""射频单元直流掉电告警"", ""location"": ""柜号:0; 框号:152; 槽号:0; 类型:AIRU"", ""reason"": ""551"", ""@rid"": ""#-1:9f678eb2-02c9-41b8-b4fd-86585483474f""}, {""title"": ""射频单元直流掉电告警"", ""location"": ""柜号:0; 框号:112; 槽号:0; 类型:MRRU"", ""reason"": ""551"", ""@rid"": ""#-1:84ae10c4-1f8c-4d5b-9e8d-4e1b2096bda9""}, {""title"": ""射频单元直流掉电告警"", ""location"": ""柜号:0; 框号:111; 槽号:0; 类型:MRRU"", ""reason"": ""551"", ""@rid"": ""#-1:d6970675-8c2a-4314-b983-6829ddaecf2d""}, {""title"": ""射频单元直流掉电告警"", ""location"": ""柜号:0; 框号:113; 槽号:0; 类型:MRRU"", ""reason"": ""551"", ""@rid"": ""#-1:31a6f92a-93a2-4fe7-8c43-8d4916867c36""}]}"
3539c98e-c84a-4300-84ff-ae150ba893a2,"{""rootcause"": [{""@rid"": ""#-1:b81cf99f-f5d0-4d13-b314-21f79e68623b"", ""title"": ""设备掉电"", ""location"": ""SubNetwork=5300,ManagedElement=296321,Equipment=1,Rack=65,SubRack=1,Slot=1,PlugInUnit=1,SdrDeviceGroup=1"", ""reason"": ""1. 市电异常。\n2. 外部供电设备故障。""}, {""@rid"": ""#-1:7c7095b0-5401-4c20-aadc-f3e834ac196b"", ""title"": ""设备掉电"", ""location"": ""SubNetwork=5307,ManagedElement=295505,Equipment=1,Rack=57,SubRack=1,Slot=1,PlugInUnit=1,SdrDeviceGroup=1"", ""reason"": ""1. 市电异常。\n2. 外部供电设备故障。""}, {""@rid"": ""#-1:f7ef0352-2275-4ac0-8cbf-9c0352d7f235"", ""title"": ""设备掉电"", ""location"": ""SubNetwork=5300,ManagedElement=296321,Equipment=1,Rack=53,SubRack=1,Slot=1,PlugInUnit=1,SdrDeviceGroup=1"", ""reason"": ""1. 市电异常。\n2. 外部供电设备故障。""}, {""@rid"": ""#-1:b830e278-f985-451b-8884-411c4ab38a44"", ""title"": ""设备掉电"", ""location"": ""SubNetwork=5300,ManagedElement=296322,Equipment=1,Rack=51,SubRack=1,Slot=1,PlugInUnit=1,SdrDeviceGroup=1"", ""reason"": ""1. 市电异常。\n2. 外部供电设备故障。""}, {""@rid"": ""#-1:231db6d7-272c-49a5-b7c3-11995b6e53c3"", ""title"": ""设备掉电"", ""location"": ""SubNetwork=5300,ManagedElement=296321,Equipment=1,Rack=51,SubRack=1,Slot=1,PlugInUnit=1,SdrDeviceGroup=1"", ""reason"": ""1. 市电异常。\n2. 外部供电设备故障。""}, {""@rid"": ""#-1:ca6bd5d9-00c7-44e9-8008-35743769b713"", ""title"": ""设备掉电"", ""location"": ""SubNetwork=5300,ManagedElement=296322,Equipment=1,Rack=53,SubRack=1,Slot=1,PlugInUnit=1,SdrDeviceGroup=1"", ""reason"": ""1. 市电异常。\n2. 外部供电设备故障。""}, {""@rid"": ""#-1:4f457d10-716a-4479-883a-04d599fc61d1"", ""title"": ""设备掉电"", ""location"": ""SubNetwork=5300,ManagedElement=296322,Equipment=1,Rack=55,SubRack=1,Slot=1,PlugInUnit=1,SdrDeviceGroup=1"", ""reason"": ""1. 市电异常。\n2. 外部供电设备故障。""}, {""@rid"": ""#-1:460dbe6a-f399-4d42-8cc2-4efb49f21f0d"", ""title"": ""设备掉电"", ""location"": ""SubNetwork=5307,ManagedElement=295505,Equipment=1,Rack=56,SubRack=1,Slot=1,PlugInUnit=1,SdrDeviceGroup=1"", ""reason"": ""1. 市电异常。\n2. 外部供电设备故障。""}, {""@rid"": ""#-1:15180df4-a0e0-4d97-b7b9-e93f61a38111"", ""title"": ""设备掉电"", ""location"": ""SubNetwork=5307,ManagedElement=295505,Equipment=1,Rack=58,SubRack=1,Slot=1,PlugInUnit=1,SdrDeviceGroup=1"", ""reason"": ""1. 市电异常。\n2. 外部供电设备故障。""}, {""@rid"": ""#-1:f46f47e1-4bd4-4581-a30d-762a5080d13f"", ""title"": ""设备掉电"", ""location"": ""SubNetwork=5300,ManagedElement=296321,Equipment=1,Rack=55,SubRack=1,Slot=1,PlugInUnit=1,SdrDeviceGroup=1"", ""reason"": ""1. 市电异常。\n2. 外部供电设备故障。""}, {""@rid"": ""#-1:60234a69-bcac-4910-8176-492764af68c9"", ""title"": ""设备掉电"", ""location"": ""SubNetwork=5300,ManagedElement=296321,Equipment=1,Rack=67,SubRack=1,Slot=1,PlugInUnit=1,SdrDeviceGroup=1"", ""reason"": ""1. 市电异常。\n2. 外部供电设备故障。""}]}"
353b6079-008a-4400-ad91-ae4478618d9d,"{""rootcause"": [{""@rid"": ""#-1:e76f97de-5b99-4a35-b0b6-ab629f1dd9d6"", ""title"": ""BBU IR接口异常告警"", ""location"": ""柜号:0; 框号:0; 槽号:4; 端口号:1; 端口号:0; 类型:UBBP; :"", ""reason"": ""567""}, {""@rid"": ""#-1:3b71b0ad-002c-4b36-a4c0-1722eb2c2eee"", ""title"": ""BBU IR接口异常告警"", ""location"": ""柜号:0; 框号:0; 槽号:4; 端口号:1; 端口号:0; 类型:UBBP; :"", ""reason"": ""567""}, {""@rid"": ""#-1:82bba1e6-5fcf-47fd-b02b-7f3b337d3a63"", ""title"": ""BBU IR接口异常告警"", ""location"": ""柜号:0; 框号:0; 槽号:4; 端口号:0; 端口号:0; 类型:UBBP; :"", ""reason"": ""567""}]}"
359e004e-3bb3-41e5-b2da-6aea4da6c58e,"{""rootcause"": [{""@rid"": ""#-1:6f5d791c-d1b5-432c-8188-e4f4a32ed31a"", ""title"": ""RRU链路断"", ""location"": ""sbn=0,NodeMe=393408,Equipment=1,rack=69,shelf=1,board=1"", ""reason"": ""1. BBU和RRU之间或者上下级RRU之间的光纤故障。\n2. RRU光模块或上联的BBU光模块故障。\n3. RRU未供电。\n4. BBU接口单板故障。\n5. RRU故障。\n6. lr端口线速率配置错误。\n7. 单板硬件自检。""}]}"
360a009f-e678-4bed-9f95-80e386c41921,"{""rootcause"": [{""title"": ""射频单元直流掉电告警"", ""location"": ""柜号:0; 框号:150; 槽号:0; 类型:AIRU"", ""reason"": ""551"", ""@rid"": ""#-1:40755d3c-fdfb-4445-98d6-72ebb68e9603""}, {""title"": ""射频单元直流掉电告警"", ""location"": ""柜号:0; 框号:151; 槽号:0; 类型:AIRU"", ""reason"": ""551"", ""@rid"": ""#-1:8f920bd4-b374-4671-bf22-d921d3c6bbae""}, {""title"": ""射频单元直流掉电告警"", ""location"": ""柜号:0; 框号:152; 槽号:0; 类型:AIRU"", ""reason"": ""551"", ""@rid"": ""#-1:b4395c53-d4b0-4b50-8bc7-d6ad85464d39""}]}"
363c52ce-1682-4699-999c-ce3bde55debc,"{""rootcause"": [{""@rid"": ""#-1:ac33292d-eede-4b31-8008-e753835c81c9"", ""title"": ""RRU链路断"", ""location"": ""SubNetwork=5309,ManagedElement=2591668,Equipment=1,ReplaceableUnit=53"", ""reason"": ""RRU链路断""}]}"
369384e7-26fe-4237-8ffc-0d4ea5371455,"{""rootcause"": [{""@rid"": ""#-1:3dd3b4a9-9ef8-49fd-a3d0-9d6c38e2bb2a"", ""title"": ""RRU链路断"", ""location"": ""SubNetwork=5303,ManagedElement=373566,Equipment=1,Rack=60,SubRack=1,Slot=1,PlugInUnit=1,SdrDeviceGroup=1"", ""reason"": ""1. BBU和RRU之间或者上下级RRU之间的光纤故障。\n2. RRU光模块或上联的BBU光模块故障。\n3. RRU未供电。\n4. BBU接口单板故障。\n5. RRU故障。\n6. lr端口线速率配置错误。\n7. 单板硬件自检。""}, {""@rid"": ""#-1:30333e10-1c00-4784-88ea-34208093af8e"", ""title"": ""光口接收链路故障"", ""location"": ""SubNetwork=5303,ManagedElement=373566,Equipment=1,Rack=1,SubRack=1,Slot=11,PlugInUnit=1,SdrDeviceGroup=1,FiberDeviceSet=1,FiberDevice=3"", ""reason"": ""1. 光纤/电缆损坏；\n2. 光纤/电缆端面污染；\n3. 本端或对端光/电模块或光纤/电缆没插好；\n4. 对端设备的光/电模块损坏；\n5. 光纤实际长度大于光模块支持的长度；\n6. 本端、对端的光模块速率不匹配；\n7. 对端设备工作异常。""}]}"
369f9998-a6eb-4efb-8aac-00cc8e7ab22b,"{""rootcause"": [{""@rid"": ""#-1:4ed4b9d9-290e-40e8-9980-498831023a82"", ""title"": ""射频单元驻波告警"", ""location"": ""柜号:0; 框号:225; 槽号:0; :0; 类型:MRRU; 告警(0.1):20; (0.1):21; 输出(0.1dBm):341; 端口:NULL"", ""reason"": ""516""}]}"
36c39373-e743-4987-a4d2-0d044fcc4366,"{""rootcause"": [{""@rid"": ""#-1:3495d58d-ec98-4214-8d33-5d98e2b7997e"", ""title"": ""NR分布单元小区TRP不可用告警"", ""location"": ""gNodeB名称:BBU10D59003672073PT-H5R; NR DUTRP:5; 故障柜号:0; 故障框号:204; 故障槽号:0; 描述:NULL; :电源异常"", ""reason"": ""509""}, {""@rid"": ""#-1:5eafacb2-85ed-445f-b36c-4de09975615b"", ""title"": ""NR分布单元小区TRP不可用告警"", ""location"": ""gNodeB名称:BBU10D59003672073PT-H5R; NR DUTRP:6; 故障柜号:0; 故障框号:205; 故障槽号:0; 描述:NULL; :电源异常"", ""reason"": ""509""}]}"
36ca4db7-7eab-4b44-aebc-69ebfc94d393,"{""rootcause"": [{""title"": ""ETH_LOS"", ""location"": ""19-ETMC-10(PORT-10)-MAC:1"", ""reason"": ""(1)端口已使能但端口的网线或光纤没有连接好；\n(2)网线或光纤故障；\n(3)对端发送部分故障；\n(4)本端接收部分故障。\n(5)灰光光模块与彩光光模块对接，端口可能上ETH_LOS。\n(6)彩光光模块对接，配置不同波长。\n(7)对接端口的传输模式不一致或者FEC模式不一致。"", ""@rid"": ""#-1:97b65f98-3cbf-4e06-97b1-3726346f3033""}, {""title"": ""ETH_LOS"", ""location"": ""3-D2EG2-1(PORT-1)-MAC:1"", ""reason"": ""(1)端口已使能但端口的网线或光纤没有连接好；\n(2)网线或光纤故障；\n(3)对端发送部分故障；\n(4)本端接收部分故障。\n(5)灰光光模块与彩光光模块对接，端口可能上ETH_LOS。\n(6)彩光光模块对接，配置不同波长。\n(7)对接端口的传输模式不一致或者FEC模式不一致。"", ""@rid"": ""#-1:7ed6b4e6-80bc-422f-bd39-f6647c6fafb0""}]}"
36cf276e-7ea1-4418-aad6-4de209dad965,"{""rootcause"": [{""title"": ""设备掉电"", ""location"": ""SubNetwork=1003,ManagedElement=17002,Equipment=1,Rack=51,SubRack=1,Slot=1,PlugInUnit=1,SdrDeviceGroup=1"", ""reason"": ""1. 市电异常。2. 外部供电设备故障。"", ""@rid"": ""#-1:ec089b6e-0b59-49fd-bef0-65d9efefeefb""}]}"
36cfb054-77cd-43b1-9426-8688ed4796f9,"{""rootcause"": [{""@rid"": ""#-1:db09be5b-6b16-4c93-ad90-92b08f69bf86"", ""title"": ""RRU链路断"", ""location"": ""SubNetwork=CMCC-GZ-01,ManagedElement=12655690,Equipment=1,ReplaceableUnit=60"", ""reason"": ""RRU链路断""}]}"
36dcb890-277a-4e8d-a3a9-f870f9230246,"{""rootcause"": [{""title"": ""设备掉电"", ""location"": ""SubNetwork=1003,ManagedElement=886813,Equipment=1,Rack=61,SubRack=1,Slot=1,PlugInUnit=1,SdrDeviceGroup=1"", ""reason"": ""1. 市电异常。\n2. 外部供电设备故障。"", ""@rid"": ""#-1:2f6d5814-0f5a-42de-9c9b-9d81ada216cc""}, {""title"": ""设备掉电"", ""location"": ""SubNetwork=1003,ManagedElement=886813,Equipment=1,Rack=62,SubRack=1,Slot=1,PlugInUnit=1,SdrDeviceGroup=1"", ""reason"": ""1. 市电异常。\n2. 外部供电设备故障。"", ""@rid"": ""#-1:ce297544-138a-459a-b5cf-c43e80749586""}, {""title"": ""设备掉电"", ""location"": ""SubNetwork=1003,ManagedElement=886813,Equipment=1,Rack=63,SubRack=1,Slot=1,PlugInUnit=1,SdrDeviceGroup=1"", ""reason"": ""1. 市电异常。\n2. 外部供电设备故障。"", ""@rid"": ""#-1:34e7aaa3-8150-405c-a2cc-5daae019145d""}]}"
3708560b-6cf2-4657-8090-167d83ee2fff,"{""rootcause"": [{""title"": ""射频单元交流掉电告警"", ""location"": ""柜号:0; 框号:150; 槽号:0; 类型:AIRU"", ""reason"": ""551"", ""@rid"": ""#-1:ddf055b4-3cb9-43a4-ad81-bee16f3bcf0e""}, {""title"": ""射频单元交流掉电告警"", ""location"": ""柜号:0; 框号:151; 槽号:0; 类型:AIRU"", ""reason"": ""551"", ""@rid"": ""#-1:5edb2166-becf-4449-ade3-b922d71a3f42""}]}"
372db323-dd59-4aa0-b9f7-9750f0f78e64,"{""rootcause"": [{""@rid"": ""#-1:392e2e41-b4a3-4934-b008-d8b7d0b97645"", ""title"": ""没有可用的空口时钟源"", ""location"": ""SubNetwork=5303,ManagedElement=802273,Equipment=1,Rack=1,SubRack=1,Slot=1,PlugInUnit=1,SdrDeviceGroup=1"", ""reason"": ""1. 未配置空口时钟源或者时钟源配置错误。\n2. 空口时钟源均锁不定（时钟源干扰严重，超出晶振调节限值；或晶振故障）。""}]}"
373c6dfa-d882-496d-b976-409ad469bbe9,"{""rootcause"": [{""@rid"": ""#-1:9e0ff0c3-0c01-4f40-97fd-497c0518f243"", ""title"": ""光模块接收光功率异常"", ""location"": ""SubNetwork=CMCC-GZ-03,ManagedElement=12584330,Equipment=1,ReplaceableUnit=VBP_1_8,RiPort=OF1"", ""reason"": ""光模块接收功率过低""}, {""@rid"": ""#-1:1619aa25-a0f3-4a0d-85ce-8fabd3610f8b"", ""title"": ""光模块接收光功率异常"", ""location"": ""SubNetwork=CMCC-GZ-03,ManagedElement=12584330,Equipment=1,ReplaceableUnit=A_3,RiPort=OPT1"", ""reason"": ""光模块接收功率过低""}]}"
3766b19f-196f-4b8e-9822-253548424de7,"{""rootcause"": [{""title"": ""射频单元直流掉电告警"", ""location"": ""柜号:0; 框号:176; 槽号:0; 类型:AIRU"", ""reason"": ""551"", ""@rid"": ""#-1:4dd21710-b62c-49b5-b45f-a21d67fc84c5""}, {""title"": ""射频单元直流掉电告警"", ""location"": ""柜号:0; 框号:174; 槽号:0; 类型:AIRU"", ""reason"": ""551"", ""@rid"": ""#-1:8fe2c047-e90f-4aa4-b85d-b87cca94b81a""}, {""title"": ""射频单元直流掉电告警"", ""location"": ""柜号:0; 框号:175; 槽号:0; 类型:AIRU"", ""reason"": ""551"", ""@rid"": ""#-1:96ff931e-f0d0-432f-9cdc-bcaa1cc4f5f5""}, {""title"": ""射频单元直流掉电告警"", ""location"": ""柜号:0; 框号:150; 槽号:0; 类型:AIRU"", ""reason"": ""551"", ""@rid"": ""#-1:6f01f486-de5e-4779-8931-ac67d261da85""}, {""title"": ""射频单元直流掉电告警"", ""location"": ""柜号:0; 框号:152; 槽号:0; 类型:AIRU"", ""reason"": ""551"", ""@rid"": ""#-1:78b64223-37e8-46b1-b9f6-415ff8adde0f""}, {""title"": ""射频单元直流掉电告警"", ""location"": ""柜号:0; 框号:151; 槽号:0; 类型:AIRU"", ""reason"": ""551"", ""@rid"": ""#-1:fac22f79-df6f-4f3f-b486-59d0f2b9a5ad""}]}"
37af27d1-e0cd-4708-a41b-b95333ed873a,"{""rootcause"": [{""title"": ""光口接收链路故障"", ""location"": ""SubNetwork=1003,ManagedElement=55381,Equipment=1,Rack=1,SubRack=1,Slot=11,PlugInUnit=1,SdrDeviceGroup=1,FiberDeviceSet=1,FiberDevice=1"", ""reason"": ""1. 光纤/电缆损坏；\n2. 光纤/电缆端面污染；\n3. 本端或对端光/电模块或光纤/电缆没插好；\n4. 对端设备的光/电模块损坏；\n5. 光纤实际长度大于光模块支持的长度；\n6. 本端、对端的光模块速率不匹配；\n7. 对端设备工作异常。"", ""@rid"": ""#-1:99b8490a-ca01-4b0a-8498-eaa3cabd2013""}, {""title"": ""RRU链路断"", ""location"": ""SubNetwork=1003,ManagedElement=55381,Equipment=1,Rack=65,SubRack=1,Slot=1,PlugInUnit=1,SdrDeviceGroup=1"", ""reason"": ""1. BBU和RRU之间或者上下级RRU之间的光纤故障。\n2. RRU光模块或上联的BBU光模块故障。\n3. RRU未供电。\n4. BBU接口单板故障。\n5. RRU故障。\n6. lr端口线速率配置错误。\n7. 单板硬件自检。"", ""@rid"": ""#-1:83771515-06dd-40f9-8453-63de369b15f4""}]}"
37b71f14-0995-4d22-ae28-ba4b1af6c1ba,"{""rootcause"": [{""title"": ""设备掉电"", ""location"": ""SubNetwork=1003,ManagedElement=495364,Equipment=1,Rack=51,SubRack=1,Slot=1,PlugInUnit=1,SdrDeviceGroup=1"", ""reason"": ""1. 市电异常。2. 外部供电设备故障。"", ""@rid"": ""#-1:3a90df9d-27f5-488b-b6f4-2033b46b9197""}]}"
37d32b63-5c19-4c85-8f57-955e0c2679f5,"{""rootcause"": [{""@rid"": ""#-1:881714fc-6705-4621-af67-964bd6560668"", ""title"": ""RRU链路断"", ""location"": ""SubNetwork=CMCC-GZ-03,ManagedElement=12721241,Equipment=1,ReplaceableUnit=52"", ""reason"": ""RRU链路断""}]}"
37e41b3e-da42-45d6-898f-95f76b76cd7c,"{""rootcause"": [{""title"": ""BBU CPRI接口异常告警"", ""location"": ""柜号:0; 框号:0; 槽号:4; 端口号:2; 端口号:0; 类型:UBBP; :"", ""reason"": ""567"", ""@rid"": ""#-1:8ed2c36a-d272-47e4-98b9-839cd32dba77""}]}"
37f789c9-97c2-4e57-b574-7c8acebf1527,"{""rootcause"": [{""title"": ""射频单元交流掉电告警"", ""location"": ""柜号:0; 框号:180; 槽号:0; 类型:MRRU"", ""reason"": ""551"", ""@rid"": ""#-1:c781602f-2218-402e-bf31-a0ec6899b4ce""}]}"
3800aab5-55cf-407f-b4e2-97793790197d,"{""rootcause"": [{""title"": ""射频单元直流掉电告警"", ""location"": ""柜号:0; 框号:151; 槽号:0; 类型:AIRU"", ""reason"": ""551"", ""@rid"": ""#-1:4614c397-220d-4078-aa0a-907e8e806dee""}]}"
38036184-e69f-4ef4-97cb-b175c29ed885,"{""rootcause"": [{""title"": ""RRU链路断"", ""location"": ""SubNetwork=1004,ManagedElement=1404497,Equipment=1,ReplaceableUnit=131"", ""reason"": ""RRU链路断"", ""@rid"": ""#-1:b76c58fb-b492-455a-8d37-af325fa7aa49""}]}"
380d6055-97ab-489a-8467-7b2dfc1d9d24,"{""rootcause"": [{""@rid"": ""#-1:7de564d6-5991-46e7-8188-9dd2e3e4c333"", ""title"": ""RRU链路断"", ""location"": ""SubNetwork=5303,ManagedElement=2646837,Equipment=1,ReplaceableUnit=53"", ""reason"": ""RRU链路断""}]}"
3825d9b3-057a-4fcd-8ce3-c164292e55c5,"{""rootcause"": [{""@rid"": ""#-1:e248b1d9-4da6-4a5e-a45c-e72cc0fa22af"", ""title"": ""射频单元驻波告警"", ""location"": ""柜号:0; 框号:231; 槽号:0; :1; 类型:MRRU; 告警(0.1):18; (0.1):18; 输出(0.1dBm):302; 端口:NULL"", ""reason"": ""516""}]}"
383326e3-ab80-4b34-a1c6-6bc7b8c04d9c,"{""rootcause"": [{""@rid"": ""#-1:6d2c69d1-1f59-4624-9ff9-afa957462493"", ""title"": ""没有可用的空口时钟源"", ""location"": ""SubNetwork=5306,ManagedElement=832117,Equipment=1,Rack=1,SubRack=1,Slot=1,PlugInUnit=1,SdrDeviceGroup=1"", ""reason"": ""1. 未配置空口时钟源或者时钟源配置错误。\n2. 空口时钟源均锁不定（时钟源干扰严重，超出晶振调节限值；或晶振故障）。""}]}"
38362ee9-8897-44d5-8b9e-deaa9aae1f97,"{""rootcause"": [{""@rid"": ""#-1:82d82ebc-9336-4b26-8849-8500c75f0d72"", ""title"": ""射频单元CPRI接口异常告警"", ""location"": ""柜号:0; 框号:229; 槽号:0; 端口号:端口0; 端口号:NULL; 类型:MRRU; :CPRI接口异常"", ""reason"": ""566""}]}"
3844caab-b5f4-4f9b-9252-928b44be4420,"{""rootcause"": [{""@rid"": ""#-1:e87f48a6-f650-4d4e-9f2d-72618b591026"", ""title"": ""ETH_LOS"", ""location"": ""1-TPN1EX10S-1(PORT-1)-MAC:1"", ""reason"": ""(1)端口已使能但端口的网线或光纤没有连接好；\n(2)网线或光纤故障；\n(3)对端发送部分故障；\n(4)本端接收部分故障。\n(5)灰光光模块与彩光光模块对接，端口可能上ETH_LOS。\n(6)彩光光模块对接，配置不同波长。\n(7)对接端口的传输模式不一致或者FEC模式不一致。""}]}"
388011b5-a0df-440d-aeb0-f7e38f78542e,"{""rootcause"": [{""title"": ""RRU链路断"", ""location"": ""SubNetwork=1003,ManagedElement=77976,Equipment=1,Rack=51,SubRack=1,Slot=1,PlugInUnit=1,SdrDeviceGroup=1"", ""reason"": ""1. BBU和RRU之间或者上下级RRU之间的光纤故障。2. RRU光模块或上联的BBU光模块故障。3. RRU未供电。4. BBU接口单板故障。5. RRU故障。6. lr端口线速率配置错误。7. 单板硬件自检。"", ""@rid"": ""#-1:fd2731b8-4d90-4e41-bc5a-be72138bcc3c""}]}"
38aac20c-9377-4b1f-84ca-91871dee8bce,"{""rootcause"": [{""title"": ""射频单元输入电源能力不足告警"", ""location"": ""柜号:0; 框号:162; 槽号:0; 电源端口:NULL; 类型:MRRU; :机柜异常"", ""reason"": ""105"", ""@rid"": ""#-1:81a3cff5-c73f-498d-8e8d-e68d9d31a152""}]}"
38edd3c3-9fb2-4ebe-9d85-92db07e730d0,"{""rootcause"": [{""title"": ""光模块接收光功率异常"", ""reason"": ""光模块接收功率过低"", ""location"": ""SubNetwork=1004,ManagedElement=1420829,Equipment=1,ReplaceableUnit=VBP_1_6,RiPort=OF1"", ""@rid"": ""#-1:eec774aa-a297-4de5-97bf-ba1c8ed44122""}]}"
39097c3c-380e-4c28-a6f8-11a843816944,"{""rootcause"": [{""title"": ""ETH_LOS"", ""location"": ""2-D2EG2-2(PORT-2)-MAC:1"", ""reason"": ""(1)端口已使能但端口的网线或光纤没有连接好；\n(2)网线或光纤故障；\n(3)对端发送部分故障；\n(4)本端接收部分故障。\n(5)灰光光模块与彩光光模块对接，端口可能上ETH_LOS。\n(6)彩光光模块对接，配置不同波长。\n(7)对接端口的传输模式不一致或者FEC模式不一致。"", ""@rid"": ""#-1:44c306cd-fe54-4c91-82a2-7f8709c73f7d""}, {""title"": ""ETH_LOS"", ""location"": ""3-D2EG2-1(PORT-1)-MAC:1"", ""reason"": ""(1)端口已使能但端口的网线或光纤没有连接好；\n(2)网线或光纤故障；\n(3)对端发送部分故障；\n(4)本端接收部分故障。\n(5)灰光光模块与彩光光模块对接，端口可能上ETH_LOS。\n(6)彩光光模块对接，配置不同波长。\n(7)对接端口的传输模式不一致或者FEC模式不一致。"", ""@rid"": ""#-1:26326c03-28b5-414d-b023-d94a7d3204c4""}, {""title"": ""ETH_LOS"", ""location"": ""3-D2EG2-2(PORT-2)-MAC:1"", ""reason"": ""(1)端口已使能但端口的网线或光纤没有连接好；\n(2)网线或光纤故障；\n(3)对端发送部分故障；\n(4)本端接收部分故障。\n(5)灰光光模块与彩光光模块对接，端口可能上ETH_LOS。\n(6)彩光光模块对接，配置不同波长。\n(7)对接端口的传输模式不一致或者FEC模式不一致。"", ""@rid"": ""#-1:bc238b9c-e565-4dde-ae58-61785584be9c""}, {""title"": ""ETH_LOS"", ""location"": ""5-D2EG2-1(PORT-1)-MAC:1"", ""reason"": ""(1)端口已使能但端口的网线或光纤没有连接好；\n(2)网线或光纤故障；\n(3)对端发送部分故障；\n(4)本端接收部分故障。\n(5)灰光光模块与彩光光模块对接，端口可能上ETH_LOS。\n(6)彩光光模块对接，配置不同波长。\n(7)对接端口的传输模式不一致或者FEC模式不一致。"", ""@rid"": ""#-1:450fd0db-168c-423f-b674-cf99eb6b26d3""}, {""title"": ""ETH_LOS"", ""location"": ""6-EG2-1(PORT-1)-MAC:1"", ""reason"": ""(1)端口已使能但端口的网线或光纤没有连接好；\n(2)网线或光纤故障；\n(3)对端发送部分故障；\n(4)本端接收部分故障。\n(5)灰光光模块与彩光光模块对接，端口可能上ETH_LOS。\n(6)彩光光模块对接，配置不同波长。\n(7)对接端口的传输模式不一致或者FEC模式不一致。"", ""@rid"": ""#-1:cc0a058c-5df5-4574-b333-e0d161bc4407""}, {""title"": ""ETH_LOS"", ""location"": ""6-EG2-2(PORT-2)-MAC:1"", ""reason"": ""(1)端口已使能但端口的网线或光纤没有连接好；\n(2)网线或光纤故障；\n(3)对端发送部分故障；\n(4)本端接收部分故障。\n(5)灰光光模块与彩光光模块对接，端口可能上ETH_LOS。\n(6)彩光光模块对接，配置不同波长。\n(7)对接端口的传输模式不一致或者FEC模式不一致。"", ""@rid"": ""#-1:37caf08e-ebae-4174-a1c9-20df70040054""}]}"
390e3e57-0b6c-467b-aca2-e1985498017a,"{""rootcause"": [{""@rid"": ""#-1:20924374-fcd3-4f56-bba7-1215212e9e97"", ""title"": ""射频单元IR接口异常告警"", ""location"": ""柜号:0; 框号:201; 槽号:0; 端口号:端口1; 类型:MRRU; :IR接口异常"", ""reason"": ""69""}]}"
390e6eac-3353-442c-a3c2-7bcd116b72c3,"{""rootcause"": [{""@rid"": ""#-1:a4da05d3-39e3-4daa-8fdb-d2f45db52a85"", ""title"": ""射频单元CPRI接口异常告警"", ""location"": ""柜号:0; 框号:225; 槽号:0; 端口号:端口1; 端口号:NULL; 类型:MRRU; :CPRI接口异常"", ""reason"": ""566""}, {""@rid"": ""#-1:3e4d02d7-0174-4901-9dbe-54f398621c3a"", ""title"": ""射频单元CPRI接口异常告警"", ""location"": ""柜号:0; 框号:231; 槽号:0; 端口号:端口0; 端口号:NULL; 类型:MRRU; :CPRI接口异常"", ""reason"": ""566""}]}"
396f71ba-3b3e-420b-8a67-d87db693f65c,"{""rootcause"": [{""title"": ""RRU链路断"", ""location"": ""SubNetwork=1003,ManagedElement=78109,Equipment=1,Rack=53,SubRack=1,Slot=1,PlugInUnit=1,SdrDeviceGroup=1"", ""reason"": ""1. BBU和RRU之间或者上下级RRU之间的光纤故障。2. RRU光模块或上联的BBU光模块故障。3. RRU未供电。4. BBU接口单板故障。5. RRU故障。6. lr端口线速率配置错误。7. 单板硬件自检。"", ""@rid"": ""#-1:97a5cce3-0de0-461d-90ea-1a75cefe6757""}, {""title"": ""RRU链路断"", ""location"": ""SubNetwork=1003,ManagedElement=78109,Equipment=1,Rack=52,SubRack=1,Slot=1,PlugInUnit=1,SdrDeviceGroup=1"", ""reason"": ""1. BBU和RRU之间或者上下级RRU之间的光纤故障。2. RRU光模块或上联的BBU光模块故障。3. RRU未供电。4. BBU接口单板故障。5. RRU故障。6. lr端口线速率配置错误。7. 单板硬件自检。"", ""@rid"": ""#-1:9ce5abe6-f5f7-4ed9-b090-1a4debc0a9a2""}, {""title"": ""RRU链路断"", ""location"": ""SubNetwork=1003,ManagedElement=78109,Equipment=1,Rack=55,SubRack=1,Slot=1,PlugInUnit=1,SdrDeviceGroup=1"", ""reason"": ""1. BBU和RRU之间或者上下级RRU之间的光纤故障。2. RRU光模块或上联的BBU光模块故障。3. RRU未供电。4. BBU接口单板故障。5. RRU故障。6. lr端口线速率配置错误。7. 单板硬件自检。"", ""@rid"": ""#-1:871b340c-8fbe-4efa-8505-f9479a6f2e22""}, {""title"": ""RRU链路断"", ""location"": ""SubNetwork=1003,ManagedElement=78109,Equipment=1,Rack=54,SubRack=1,Slot=1,PlugInUnit=1,SdrDeviceGroup=1"", ""reason"": ""1. BBU和RRU之间或者上下级RRU之间的光纤故障。2. RRU光模块或上联的BBU光模块故障。3. RRU未供电。4. BBU接口单板故障。5. RRU故障。6. lr端口线速率配置错误。7. 单板硬件自检。"", ""@rid"": ""#-1:d7bdfb16-93de-4ff0-90ac-97dd39ac9af6""}, {""title"": ""RRU链路断"", ""location"": ""SubNetwork=1003,ManagedElement=78109,Equipment=1,Rack=51,SubRack=1,Slot=1,PlugInUnit=1,SdrDeviceGroup=1"", ""reason"": ""1. BBU和RRU之间或者上下级RRU之间的光纤故障。2. RRU光模块或上联的BBU光模块故障。3. RRU未供电。4. BBU接口单板故障。5. RRU故障。6. lr端口线速率配置错误。7. 单板硬件自检。"", ""@rid"": ""#-1:f7ac69ba-2c84-425e-98d4-6935c72c7cab""}]}"
397e7d32-10d3-4d8c-9db4-74225ae53600,"{""rootcause"": [{""title"": ""射频单元直流掉电告警"", ""location"": ""柜号:0; 框号:111; 槽号:0; 类型:MRRU"", ""reason"": ""551"", ""@rid"": ""#-1:184b8ee5-e3ba-4f11-b1e4-c74c0724bb19""}, {""title"": ""射频单元直流掉电告警"", ""location"": ""柜号:0; 框号:113; 槽号:0; 类型:MRRU"", ""reason"": ""551"", ""@rid"": ""#-1:36ddcde5-44e8-4ffe-9908-8cc36ce921e9""}, {""title"": ""射频单元直流掉电告警"", ""location"": ""柜号:0; 框号:112; 槽号:0; 类型:MRRU"", ""reason"": ""551"", ""@rid"": ""#-1:5c249d64-e75f-4fc7-a347-a938cf61e2b1""}, {""title"": ""BBU IR接口异常告警"", ""location"": ""柜号:0; 框号:0; 槽号:2; 端口号:1; 端口号:0; 类型:UBBP; :"", ""reason"": ""567"", ""@rid"": ""#-1:1aae4574-eac3-4201-bd80-dd4f531e0f95""}, {""title"": ""BBU IR接口异常告警"", ""location"": ""柜号:0; 框号:0; 槽号:2; 端口号:2; 端口号:0; 类型:UBBP; :"", ""reason"": ""567"", ""@rid"": ""#-1:42d9d381-66e0-4185-adbd-011928cb11c4""}]}"
39852a36-fb01-4aa7-9ef2-b529e26f8969,"{""rootcause"": [{""@rid"": ""#-1:e39d7da6-9097-4368-9340-903e24b1e8e5"", ""title"": ""输入电源断"", ""location"": ""SubNetwork=CMCC-GZ-03,ManagedElement=12721347,Equipment=1,ReplaceableUnit=51"", ""reason"": ""外部掉电""}]}"
3990aa4e-d24d-4074-916d-c9c03b887a89,"{""rootcause"": [{""@rid"": ""#-1:9387595e-6b2c-4be6-af0f-cd552074da43"", ""title"": ""BBU IR接口异常告警"", ""location"": ""柜号:0; 框号:0; 槽号:4; 端口号:0; 端口号:0; 类型:UBBP; :IR接口异常"", ""reason"": ""567""}]}"
399e7974-7b36-4ee7-84db-3ae771fbb658,"{""rootcause"": [{""@rid"": ""#-1:325c74d9-287a-45d6-a395-d0c9fe482d1f"", ""title"": ""射频单元驻波告警"", ""location"": ""柜号:0; 框号:201; 槽号:0; :1; 类型:MRRU; 告警(0.1):18; (0.1):18; 输出(0.1dBm):313; 端口:NULL"", ""reason"": ""516""}]}"
39bdc58c-ee57-4216-b102-1e769189b1dd,"{""rootcause"": [{""@rid"": ""#-1:9c73cbac-bbe7-46a0-9398-8ed37414585d"", ""title"": ""设备掉电"", ""location"": ""SubNetwork=5309,ManagedElement=177236,Equipment=1,Rack=53,SubRack=1,Slot=1,PlugInUnit=1,SdrDeviceGroup=1"", ""reason"": ""1. 市电异常。\n2. 外部供电设备故障。""}]}"
39bdf9d4-aec3-4b95-8a78-53cc96f8383a,"{""rootcause"": [{""@rid"": ""#-1:05edaf56-d8ef-4ac6-87cc-3913e1eb3fcb"", ""title"": ""RRU链路断"", ""location"": ""SubNetwork=5302,ManagedElement=2646916,Equipment=1,ReplaceableUnit=56"", ""reason"": ""RRU链路断""}]}"
39c92ee5-098e-4bae-9f26-acc960eb0781,"{""rootcause"": [{""title"": ""NR分布单元小区TRP不可用告警"", ""location"": ""gNodeB名称:221-H5H; NR DUTRP:23; 故障柜号:0; 故障框号:176; 故障槽号:0; 描述:NULL; :"", ""reason"": ""509"", ""@rid"": ""#-1:be4f474d-5432-4386-92f1-22149fd6653f""}]}"
39e3ccc1-8f2c-4e11-b8e2-58cf9e95a731,"{""rootcause"": [{""@rid"": ""#-1:0d87c272-5a3b-400f-9047-d7150b860723"", ""title"": ""射频单元驻波告警"", ""location"": ""柜号:0; 框号:200; 槽号:0; :1; 类型:MRRU; 告警(0.1):30; (0.1):56; 输出(0.1dBm):357; 端口:NULL"", ""reason"": ""516""}]}"
39f676d6-f3e4-494c-9368-9a42d98fe58b,"{""rootcause"": [{""@rid"": ""#-1:7c58cb75-e7ba-40a6-9f28-567727d2a4c1"", ""title"": ""设备掉电"", ""location"": ""SubNetwork=5309,ManagedElement=832992,Equipment=1,Rack=54,SubRack=1,Slot=1,PlugInUnit=1,SdrDeviceGroup=1"", ""reason"": ""1. 市电异常。\n2. 外部供电设备故障。""}]}"
3a09facc-18cc-4f5f-83b3-033ad0529fcc,"{""rootcause"": [{""@rid"": ""#-1:50f952be-087a-410e-ae1e-b671d5afd674"", ""title"": ""射频单元IR接口异常告警"", ""location"": ""柜号:0; 框号:200; 槽号:0; 端口号:端口0; 类型:MRRU; :"", ""reason"": ""69""}]}"
3a0d13cc-f91f-484d-8fe3-b85c4c57f1cf,"{""rootcause"": [{""title"": ""BBU CPRI接口异常告警"", ""location"": ""柜号:0; 框号:0; 槽号:4; 端口号:2; 端口号:0; 类型:UBBP; :CPRI接口异常"", ""reason"": ""567"", ""@rid"": ""#-1:28baba0f-6060-4467-949b-55fcf228c74f""}]}"
3a1766b0-9f5f-4028-b4b8-d318f73cc1af,"{""rootcause"": [{""@rid"": ""#-1:537027a9-d342-451c-af80-b7a06289146c"", ""title"": ""射频单元驻波告警"", ""location"": ""柜号:0; 框号:201; 槽号:0; :1; 类型:MRRU; 告警(0.1):20; (0.1):26; 输出(0.1dBm):267; 端口:NULL"", ""reason"": ""516""}]}"
3a22dc83-a635-435b-a4ca-2c75671a5b93,"{""rootcause"": [{""@rid"": ""#-1:1dcf70ec-8894-40ef-860c-168dec2cf5d6"", ""title"": ""射频单元CPRI接口异常告警"", ""location"": ""柜号:0; 框号:202; 槽号:0; 端口号:端口1; 端口号:NULL; 类型:MRRU; :"", ""reason"": ""566""}]}"
3a522d82-1020-4322-b399-dd0d53a53ecb,"{""rootcause"": [{""@rid"": ""#-1:43055b44-7a90-417d-820a-d1bba93f0413"", ""title"": ""射频单元驻波告警"", ""location"": ""柜号:0; 框号:226; 槽号:0; :0; 类型:MRRU; 告警(0.1):20; (0.1):21; 输出(0.1dBm):268; 端口:NULL"", ""reason"": ""516""}]}"
3a7265d0-2406-4775-98a8-8d7fb7338e03,"{""rootcause"": [{""title"": ""输入电源断"", ""location"": ""SubNetwork=1004,ManagedElement=1398992,Equipment=1,ReplaceableUnit=61"", ""reason"": ""外部掉电"", ""@rid"": ""#-1:a342955d-17b6-4a7a-b498-8616052965fa""}, {""title"": ""输入电源断"", ""location"": ""SubNetwork=1004,ManagedElement=1398992,Equipment=1,ReplaceableUnit=62"", ""reason"": ""外部掉电"", ""@rid"": ""#-1:6b4c180f-bfea-452c-ab44-457b900551ad""}, {""title"": ""输入电源断"", ""location"": ""SubNetwork=1004,ManagedElement=1398992,Equipment=1,ReplaceableUnit=63"", ""reason"": ""外部掉电"", ""@rid"": ""#-1:5cd13fa1-362c-4893-aff4-1739c47d0362""}]}"
3a75aff9-2acc-4281-8f5b-6f5369d32141,"{""rootcause"": [{""@rid"": ""#-1:7d572809-dbff-4d84-b27c-64d25191ad68"", ""title"": ""射频单元交流掉电告警"", ""location"": ""柜号:0; 框号:201; 槽号:0; 类型:AIRU"", ""reason"": ""551""}, {""@rid"": ""#-1:12edd329-7220-4049-bdbd-2394140d1651"", ""title"": ""射频单元交流掉电告警"", ""location"": ""柜号:0; 框号:200; 槽号:0; 类型:AIRU"", ""reason"": ""551""}]}"
3a7f213a-628e-4fb3-b4a0-a19ecc939379,"{""rootcause"": [{""@rid"": ""#-1:931f207e-0206-43cd-89a2-e536a4ac90b3"", ""title"": ""射频单元IR接口异常告警"", ""location"": ""柜号:0; 框号:150; 槽号:0; 端口号:端口0; 类型:MRRU; :"", ""reason"": ""69""}]}"
3ae6ccc9-510f-40ac-a537-eba0b6921f84,"{""rootcause"": [{""title"": ""RRU链路断"", ""location"": ""SubNetwork=1003,ManagedElement=55381,Equipment=1,Rack=65,SubRack=1,Slot=1,PlugInUnit=1,SdrDeviceGroup=1"", ""reason"": ""1. BBU和RRU之间或者上下级RRU之间的光纤故障。\n2. RRU光模块或上联的BBU光模块故障。\n3. RRU未供电。\n4. BBU接口单板故障。\n5. RRU故障。\n6. lr端口线速率配置错误。\n7. 单板硬件自检。"", ""@rid"": ""#-1:63b8c005-480d-4c10-9d8d-dca0896df3c9""}]}"
3b263eab-ec30-4252-adaa-dbdc9089660f,"{""rootcause"": [{""@rid"": ""#-1:0e109ca1-ba9f-4ef6-9f8e-0c7b635e6080"", ""title"": ""天馈驻波比异常"", ""location"": ""SubNetwork=5307,ManagedElement=595891,Equipment=1,Rack=55,SubRack=1,Slot=1,PlugInUnit=1,SdrDeviceGroup=1"", ""reason"": ""1. 天馈线缆接头制作不合格、未拧紧、进水或存在金属碎屑等异物。\n2. 天馈线缆存在挤压、弯折，或馈缆损坏。\n3. 射频单元硬件故障。\n4. 天线对着障碍物。\n5. 驻波比告警门限过低。""}]}"
3b27f430-4cba-450c-adf3-347667778ef2,"{""rootcause"": [{""title"": ""输入电源断"", ""location"": ""SubNetwork=1004,ManagedElement=1413528,Equipment=1,ReplaceableUnit=66"", ""reason"": ""外部掉电"", ""@rid"": ""#-1:18a35c1c-5784-49c2-8995-84fd379216b7""}, {""title"": ""输入电源断"", ""location"": ""SubNetwork=1004,ManagedElement=1413528,Equipment=1,ReplaceableUnit=64"", ""reason"": ""外部掉电"", ""@rid"": ""#-1:286d096d-8cea-403f-9f9c-ce843d099a61""}]}"
3b37afad-1825-43f5-b4eb-77e121a012ad,"{""rootcause"": [{""@rid"": ""#-1:48d0cda2-40d9-489c-b887-f158d3b75cf2"", ""title"": ""输入电源断"", ""location"": ""SubNetwork=CMCC-GZ-01,ManagedElement=12587272,Equipment=1,ReplaceableUnit=57"", ""reason"": ""外部掉电""}]}"
3b4ebac3-c48c-441f-aa43-11223bf281d5,"{""rootcause"": [{""title"": ""BBU CPRI接口异常告警"", ""location"": ""柜号:0; 框号:0; 槽号:5; 端口号:0; 端口号:0; 类型:UBBP; :"", ""reason"": ""567"", ""@rid"": ""#-1:3fa4375d-e3aa-4b41-b365-4c1059256495""}, {""title"": ""BBU CPRI接口异常告警"", ""location"": ""柜号:0; 框号:0; 槽号:5; 端口号:0; 端口号:0; 类型:UBBP; :"", ""reason"": ""567"", ""@rid"": ""#-1:ce660b92-26a4-40f7-b905-d4bbc8a2ab76""}]}"
3b57501d-7252-4f74-90c6-659403e45d5a,"{""rootcause"": [{""title"": ""输入电压异常"", ""location"": ""SubNetwork=1003,ManagedElement=71472,Equipment=1,Rack=1,SubRack=1,Slot=17,PlugInUnit=1,SdrDeviceGroup=1"", ""reason"": ""过压：外部电源系统的输入电压超过高门限。\n欠压：外部电源系统的输入电压低于低门限，可能原因包括：市电供电不够，空开容量不够，电源线线径不够，电源线过长等。\n掉电：外部电源系统的输入电压中断。\n供电能力不足：外部电源柜或者蓄电池带载能力不足，欠压导致定标失败，上报供电能力不足。可能原因包括市电供电不够，空开容量不够，电源线线径不够，电源线过长等。"", ""@rid"": ""#-1:c1ca5b7b-1620-4ca8-a9bf-af56bf97b1a3""}, {""title"": ""输入电压异常"", ""location"": ""SubNetwork=1003,ManagedElement=60700,Equipment=1,Rack=1,SubRack=1"", ""reason"": ""过压：外部电源系统的输入电压超过高门限。\n欠压：外部电源系统的输入电压低于低门限，可能原因包括：市电供电不够，空开容量不够，电源线线径不够，电源线过长等。\n掉电：外部电源系统的输入电压中断。\n供电能力不足：外部电源柜或者蓄电池带载能力不足，欠压导致定标失败，上报供电能力不足。可能原因包括市电供电不够，空开容量不够，电源线线径不够，电源线过长等。"", ""@rid"": ""#-1:a05071d8-d671-4efc-aa1b-86671e901984""}]}"
3b6044d9-0b4b-44db-a59a-9495db3e56f4,"{""rootcause"": [{""title"": ""RRU链路断"", ""location"": ""SubNetwork=1003,ManagedElement=91955,Equipment=1,Rack=56,SubRack=1,Slot=1,PlugInUnit=1,SdrDeviceGroup=1"", ""reason"": ""1. BBU和RRU之间或者上下级RRU之间的光纤故障。\n2. RRU光模块或上联的BBU光模块故障。\n3. RRU未供电。\n4. BBU接口单板故障。\n5. RRU故障。\n6. lr端口线速率配置错误。\n7. 单板硬件自检。"", ""@rid"": ""#-1:b6e19216-f219-4cb3-be69-1e5178ae4253""}]}"
3bcf4f9c-c9bd-4ec4-874a-ffe4802c700c,"{""rootcause"": [{""title"": ""输入电源断"", ""location"": ""SubNetwork=1004,ManagedElement=1390929,Equipment=1"", ""reason"": ""外部供电异常"", ""@rid"": ""#-1:839a829e-22a0-42cc-8231-baadc946f1f3""}, {""title"": ""输入电源断"", ""location"": ""SubNetwork=1004,ManagedElement=1394830,Equipment=1"", ""reason"": ""外部供电异常"", ""@rid"": ""#-1:1d4646c5-5b86-4f32-817b-0ff45ae60353""}, {""title"": ""输入电源断"", ""location"": ""SubNetwork=1004,ManagedElement=1399000,Equipment=1"", ""reason"": ""外部供电异常"", ""@rid"": ""#-1:501fd93a-838f-4a84-9484-bc7ab7166255""}]}"
3c1c7924-5287-4179-8d9c-38af8e24b9df,"{""rootcause"": [{""@rid"": ""#-1:478b134f-11c0-4185-a072-20f763050656"", ""title"": ""射频单元IR接口异常告警"", ""location"": ""柜号:0; 框号:200; 槽号:0; 端口号:端口0; 类型:MRRU; :IR接口异常"", ""reason"": ""69""}]}"
3c3e7a41-4e24-4fef-9a76-a250fa40bf7f,"{""rootcause"": [{""title"": ""RRU链路断"", ""location"": ""SubNetwork=1004,ManagedElement=1416362,Equipment=1,ReplaceableUnit=74"", ""reason"": ""RRU链路断"", ""@rid"": ""#-1:b351ea8b-8495-47e8-9284-fcb9d8c00341""}]}"
3c69b34b-2cfa-4097-9f9e-aa8ff9f4a939,"{""rootcause"": [{""title"": ""光口链路故障"", ""reason"": ""光口链路故障"", ""location"": ""SubNetwork=1004,ManagedElement=1397971,Equipment=1,ReplaceableUnit=65,RiPort=OPT1"", ""@rid"": ""#-1:fe20693d-76d4-4e7c-8a67-82ae22d33ed7""}]}"
3c8b7843-c302-43f5-89ea-65a41ed90f49,"{""rootcause"": [{""title"": ""输入电源断"", ""location"": ""SubNetwork=1004,ManagedElement=1393254,Equipment=1,ReplaceableUnit=65"", ""reason"": ""外部掉电"", ""@rid"": ""#-1:896c2a8f-30cd-478e-ae9d-e88ae694e0ef""}, {""title"": ""输入电源断"", ""location"": ""SubNetwork=1004,ManagedElement=1393254,Equipment=1,ReplaceableUnit=66"", ""reason"": ""外部掉电"", ""@rid"": ""#-1:a2117398-7316-408b-8ade-3c26a0f53591""}, {""title"": ""输入电源断"", ""location"": ""SubNetwork=1004,ManagedElement=1393254,Equipment=1,ReplaceableUnit=64"", ""reason"": ""外部掉电"", ""@rid"": ""#-1:8138c200-2dde-485e-8977-d55ee48b7446""}]}"
3cdfb199-4183-49a4-a345-8f8e61bd815e,"{""rootcause"": [{""@rid"": ""#-1:ffc34276-91c7-4fca-9e66-b363739367bb"", ""title"": ""设备掉电"", ""location"": ""SubNetwork=5302,ManagedElement=802690,Equipment=1,Rack=51,SubRack=1,Slot=1,PlugInUnit=1,SdrDeviceGroup=1"", ""reason"": ""1. 市电异常。\n2. 外部供电设备故障。""}]}"
3ceb47c8-e8b1-4268-8f73-6c4195fae310,"{""rootcause"": [{""@rid"": ""#-1:1893410f-cbef-4827-9208-09ca65d2fe71"", ""title"": ""NR分布单元小区TRP不可用告警"", ""location"": ""gNodeB名称:BBU02D59002548189PT-H5H; NR DUTRP:11; 故障柜号:0; 故障框号:200; 故障槽号:0; 描述:NULL; :电源异常"", ""reason"": ""509""}, {""@rid"": ""#-1:48d76ede-b800-4f2e-a005-73e058ca876e"", ""title"": ""NR分布单元小区TRP不可用告警"", ""location"": ""gNodeB名称:BBU02D59002548189PT-H5H; NR DUTRP:12; 故障柜号:0; 故障框号:201; 故障槽号:0; 描述:NULL; :电源异常"", ""reason"": ""509""}, {""@rid"": ""#-1:8abe4ea9-e671-47fc-b206-1c3986966c1f"", ""title"": ""NR分布单元小区TRP不可用告警"", ""location"": ""gNodeB名称:BBU02D59002548189PT-H5H; NR DUTRP:2; 故障柜号:0; 故障框号:201; 故障槽号:0; 描述:NULL; :电源异常"", ""reason"": ""509""}, {""@rid"": ""#-1:9bc6ee20-5f2f-44c6-97c4-7d7e64b214f5"", ""title"": ""NR分布单元小区TRP不可用告警"", ""location"": ""gNodeB名称:BBU02D59002548189PT-H5H; NR DUTRP:1; 故障柜号:0; 故障框号:200; 故障槽号:0; 描述:NULL; :电源异常"", ""reason"": ""509""}]}"
3d60c799-a913-42c5-b103-06129136c31d,"{""rootcause"": [{""@rid"": ""#-1:7ba9f9ef-ff53-43d1-94d4-4209e4852395"", ""title"": ""输入电源断"", ""location"": ""SubNetwork=CMCC-GZ-01,ManagedElement=12586147,Equipment=1,ReplaceableUnit=A_1"", ""reason"": ""外部掉电""}]}"
3d6e33f0-ebf3-4d6b-bed4-7a7032d5d5aa,"{""rootcause"": [{""title"": ""BBU CPRI接口异常告警"", ""reason"": ""567"", ""location"": ""柜号:0; 框号:0; 槽号:5; 端口号:0; 端口号:0; 类型:UBBP; :"", ""@rid"": ""#-1:2942c15d-6255-4c85-835e-ffcf0c54ce71""}, {""title"": ""BBU CPRI接口异常告警"", ""reason"": ""567"", ""location"": ""柜号:0; 框号:0; 槽号:5; 端口号:1; 端口号:0; 类型:UBBP; :"", ""@rid"": ""#-1:f8552119-e7d7-49d0-8366-50341270de97""}, {""title"": ""BBU CPRI接口异常告警"", ""reason"": ""567"", ""location"": ""柜号:0; 框号:0; 槽号:5; 端口号:2; 端口号:0; 类型:UBBP; :"", ""@rid"": ""#-1:995ab95d-4de8-4d8a-bee4-dcb097d1b47f""}]}"
3dae96f0-31e7-4b53-acce-c1fa8b8cd5bb,"{""rootcause"": [{""title"": ""输入电源断"", ""reason"": ""外部掉电"", ""location"": ""SubNetwork=1004,ManagedElement=1393281,Equipment=1,ReplaceableUnit=65"", ""@rid"": ""#-1:5b53d95f-51ee-4372-a7bc-bc23915f3f2a""}]}"
3e18845f-22f3-4549-8254-d351bbae89d7,"{""rootcause"": [{""@rid"": ""#-1:61f76cda-769a-4d44-b27f-6e396d35147d"", ""title"": ""射频单元驻波告警"", ""location"": ""柜号:0; 框号:230; 槽号:0; :0; 类型:MRRU; 告警(0.1):30; (0.1):250; 输出(0.1dBm):337; 端口:NULL"", ""reason"": ""516""}, {""@rid"": ""#-1:d05bd591-cf39-43b8-9f03-98a87f83c068"", ""title"": ""射频单元驻波告警"", ""location"": ""柜号:0; 框号:230; 槽号:0; :1; 类型:MRRU; 告警(0.1):30; (0.1):250; 输出(0.1dBm):342; 端口:NULL"", ""reason"": ""516""}]}"
3e469067-1cff-43fb-84c8-69ec06a7099f,"{""rootcause"": [{""@rid"": ""#-1:130771aa-5adb-4c8e-b462-5527993d82fd"", ""title"": ""硬件类型和配置不一致"", ""location"": ""SubNetwork=5302,ManagedElement=2646050,Equipment=1,ReplaceableUnit=54"", ""reason"": ""硬件类型和配置不一致""}, {""@rid"": ""#-1:8365acf8-a172-43ba-a0ac-43963b7608cb"", ""title"": ""硬件类型和配置不一致"", ""location"": ""SubNetwork=5302,ManagedElement=2646050,Equipment=1,ReplaceableUnit=51"", ""reason"": ""硬件类型和配置不一致""}]}"
3e492081-5df6-48c3-9855-590dc2b1e917,"{""rootcause"": [{""@rid"": ""#-1:c8c14bd1-bded-410b-89aa-60f677ebaab5"", ""title"": ""设备掉电"", ""location"": ""sbn=1,NodeMe=394226,Equipment=1,rack=84,shelf=1,board=1"", ""reason"": ""1. 市电异常。\n2. 外部供电设备故障。""}]}"
3e57c373-a6fb-4eee-a74c-e46cc7c62acf,"{""rootcause"": [{""@rid"": ""#-1:d94d0274-9832-4216-96cf-7d7be9fa2736"", ""title"": ""设备掉电"", ""location"": ""sbn=2,NodeMe=383299,Equipment=1,rack=52,shelf=1,board=1"", ""reason"": ""1. 市电异常。\n2. 外部供电设备故障。""}]}"
3e64d7c9-cb9f-46ad-a1d7-3e7082d57a00,"{""rootcause"": [{""@rid"": ""#-1:0446ad34-60bc-498d-bd0c-604a238a0414"", ""title"": ""RRU链路断"", ""location"": ""SubNetwork=5307,ManagedElement=2592215,Equipment=1,ReplaceableUnit=51"", ""reason"": ""RRU链路断""}]}"
3e9c5833-5181-41d3-b65c-c6a5a4ccefcc,"{""rootcause"": [{""@rid"": ""#-1:f619440a-c52e-4d41-bb45-53c0eb5d33f4"", ""title"": ""射频单元交流掉电告警"", ""location"": ""柜号:0; 框号:181; 槽号:0; 类型:MRRU"", ""reason"": ""551""}, {""@rid"": ""#-1:52cbb4c9-71b5-48db-99fb-3a91b27db38c"", ""title"": ""射频单元交流掉电告警"", ""location"": ""柜号:0; 框号:227; 槽号:0; 类型:MRRU"", ""reason"": ""551""}]}"
3e9db977-f09d-4d0b-b927-07c97a23185b,"{""rootcause"": [{""@rid"": ""#-1:2953dfa9-6143-492b-b451-d9716349688d"", ""title"": ""GNSS星卡锁星不足告警"", ""location"": ""柜号:0; 框号:0; 槽号:7; 类型:UMPT; :"", ""reason"": ""506""}]}"
3ea6362e-ecaa-4b1d-94e2-9190031719d9,"{""rootcause"": [{""@rid"": ""#-1:16e403cf-0ee3-4098-a64c-09b5343b0bc3"", ""title"": ""设备掉电"", ""location"": ""SubNetwork=5307,ManagedElement=594555,Equipment=1,Rack=53,SubRack=1,Slot=1,PlugInUnit=1,SdrDeviceGroup=1"", ""reason"": ""1. 市电异常。\n2. 外部供电设备故障。""}]}"
3f31e83f-3167-4ca8-852b-a186dfbbefbd,"{""rootcause"": [{""title"": ""BBU IR接口异常告警"", ""location"": ""柜号:0; 框号:0; 槽号:4; 端口号:5; 端口号:0; 类型:UBBP; :"", ""reason"": ""567"", ""@rid"": ""#-1:5a357ce9-dd6a-4263-8f95-b2c12513a605""}, {""title"": ""BBU IR接口异常告警"", ""location"": ""柜号:0; 框号:0; 槽号:4; 端口号:1; 端口号:0; 类型:UBBP; :"", ""reason"": ""567"", ""@rid"": ""#-1:3ea86813-710e-4629-91bc-0d876cc35aba""}, {""title"": ""BBU IR接口异常告警"", ""location"": ""柜号:0; 框号:0; 槽号:4; 端口号:0; 端口号:0; 类型:UBBP; :"", ""reason"": ""567"", ""@rid"": ""#-1:faf02a3f-15c6-492e-98c6-3516c5cf7f53""}]}"
3f6e1726-ba7e-4da7-a770-8f350e33cca2,"{""rootcause"": [{""@rid"": ""#-1:e32de17b-3dd1-4db1-8488-c7e23f6054f1"", ""title"": ""RRU功率检测异常"", ""location"": ""sbn=7310,NodeMe=473642,Equipment=1,rack=57,shelf=1,board=1"", ""reason"": ""1. RRU通道硬件故障。\n2. RRU版本问题。\n3. 光纤链路问题。\n4. BBU硬件异常或者版本问题。""}]}"
3f97d87e-f84d-49b2-8da6-6b300654c6ca,"{""rootcause"": [{""@rid"": ""#-1:09c9107f-0466-403f-b969-3318d59804b4"", ""title"": ""输入电源断"", ""location"": ""SubNetwork=CMCC-GZ-04,ManagedElement=12655955,Equipment=1,ReplaceableUnit=60"", ""reason"": ""输入电源断""}]}"
3fe224d7-0b0c-49a1-8f58-0f8b3529f68b,"{""rootcause"": [{""@rid"": ""#-1:862f9dff-0356-4cea-9705-1d060e419535"", ""title"": ""ETH_LOS"", ""location"": ""1-D3EM8F-3(LTE)-MAC:1"", ""reason"": ""(1)端口已使能但端口的网线或光纤没有连接好；\n(2)网线或光纤故障；\n(3)对端发送部分故障；\n(4)本端接收部分故障。\n(5)灰光光模块与彩光光模块对接，端口可能上ETH_LOS。\n(6)彩光光模块对接，配置不同波长。\n(7)对接端口的传输模式不一致或者FEC模式不一致。""}, {""@rid"": ""#-1:4bf7fa8a-2f2e-4897-974f-d306de63cc03"", ""title"": ""[衍生告警]PTN光缆中断，单报LOS"", ""location"": ""3-D2EM4F-2(南()3#2)-MAC:1"", ""reason"": ""(1)端口已使能但端口的网线或光纤没有连接好；\n(2)网线或光纤故障；\n(3)对端发送部分故障；\n(4)本端接收部分故障。\n(5)灰光光模块与彩光光模块对接，端口可能上ETH_LOS。\n(6)彩光光模块对接，配置不同波长。\n(7)对接端口的传输模式不一致或者FEC模式不一致。""}, {""@rid"": ""#-1:488f3414-46e9-41fd-98a0-a753d30f6c73"", ""title"": ""ETH_LOS"", ""location"": ""3-TPA1EY16-13(5G-L(127141)D59003683985TF-H5W)-MAC:1"", ""reason"": ""(1)端口已使能但端口的网线或光纤没有连接好；\n(2)网线或光纤故障；\n(3)对端发送部分故障；\n(4)本端接收部分故障。\n(5)灰光光模块与彩光光模块对接，端口可能上ETH_LOS。\n(6)彩光光模块对接，配置不同波长。\n(7)对接端口的传输模式不一致或者FEC模式不一致。""}, {""@rid"": ""#-1:acc48eed-05ea-46b9-990c-ca1f38c70ffe"", ""title"": ""[衍生告警]PTN光缆中断，单报LOS"", ""location"": ""9-TPA2EG24-13(PORT-13)-MAC:1"", ""reason"": ""(1)端口已使能但端口的网线或光纤没有连接好；\n(2)网线或光纤故障；\n(3)对端发送部分故障；\n(4)本端接收部分故障。\n(5)灰光光模块与彩光光模块对接，端口可能上ETH_LOS。\n(6)彩光光模块对接，配置不同波长。\n(7)对接端口的传输模式不一致或者FEC模式不一致。""}]}"
3fec2a93-b83d-41cd-9b3a-1260a7b6bfc3,"{""rootcause"": [{""@rid"": ""#-1:4eec8d1a-e852-43d6-9099-8472f7a47317"", ""title"": ""BBU IR接口异常告警"", ""location"": ""柜号:0; 框号:0; 槽号:4; 端口号:1; 端口号:0; 类型:LBBP; :IR接口异常"", ""reason"": ""567""}, {""@rid"": ""#-1:aabdcf5d-3bb9-4e33-8410-3b057bbe0c17"", ""title"": ""BBU IR接口异常告警"", ""location"": ""柜号:0; 框号:0; 槽号:4; 端口号:1; 端口号:0; 类型:LBBP; :"", ""reason"": ""567""}]}"
3fece601-45a0-473d-a6d3-fd907cfcbb58,"{""rootcause"": [{""@rid"": ""#-1:6863bce3-93c5-4b9e-a1d0-a5cf78d6ae18"", ""title"": ""射频单元交流掉电告警"", ""location"": ""柜号:0; 框号:201; 槽号:0; 类型:MRRU"", ""reason"": ""551""}]}"
3fff9c51-a10c-48a1-a092-1fd4f4a69a4d,"{""rootcause"": [{""@rid"": ""#-1:6c461f33-4f28-47c1-b3fc-98553d2747b8"", ""title"": ""射频单元驻波告警"", ""location"": ""柜号:0; 框号:91; 槽号:0; :0; 类型:MRRU; 告警(0.1):20; (0.1):24; 输出(0.1dBm):446; 端口:NULL"", ""reason"": ""516""}]}"
4019cb97-9354-4e18-9f4c-e0a9f2fac49c,"{""rootcause"": [{""@rid"": ""#-1:c8df4bdc-4a77-41aa-8af1-b86e044a6cc1"", ""title"": ""射频单元CPRI接口异常告警"", ""location"": ""柜号:0; 框号:224; 槽号:0; 端口号:端口1; 端口号:NULL; 类型:MRRU; :CPRI接口异常"", ""reason"": ""566""}]}"
401a37b5-d9f2-4276-bf71-9d9b02a70010,"{""rootcause"": [{""title"": ""光口接收链路故障"", ""location"": ""SubNetwork=1003,ManagedElement=355007,Equipment=1,Rack=61,SubRack=1,Slot=1,PlugInUnit=1,SdrDeviceGroup=1,FiberDeviceSet=1,FiberDevice=1"", ""reason"": ""1. 光纤/电缆损坏；\n2. 光纤/电缆端面污染；\n3. 本端或对端光/电模块或光纤/电缆没插好；\n4. 对端设备的光/电模块损坏；\n5. 光纤实际长度大于光模块支持的长度；\n6. 本端、对端的光模块速率不匹配；\n7. 对端设备工作异常。"", ""@rid"": ""#-1:4360306d-0ece-4a30-ae7a-a3a84cd090c3""}]}"
40267adb-ba3e-4f72-a419-f1f4d458cc7c,"{""rootcause"": [{""title"": ""射频单元交流掉电告警"", ""location"": ""柜号:0; 框号:204; 槽号:0; 类型:MRRU"", ""reason"": ""551"", ""@rid"": ""#-1:b89c9271-9984-4a74-af51-2aefc27c5ec4""}]}"
40aad999-28d7-4a62-966d-8654cbe23eaf,"{""rootcause"": [{""@rid"": ""#-1:4cd93895-0b6e-4783-862b-ec627ebb62e2"", ""title"": ""RRU链路断"", ""location"": ""SubNetwork=CMCC-GZ-02,ManagedElement=12651426,Equipment=1,ReplaceableUnit=51"", ""reason"": ""RRU链路断""}]}"
40b9f44f-257f-433a-b521-b4ec005c973e,"{""rootcause"": [{""@rid"": ""#-1:24b63f26-aa34-4433-b89f-2c8b1a6856c2"", ""title"": ""射频单元直流掉电告警"", ""location"": ""柜号:0; 框号:202; 槽号:0; 类型:AIRU"", ""reason"": ""551""}, {""@rid"": ""#-1:36255636-c52e-477b-a95a-c67a8f982ad0"", ""title"": ""射频单元直流掉电告警"", ""location"": ""柜号:0; 框号:201; 槽号:0; 类型:AIRU"", ""reason"": ""551""}, {""@rid"": ""#-1:85cd136c-6268-46fa-8279-40e53dc1f573"", ""title"": ""射频单元直流掉电告警"", ""location"": ""柜号:0; 框号:200; 槽号:0; 类型:AIRU"", ""reason"": ""551""}]}"
40d55a64-d3e3-4307-b38a-7753b158bad6,"{""rootcause"": [{""title"": ""BBU CPRI接口异常告警"", ""location"": ""柜号:0; 框号:0; 槽号:3; 端口号:3; 端口号:0; 类型:UBBP; :"", ""reason"": ""567"", ""@rid"": ""#-1:a568a9fd-795b-4ea5-9752-7aceab85d245""}, {""title"": ""BBU CPRI接口异常告警"", ""location"": ""柜号:0; 框号:0; 槽号:3; 端口号:4; 端口号:0; 类型:UBBP; :"", ""reason"": ""567"", ""@rid"": ""#-1:4d612270-281d-45a1-bcc4-d9fab027c8dd""}]}"
40de7d90-ea3e-4298-9103-24e9290a67ac,"{""rootcause"": [{""title"": ""RRU链路断"", ""location"": ""SubNetwork=1003,ManagedElement=505279,Equipment=1,Rack=51,SubRack=1,Slot=1,PlugInUnit=1,SdrDeviceGroup=1"", ""reason"": ""1. BBU和RRU之间或者上下级RRU之间的光纤故障。\n2. RRU光模块或上联的BBU光模块故障。\n3. RRU未供电。\n4. BBU接口单板故障。\n5. RRU故障。\n6. lr端口线速率配置错误。\n7. 单板硬件自检。"", ""@rid"": ""#-1:4e8dff0e-860b-4c9f-ab09-65f62b1a1c96""}, {""title"": ""RRU链路断"", ""location"": ""SubNetwork=1003,ManagedElement=505279,Equipment=1,Rack=53,SubRack=1,Slot=1,PlugInUnit=1,SdrDeviceGroup=1"", ""reason"": ""1. BBU和RRU之间或者上下级RRU之间的光纤故障。\n2. RRU光模块或上联的BBU光模块故障。\n3. RRU未供电。\n4. BBU接口单板故障。\n5. RRU故障。\n6. lr端口线速率配置错误。\n7. 单板硬件自检。"", ""@rid"": ""#-1:bf7350d3-4854-4040-a26a-52a4040c02a4""}]}"
40f42598-5df6-41f3-a2ed-50d1155a30df,"{""rootcause"": [{""title"": ""输入电源断"", ""location"": ""SubNetwork=1004,ManagedElement=1404646,Equipment=1,ReplaceableUnit=74"", ""reason"": ""输入电源断"", ""@rid"": ""#-1:5365a1a1-ab6c-4a87-b553-fa0e7f6f3293""}]}"
416fefe4-2544-4619-9204-acef86fbf80c,"{""rootcause"": [{""title"": ""射频单元直流掉电告警"", ""location"": ""柜号:0; 框号:151; 槽号:0; 类型:AIRU"", ""reason"": ""551"", ""@rid"": ""#-1:d944985f-5e8a-4985-a793-056fe0eed8b6""}]}"
418ac63c-2f3b-422f-b5c7-f059ac091ebd,"{""rootcause"": [{""title"": ""输入电源断"", ""reason"": ""外部掉电"", ""location"": ""SubNetwork=1004,ManagedElement=1393741,Equipment=1,ReplaceableUnit=62 "", ""@rid"": ""#-1:d51057d3-f6ed-4ac7-952e-849c53f94ba3""}, {""title"": ""输入电源断"", ""reason"": ""外部掉电"", ""location"": ""SubNetwork=1004,ManagedElement=1393741,Equipment=1,ReplaceableUnit=63"", ""@rid"": ""#-1:171dcc32-bd42-4375-81f0-48d46b774a7a""}]}"
4208fa94-f643-4494-89f9-892b0e5ec93f,"{""rootcause"": [{""@rid"": ""#-1:51e65484-f29c-4a8b-a29a-4e9bc919ebbc"", ""title"": ""射频单元IR接口异常告警"", ""location"": ""柜号:0; 框号:202; 槽号:0; 端口号:端口1; 类型:MRRU; :IR接口异常"", ""reason"": ""69""}, {""@rid"": ""#-1:85b8a52d-a975-4ee4-80b7-f37e27b6e1e8"", ""title"": ""射频单元IR接口异常告警"", ""location"": ""柜号:0; 框号:202; 槽号:0; 端口号:端口1; 类型:MRRU; :IR接口异常"", ""reason"": ""69""}, {""@rid"": ""#-1:d2d57659-4544-41ba-9ddc-a5b328b15469"", ""title"": ""射频单元IR接口异常告警"", ""location"": ""柜号:0; 框号:212; 槽号:0; 端口号:端口1; 类型:MRRU; :IR接口异常"", ""reason"": ""69""}]}"
42197174-e53b-4f6f-8c03-073deeeac3ea,"{""rootcause"": [{""@rid"": ""#-1:9773df2e-0aac-47bb-b6af-9e1941282faa"", ""title"": ""网元链路断"", ""location"": ""SubNetwork=5307,ManagedElement=2591342"", ""reason"": ""网元链路断""}]}"
4265a019-6ed5-4698-b756-e2e33862c6d9,"{""rootcause"": [{""title"": ""射频单元直流掉电告警"", ""location"": ""柜号:0; 框号:174; 槽号:0; 类型:AIRU"", ""reason"": ""551"", ""@rid"": ""#-1:98bb238c-07b9-4dd3-8d39-f52c4dff553a""}, {""title"": ""射频单元直流掉电告警"", ""location"": ""柜号:0; 框号:175; 槽号:0; 类型:AIRU"", ""reason"": ""551"", ""@rid"": ""#-1:52ecefff-8046-4da5-89b5-dc52ff7c2a46""}, {""title"": ""射频单元直流掉电告警"", ""location"": ""柜号:0; 框号:176; 槽号:0; 类型:AIRU"", ""reason"": ""551"", ""@rid"": ""#-1:f0f52e04-01fd-421a-a87a-d059b5611a64""}]}"
427838e3-5a5f-4f81-804d-f4850c840145,"{""rootcause"": [{""title"": ""射频单元直流掉电告警"", ""location"": ""柜号:0; 框号:176; 槽号:0; 类型:AIRU"", ""reason"": ""551"", ""@rid"": ""#-1:e4f9fc47-c263-465b-b690-017dbc2af115""}, {""title"": ""射频单元直流掉电告警"", ""location"": ""柜号:0; 框号:174; 槽号:0; 类型:AIRU"", ""reason"": ""551"", ""@rid"": ""#-1:c2f6af28-4309-419d-aa52-2be027ae8196""}, {""title"": ""射频单元直流掉电告警"", ""location"": ""柜号:0; 框号:175; 槽号:0; 类型:AIRU"", ""reason"": ""551"", ""@rid"": ""#-1:9b567830-1389-46b3-a0a9-51c847a6140b""}]}"
42c56306-1c1d-4259-a5ac-8f834679e9ac,"{""rootcause"": [{""@rid"": ""#-1:551621cc-e84d-420d-943a-cd29f18b33fe"", ""title"": ""射频单元驻波告警"", ""location"": ""柜号:0; 框号:200; 槽号:0; :0; 类型:MRRU; 告警(0.1):18; (0.1):18; 输出(0.1dBm):350; 端口:NULL"", ""reason"": ""516""}]}"
42dc2663-d59c-4990-8baa-8d2c228f134a,"{""rootcause"": [{""@rid"": ""#-1:33933a87-db65-41fe-b4ee-4f275506a902"", ""title"": ""射频单元交流掉电告警"", ""location"": ""柜号:0; 框号:206; 槽号:0; 类型:MRRU"", ""reason"": ""551""}, {""@rid"": ""#-1:dcde36a1-9815-4109-a3e6-4ca3e221cb1e"", ""title"": ""射频单元交流掉电告警"", ""location"": ""柜号:0; 框号:201; 槽号:0; 类型:MRRU"", ""reason"": ""551""}]}"
42fe5f4e-35ed-42bc-9e46-8ebfe73cf680,"{""rootcause"": [{""title"": ""单板电源关断"", ""reason"": ""1. 单板过温。\n2. 单板过流。\n3. OMC发起关断。\n4. 软件异常关电。"", ""location"": ""SubNetwork=1002,ManagedElement=82367,Equipment=1,Rack=1,SubRack=1,Slot=3,PlugInUnit=1,SdrDeviceGroup=1"", ""@rid"": ""#-1:645c15f6-1af2-4af5-a071-d682a417cade""}, {""title"": ""输入电压异常"", ""reason"": ""过压：外部电源系统的输入电压超过高门限。\n欠压：外部电源系统的输入电压低于低门限，可能原因包括：市电供电不够，空开容量不够，电源线线径不够，电源线过长等。\n掉电：外部电源系统的输入电压中断。\n供电能力不足：外部电源柜或者蓄电池带载能力不足，欠压导致定标失败，上报供电能力不足。可能原因包括市电供电不够，空开容量不够，电源线线径不够，电源线过长等。"", ""location"": ""SubNetwork=1002,ManagedElement=82367,Equipment=1,Rack=1,SubRack=1,Slot=17,PlugInUnit=1,SdrDeviceGroup=1"", ""@rid"": ""#-1:132c5a49-31fd-4066-b952-75465c323062""}]}"
43155689-b208-4041-a02e-acd8a20a321c,"{""rootcause"": [{""title"": ""射频单元直流掉电告警"", ""location"": ""柜号:0; 框号:176; 槽号:0; 类型:AIRU"", ""reason"": ""551"", ""@rid"": ""#-1:2948596d-5126-4a91-b9fc-d67a0cd21f70""}, {""title"": ""射频单元直流掉电告警"", ""location"": ""柜号:0; 框号:175; 槽号:0; 类型:AIRU"", ""reason"": ""551"", ""@rid"": ""#-1:e32c2f72-32f2-446b-9c91-e4f26d660f04""}, {""title"": ""射频单元直流掉电告警"", ""location"": ""柜号:0; 框号:174; 槽号:0; 类型:AIRU"", ""reason"": ""551"", ""@rid"": ""#-1:f39ee9a6-68fd-4e68-926f-0c0200f6df95""}, {""title"": ""射频单元直流掉电告警"", ""location"": ""柜号:0; 框号:226; 槽号:0; 类型:MRRU"", ""reason"": ""551"", ""@rid"": ""#-1:5a40b178-9fc0-41b0-9941-8d0f4d7770ad""}, {""title"": ""射频单元直流掉电告警"", ""location"": ""柜号:0; 框号:224; 槽号:0; 类型:MRRU"", ""reason"": ""551"", ""@rid"": ""#-1:4d074999-deb4-408c-ae2a-adb9dc3330de""}, {""title"": ""射频单元直流掉电告警"", ""location"": ""柜号:0; 框号:225; 槽号:0; 类型:MRRU"", ""reason"": ""551"", ""@rid"": ""#-1:6aa71701-d22f-4b5a-91d1-a7b4b16081c3""}]}"
433cca65-514b-4eb7-9a6b-a5a43707a2e8,"{""rootcause"": [{""@rid"": ""#-1:7c850fa3-6294-4874-bd17-9a53620ac185"", ""title"": ""RRU功率检测异常"", ""location"": ""sbn=7312,NodeMe=983319,Equipment=1,rack=56,shelf=1,board=1"", ""reason"": ""1. RRU通道硬件故障。\n2. RRU版本问题。\n3. 光纤链路问题。\n4. BBU硬件异常或者版本问题。""}]}"
43516f29-42ee-45e4-ad53-bbdc6cbe237a,"{""rootcause"": [{""@rid"": ""#-1:4a3bb56c-eacf-485b-9625-c9bc43559f08"", ""title"": ""设备掉电"", ""location"": ""SubNetwork=5309,ManagedElement=802582,Equipment=1,Rack=55,SubRack=1,Slot=1,PlugInUnit=1,SdrDeviceGroup=1"", ""reason"": ""1. 市电异常。\n2. 外部供电设备故障。""}, {""@rid"": ""#-1:fe00d8f6-f052-4a1b-a0cd-272e405f68e8"", ""title"": ""设备掉电"", ""location"": ""SubNetwork=5309,ManagedElement=802582,Equipment=1,Rack=54,SubRack=1,Slot=1,PlugInUnit=1,SdrDeviceGroup=1"", ""reason"": ""1. 市电异常。\n2. 外部供电设备故障。""}]}"
435caf3a-d872-41b4-8fb9-69d53cc2d644,"{""rootcause"": [{""@rid"": ""#-1:39a6efd6-fd5e-4d89-bfc4-5924aece4c01"", ""title"": ""RRU链路断"", ""location"": ""SubNetwork=5306,ManagedElement=2621573,Equipment=1,ReplaceableUnit=58"", ""reason"": ""RRU链路断""}]}"
43744b6c-dfe9-4e5a-8d65-4842209f6b12,"{""rootcause"": [{""title"": ""射频单元直流掉电告警"", ""location"": ""柜号:0; 框号:202; 槽号:0; 类型:MRRU"", ""reason"": ""551"", ""@rid"": ""#-1:a4c883e7-77e2-4da2-8f0d-49ef7e496b60""}, {""title"": ""射频单元直流掉电告警"", ""location"": ""柜号:0; 框号:208; 槽号:0; 类型:MRRU"", ""reason"": ""551"", ""@rid"": ""#-1:288b88c5-98b2-4e39-ab44-56bc6f7d520a""}, {""title"": ""射频单元直流掉电告警"", ""location"": ""柜号:0; 框号:214; 槽号:0; 类型:MRRU"", ""reason"": ""551"", ""@rid"": ""#-1:d1d02100-cf9e-4888-adeb-2394df1981dd""}]}"
43852af5-16a5-4160-a925-7a14cbd228ee,"{""rootcause"": [{""title"": ""射频单元交流掉电告警"", ""location"": ""柜号:0; 框号:200; 槽号:0; 类型:MRRU"", ""reason"": ""551"", ""@rid"": ""#-1:403b19a5-688b-446c-b957-de4abc6ef5b6""}, {""title"": ""射频单元交流掉电告警"", ""location"": ""柜号:0; 框号:150; 槽号:0; 类型:MRRU"", ""reason"": ""551"", ""@rid"": ""#-1:978806c9-1856-41e7-8f58-89634ef8a09b""}]}"
4419dc56-6cb8-47fc-8628-44217a035878,"{""rootcause"": [{""title"": ""输入电源断"", ""location"": ""SubNetwork=1004,ManagedElement=1404738,Equipment=1,ReplaceableUnit=62"", ""reason"": ""外部掉电"", ""@rid"": ""#-1:1d35a16d-34f0-46ba-8d58-0fbb6197b636""}, {""title"": ""输入电源断"", ""location"": ""SubNetwork=1004,ManagedElement=1404738,Equipment=1,ReplaceableUnit=63"", ""reason"": ""外部掉电"", ""@rid"": ""#-1:3141caa2-8d07-46fa-b01d-bc1e580bb0a0""}, {""title"": ""输入电源断"", ""location"": ""SubNetwork=1004,ManagedElement=1404738,Equipment=1,ReplaceableUnit=61"", ""reason"": ""外部掉电"", ""@rid"": ""#-1:5c6199b3-d3eb-4bc8-9064-208131dd8984""}]}"
448b34d3-db47-41d2-95a8-978d4403969d,"{""rootcause"": [{""@rid"": ""#-1:7ee29989-cf5f-4009-aa1e-4a9125d11e65"", ""title"": ""时钟源之间的相位差过大"", ""location"": ""SubNetwork=5301,ManagedElement=593920,Equipment=1,Rack=1,SubRack=1,Slot=2,PlugInUnit=1,SdrDeviceGroup=1"", ""reason"": ""1. 时钟源受干扰。\n2. 时钟源引进设备的时延设置不当。""}]}"
453e2a00-53d3-43bd-97f6-5fa5db2d755a,"{""rootcause"": [{""title"": ""光口链路故障"", ""location"": ""SubNetwork=1004,ManagedElement=1397971,Equipment=1,ReplaceableUnit=65,RiPort=OPT1"", ""reason"": ""光口链路故障"", ""@rid"": ""#-1:2352d40a-9af6-465f-93bb-82e698e80fc1""}]}"
4559d8ff-1aff-4d46-966d-90dae0edf0d8,"{""rootcause"": [{""title"": ""RRU链路断"", ""location"": ""SubNetwork=1003,ManagedElement=506823,Equipment=1,Rack=53,SubRack=1,Slot=1,PlugInUnit=1,SdrDeviceGroup=1"", ""reason"": ""1. BBU和RRU之间或者上下级RRU之间的光纤故障。\n2. RRU光模块或上联的BBU光模块故障。\n3. RRU未供电。\n4. BBU接口单板故障。\n5. RRU故障。\n6. lr端口线速率配置错误。\n7. 单板硬件自检。"", ""@rid"": ""#-1:3537f02a-fa75-4e63-9acd-d870762c033a""}]}"
4593d1c3-2af3-482e-b1b8-734341fe0da1,"{""rootcause"": [{""@rid"": ""#-1:cfdb2154-2ef0-49a7-a250-cb1233b32fef"", ""title"": ""BBU CPRI接口异常告警"", ""location"": ""柜号:0; 框号:0; 槽号:3; 端口号:2; 端口号:0; 类型:UBBP; :CPRI接口异常"", ""reason"": ""567""}]}"
459c64a2-673b-412d-9d91-b70f2cd5b9ec,"{""rootcause"": [{""@rid"": ""#-1:9d54e30a-ceb1-40ce-8c92-ef8c35ab006a"", ""title"": ""天馈驻波比异常"", ""location"": ""sbn=2,NodeMe=394472,Equipment=1,rack=56,shelf=1,board=1"", ""reason"": ""1. 天馈线缆接头制作不合格、未拧紧、进水或存在金属碎屑等异物。\n2. 天馈线缆存在挤压、弯折，或馈缆损坏。\n3. 射频单元硬件故障。\n4. 天线对着障碍物。\n5. 驻波比告警门限过低。""}]}"
45cc8393-66ff-4852-b214-4956870760b7,"{""rootcause"": [{""@rid"": ""#-1:2cc9efe0-ea21-41fa-8184-e6738a6c2167"", ""title"": ""RRU链路断"", ""location"": ""SubNetwork=5305,ManagedElement=2646801,Equipment=1,ReplaceableUnit=51"", ""reason"": ""RRU链路断""}]}"
45dcf2cd-0520-49eb-8b67-30e4340872f7,"{""rootcause"": [{""@rid"": ""#-1:5804a5d8-7770-4393-b2e8-d23418628de8"", ""title"": ""硬件类型和配置不一致"", ""location"": ""SubNetwork=5302,ManagedElement=2646050,Equipment=1,ReplaceableUnit=51"", ""reason"": ""硬件类型和配置不一致""}, {""@rid"": ""#-1:36ae685f-3e78-4ee8-92d1-aa6bbd45845b"", ""title"": ""硬件类型和配置不一致"", ""location"": ""SubNetwork=5302,ManagedElement=2646050,Equipment=1,ReplaceableUnit=54"", ""reason"": ""硬件类型和配置不一致""}]}"
464f6c59-aeb8-468b-bdf9-70eddae630bf,"{""rootcause"": [{""title"": ""设备掉电"", ""location"": ""SubNetwork=1003,ManagedElement=91820,Equipment=1,Rack=81,SubRack=1,Slot=1,PlugInUnit=1,SdrDeviceGroup=1"", ""reason"": ""1. 市电异常。2. 外部供电设备故障。"", ""@rid"": ""#-1:56ef99bc-84f4-417e-a951-5ddcce659ae4""}, {""title"": ""设备掉电"", ""location"": ""SubNetwork=1003,ManagedElement=91820,Equipment=1,Rack=82,SubRack=1,Slot=1,PlugInUnit=1,SdrDeviceGroup=1"", ""reason"": ""1. 市电异常。2. 外部供电设备故障。"", ""@rid"": ""#-1:1d7d07f7-6fff-4e00-942d-41b885215004""}]}"
4673ddba-3e6d-4ac0-a54c-ed8bda2af0dd,"{""rootcause"": [{""title"": ""输入电源断"", ""location"": ""SubNetwork=1004,ManagedElement=1402873,Equipment=1,ReplaceableUnit=75"", ""reason"": ""输入电源断"", ""@rid"": ""#-1:f19643cb-3ca5-4746-8de4-70c3c0571cbd""}, {""title"": ""输入电源断"", ""location"": ""SubNetwork=1004,ManagedElement=1402873,Equipment=1,ReplaceableUnit=74"", ""reason"": ""输入电源断"", ""@rid"": ""#-1:4f6d9492-d03f-4567-8102-924e2c69f7f4""}]}"
4680d035-8604-4bf2-a66b-3f2de78b2324,"{""rootcause"": [{""title"": ""射频单元交流掉电告警"", ""location"": ""柜号:0; 框号:150; 槽号:0; 类型:MRRU"", ""reason"": ""551"", ""@rid"": ""#-1:6219c016-f25b-435a-9b24-e084f77b37bb""}]}"
4691c17f-52de-4079-80ac-ecb4448e11d3,"{""rootcause"": [{""@rid"": ""#-1:73903ab5-4735-4ee1-a625-d206e89dbb6a"", ""title"": ""RRU链路断"", ""location"": ""sbn=0,NodeMe=532862,Equipment=1,rack=55,shelf=1,board=1"", ""reason"": ""1. BBU和RRU之间或者上下级RRU之间的光纤故障。\n2. RRU光模块或上联的BBU光模块故障。\n3. RRU未供电。\n4. BBU接口单板故障。\n5. RRU故障。\n6. lr端口线速率配置错误。\n7. 单板硬件自检。""}]}"
4727daa8-dedc-43df-9cc2-8245693f0226,"{""rootcause"": [{""title"": ""设备掉电"", ""location"": ""SubNetwork=1003,ManagedElement=492972,Equipment=1,Rack=83,SubRack=1,Slot=1,PlugInUnit=1,SdrDeviceGroup=1"", ""reason"": ""1. 市电异常。\n2. 外部供电设备故障。"", ""@rid"": ""#-1:27169c2e-ef29-49a9-a283-eb979905736f""}]}"
475d1f3d-e1bf-403e-9e76-809ad4fef7fc,"{""rootcause"": [{""@rid"": ""#-1:b427a5d7-a43e-46fc-9527-a895e67bbf78"", ""title"": ""光口接收链路故障"", ""location"": ""SubNetwork=5304,ManagedElement=595027,Equipment=1,Rack=1,SubRack=1,Slot=11,PlugInUnit=1,SdrDeviceGroup=1,FiberDeviceSet=1,FiberDevice=2"", ""reason"": ""1. 光纤/电缆损坏；\n2. 光纤/电缆端面污染；\n3. 本端或对端光/电模块或光纤/电缆没插好；\n4. 对端设备的光/电模块损坏；\n5. 光纤实际长度大于光模块支持的长度；\n6. 本端、对端的光模块速率不匹配；\n7. 对端设备工作异常。""}]}"
479ea908-434e-4fb5-a428-ae302caec13f,"{""rootcause"": [{""@rid"": ""#-1:1f6fea4e-32e5-4e6b-85b7-ac68536d6957"", ""title"": ""输入电压异常"", ""location"": ""SubNetwork=5309,ManagedElement=2621643,Equipment=1,ReplaceableUnit=VPD_1_5"", ""reason"": ""欠压""}]}"
47f43e36-6a98-44d9-bb04-78b1c5f29195,"{""rootcause"": [{""@rid"": ""#-1:ef8b0cc7-4ffb-4dea-99f5-170398429006"", ""title"": ""输入电源断"", ""location"": ""SubNetwork=5308,ManagedElement=2646190,Equipment=1,ReplaceableUnit=56"", ""reason"": ""外部掉电""}, {""@rid"": ""#-1:05593308-a7ed-424e-b779-6076827e5fda"", ""title"": ""设备掉电"", ""location"": ""SubNetwork=5301,ManagedElement=595043,Equipment=1,Rack=64,SubRack=1,Slot=1,PlugInUnit=1,SdrDeviceGroup=1"", ""reason"": ""1. 市电异常。\n2. 外部供电设备故障。""}]}"
48043985-732f-40b1-884e-8fc45629fd36,"{""rootcause"": [{""title"": ""射频单元交流掉电告警"", ""location"": ""柜号:0; 框号:65; 槽号:0; 类型:MRRU"", ""reason"": ""551"", ""@rid"": ""#-1:b36fbe0f-8d89-484c-b2e9-95169e1f160c""}]}"
481c96c1-58ce-4396-869e-115c97b9b149,"{""rootcause"": [{""@rid"": ""#-1:83844b88-9f0d-4063-9de5-868a7caee096"", ""title"": ""射频单元驻波告警"", ""location"": ""柜号:0; 框号:207; 槽号:0; :1; 类型:MRRU; 告警(0.1):30; (0.1):30; 输出(0.1dBm):418; 端口:NULL"", ""reason"": ""516""}]}"
483c7d78-1ad4-40a5-952d-b3f207c207bf,"{""rootcause"": [{""@rid"": ""#-1:25e1c671-1e81-4184-8fb3-ef2910e9453d"", ""title"": ""射频单元CPRI接口异常告警"", ""location"": ""柜号:0; 框号:201; 槽号:0; 端口号:端口0; 端口号:NULL; 类型:MRRU; :CPRI接口异常"", ""reason"": ""566""}]}"
485a30de-40db-465d-b217-6a19f45f1dda,"{""rootcause"": [{""@rid"": ""#-1:d4192a3a-8641-4d1b-a1f7-83429bb9cabc"", ""title"": ""设备掉电"", ""location"": ""SubNetwork=5300,ManagedElement=296321,Equipment=1,Rack=67,SubRack=1,Slot=1,PlugInUnit=1,SdrDeviceGroup=1"", ""reason"": ""1. 市电异常。\n2. 外部供电设备故障。""}, {""@rid"": ""#-1:48830f09-c9b2-42a0-a577-4353c4681946"", ""title"": ""设备掉电"", ""location"": ""SubNetwork=5300,ManagedElement=296321,Equipment=1,Rack=65,SubRack=1,Slot=1,PlugInUnit=1,SdrDeviceGroup=1"", ""reason"": ""1. 市电异常。\n2. 外部供电设备故障。""}]}"
48841334-6c34-4975-824c-02d29030a40f,"{""rootcause"": [{""@rid"": ""#-1:00621a14-ac17-4d5b-9ae3-f3b501ec23a3"", ""title"": ""天馈驻波比异常"", ""location"": ""sbn=7311,NodeMe=473703,Equipment=1,rack=77,shelf=1,board=1"", ""reason"": ""1. 天馈线缆接头制作不合格、未拧紧、进水或存在金属碎屑等异物。\n2. 天馈线缆存在挤压、弯折，或馈缆损坏。\n3. 射频单元硬件故障。\n4. 天线对着障碍物。\n5. 驻波比告警门限过低。""}]}"
48b5dd7c-d423-4aed-b454-f894ccaf8143,"{""rootcause"": [{""title"": ""射频单元交流掉电告警"", ""reason"": ""551"", ""location"": ""柜号:0; 框号:111; 槽号:0; 类型:MRRU"", ""@rid"": ""#-1:a2f4b5c2-e034-4f62-b6dd-d063539755fc""}, {""title"": ""射频单元交流掉电告警"", ""reason"": ""551"", ""location"": ""柜号:0; 框号:112; 槽号:0; 类型:MRRU"", ""@rid"": ""#-1:106e64f6-c7fd-48f1-88c2-a921810c62d9""}, {""title"": ""射频单元交流掉电告警"", ""reason"": ""551"", ""location"": ""柜号:0; 框号:90; 槽号:0; 类型:MRRU"", ""@rid"": ""#-1:56ec3723-803b-4a05-a4a2-c8d1831cf437""}, {""title"": ""射频单元交流掉电告警"", ""reason"": ""551"", ""location"": ""柜号:0; 框号:91; 槽号:0; 类型:MRRU"", ""@rid"": ""#-1:d14c19dc-a454-4b41-8e79-5d07c8d6e025""}]}"
48be7bb6-da40-4dac-926e-a62c6423dcb2,"{""rootcause"": [{""title"": ""设备掉电"", ""location"": ""SubNetwork=1003,ManagedElement=41387,Equipment=1,Rack=54,SubRack=1,Slot=1,PlugInUnit=1,SdrDeviceGroup=1"", ""reason"": ""1. 市电异常。2. 外部供电设备故障。"", ""@rid"": ""#-1:72a174a9-207e-4268-90c9-797b4543769d""}, {""title"": ""设备掉电"", ""location"": ""SubNetwork=1003,ManagedElement=41387,Equipment=1,Rack=52,SubRack=1,Slot=1,PlugInUnit=1,SdrDeviceGroup=1"", ""reason"": ""1. 市电异常。2. 外部供电设备故障。"", ""@rid"": ""#-1:03f2f2ab-05c5-4d59-b3e7-255373518d6b""}, {""title"": ""设备掉电"", ""location"": ""SubNetwork=1003,ManagedElement=41387,Equipment=1,Rack=51,SubRack=1,Slot=1,PlugInUnit=1,SdrDeviceGroup=1"", ""reason"": ""1. 市电异常。2. 外部供电设备故障。"", ""@rid"": ""#-1:ca8e4d53-dfec-4156-a25b-a08ad91d4aee""}, {""title"": ""设备掉电"", ""location"": ""SubNetwork=1003,ManagedElement=41387,Equipment=1,Rack=53,SubRack=1,Slot=1,PlugInUnit=1,SdrDeviceGroup=1"", ""reason"": ""1. 市电异常。2. 外部供电设备故障。"", ""@rid"": ""#-1:23d0a034-70c8-48b5-8be1-30470bc23720""}]}"
48c2ff65-175f-4828-a3c1-4e9be5e6c4a3,"{""rootcause"": [{""@rid"": ""#-1:5a55bea2-29e8-4648-a2f2-d26583748502"", ""title"": ""射频单元IR接口异常告警"", ""location"": ""柜号:0; 框号:219; 槽号:0; 端口号:端口0; 类型:MRRU; :IR接口异常"", ""reason"": ""69""}]}"
48d8a5c9-b097-41b0-b8f0-a228f7295700,"{""rootcause"": [{""title"": ""输入电源断"", ""location"": ""SubNetwork=1004,ManagedElement=1430135,Equipment=1,ReplaceableUnit=66"", ""reason"": ""外部掉电"", ""@rid"": ""#-1:166e8de0-cee2-4bba-8b5f-3351828d667f""}, {""title"": ""输入电源断"", ""location"": ""SubNetwork=1004,ManagedElement=1430135,Equipment=1,ReplaceableUnit=64"", ""reason"": ""外部掉电"", ""@rid"": ""#-1:0743fb69-df6a-4ba4-92b1-a8d7d39ed8c1""}, {""title"": ""输入电源断"", ""location"": ""SubNetwork=1004,ManagedElement=1430135,Equipment=1,ReplaceableUnit=65"", ""reason"": ""外部掉电"", ""@rid"": ""#-1:fd9dcbb9-b8de-4494-ba27-66db0cdf2c82""}]}"
48da811c-8e39-408c-a3da-0322bb34e667,"{""rootcause"": [{""title"": ""输入电源断"", ""location"": ""SubNetwork=1004,ManagedElement=1402842,Equipment=1,ReplaceableUnit=75"", ""reason"": ""输入电源断"", ""@rid"": ""#-1:0a4511fc-fb36-4af8-8e1a-6ba3afff421a""}, {""title"": ""输入电源断"", ""location"": ""SubNetwork=1004,ManagedElement=1402842,Equipment=1,ReplaceableUnit=74"", ""reason"": ""输入电源断"", ""@rid"": ""#-1:db830641-c695-4170-b172-b6d885fa447f""}]}"
48e582e2-6037-4585-956d-6a6777c96f9c,"{""rootcause"": [{""title"": ""输入电源断"", ""location"": ""SubNetwork=1004,ManagedElement=1408262,Equipment=1,ReplaceableUnit=77"", ""reason"": ""输入电源断"", ""@rid"": ""#-1:bffab558-0701-4403-a6ce-944713749350""}]}"
48fdae7f-14fc-4ba3-86c1-a3bb18e4613b,"{""rootcause"": [{""title"": ""BBU CPRI接口异常告警"", ""reason"": ""567"", ""location"": ""柜号:0; 框号:0; 槽号:0; 端口号:0; 端口号:0; 类型:UBBP; :"", ""@rid"": ""#-1:f3e83af5-72c1-4bbb-b2d6-6c44ca9bf762""}, {""title"": ""BBU CPRI接口异常告警"", ""reason"": ""567"", ""location"": ""柜号:0; 框号:0; 槽号:0; 端口号:1; 端口号:0; 类型:UBBP; :"", ""@rid"": ""#-1:807da9da-ebe1-4453-b409-9763b06a36c5""}, {""title"": ""BBU CPRI接口异常告警"", ""reason"": ""567"", ""location"": ""柜号:0; 框号:0; 槽号:0; 端口号:2; 端口号:0; 类型:UBBP; :"", ""@rid"": ""#-1:df99a45c-324f-4500-95f1-47c0804ccc94""}, {""title"": ""BBU CPRI接口异常告警"", ""reason"": ""567"", ""location"": ""柜号:0; 框号:0; 槽号:0; 端口号:3; 端口号:0; 类型:UBBP; :"", ""@rid"": ""#-1:220f02e8-1a30-4a68-81cc-682a81156170""}, {""title"": ""BBU CPRI接口异常告警"", ""reason"": ""567"", ""location"": ""柜号:0; 框号:0; 槽号:0; 端口号:4; 端口号:0; 类型:UBBP; :"", ""@rid"": ""#-1:2218c0ef-8424-4558-9af5-da4e7a722aee""}, {""title"": ""BBU CPRI接口异常告警"", ""reason"": ""567"", ""location"": ""柜号:0; 框号:0; 槽号:0; 端口号:5; 端口号:0; 类型:UBBP; :"", ""@rid"": ""#-1:ceec8cef-d1e1-4f6e-9e98-85cea7a7dddf""}]}"
4902d16d-326d-4b33-8bb0-8a50152dd3b0,"{""rootcause"": [{""@rid"": ""#-1:1fe1f04f-aa92-4203-850e-dfd625e88bbb"", ""title"": ""射频单元IR接口异常告警"", ""location"": ""柜号:0; 框号:237; 槽号:0; 端口号:端口0; 类型:MRRU; :IR接口异常"", ""reason"": ""69""}]}"
49076ec5-9038-4f1a-8629-0823726a88ee,"{""rootcause"": [{""title"": ""输入电源断"", ""location"": ""SubNetwork=1004,ManagedElement=1393271,Equipment=1,ReplaceableUnit=62"", ""reason"": ""外部掉电"", ""@rid"": ""#-1:a8d0de92-c301-448e-8876-bdf898c20447""}, {""title"": ""输入电源断"", ""location"": ""SubNetwork=1004,ManagedElement=1393271,Equipment=1,ReplaceableUnit=63"", ""reason"": ""外部掉电"", ""@rid"": ""#-1:5a46e865-1006-47cc-80fb-e43b8f8679a7""}, {""title"": ""输入电源断"", ""location"": ""SubNetwork=1004,ManagedElement=1393271,Equipment=1,ReplaceableUnit=61"", ""reason"": ""外部掉电"", ""@rid"": ""#-1:a7babd8e-75c1-49f0-8289-650e22a56cc6""}]}"
490e42e1-aecf-4cd7-a605-0f237251abbf,"{""rootcause"": [{""@rid"": ""#-1:e2ceb008-cd8e-4970-b014-639a25f03d30"", ""title"": ""射频单元IR接口异常告警"", ""location"": ""柜号:0; 框号:61; 槽号:0; 端口号:端口0; 类型:MRRU; :"", ""reason"": ""69""}]}"
497460b1-cb3c-4cbb-99f9-45fd0101b465,"{""rootcause"": [{""@rid"": ""#-1:17f27ab2-6b36-4c97-a8cb-01fc9630429a"", ""title"": ""LTE小区退出服务"", ""location"": ""SubNetwork=CMCC-GZ-03,ManagedElement=12782302,ENBCUCPFunction=460-00_871815,CULTE=1,CUEUtranCellFDDLTE=71"", ""reason"": ""RRU板异常导致""}, {""@rid"": ""#-1:2b6b37a5-a32e-47a8-a1ec-1b12a42820c3"", ""title"": ""LTE小区退出服务"", ""location"": ""SubNetwork=CMCC-GZ-03,ManagedElement=12782302,ENBCUCPFunction=460-00_871815,CULTE=1,CUEUtranCellFDDLTE=72"", ""reason"": ""小区无可用CP导致""}, {""@rid"": ""#-1:e447b33d-b16f-4a3b-a1db-8f5110876ec4"", ""title"": ""[衍生告警]设备商甲4G小区退服"", ""location"": "":东;\n名称:;\n告警:[告警]4G;\n告警:；2\n告警时间:2025-12-21 17:13:41;"", ""reason"": ""RRU板异常导致""}]}"
4994531f-328b-4403-ad91-0c9bab38630f,"{""rootcause"": [{""@rid"": ""#-1:4cfbcf4b-b685-4501-8f3e-bee4b63db2eb"", ""title"": ""设备掉电"", ""location"": ""SubNetwork=5301,ManagedElement=833016,Equipment=1,Rack=51,SubRack=1,Slot=1,PlugInUnit=1,SdrDeviceGroup=1"", ""reason"": ""1. 市电异常。\n2. 外部供电设备故障。""}]}"
49ac4be5-bdae-4acb-a8fe-8ac7d980f7a2,"{""rootcause"": [{""title"": ""射频单元交流掉电告警"", ""location"": ""柜号:0; 框号:150; 槽号:0; 类型:MRRU"", ""reason"": ""551"", ""@rid"": ""#-1:5e75be90-61d3-463e-9ea6-bdbbd293ff82""}]}"
49afe055-0ddc-45cb-a665-718b234423f0,"{""rootcause"": [{""title"": ""ETH_LOS"", ""reason"": ""(1)端口已使能但端口的网线或光纤没有连接好；(2)网线或光纤故障；(3)对端发送部分故障；(4)本端接收部分故障。(5)灰光光模块与彩光光模块对接，端口可能上ETH_LOS。(6)彩光光模块对接，配置不同波长。(7)对接端口的传输模式不一致或者FEC模式不一致。"", ""location"": ""1-81EG8-1(PORT-1)-MAC:1"", ""@rid"": ""#-1:d0e1e808-0db0-4bca-b969-f0bffde5a819""}, {""title"": ""ETH_LOS"", ""reason"": ""(1)端口已使能但端口的网线或光纤没有连接好；(2)网线或光纤故障；(3)对端发送部分故障；(4)本端接收部分故障。(5)灰光光模块与彩光光模块对接，端口可能上ETH_LOS。(6)彩光光模块对接，配置不同波长。(7)对接端口的传输模式不一致或者FEC模式不一致。"", ""location"": ""2-D2EG2-1(PORT-1)-MAC:1"", ""@rid"": ""#-1:974edc42-b28a-422a-ac1f-1f2fdd49443c""}]}"
49e265f5-3dbb-439f-9a7f-67162e75cdc3,"{""rootcause"": [{""@rid"": ""#-1:a469a37b-a563-4ca7-8ba8-2f31655afb39"", ""title"": ""天馈驻波比异常"", ""location"": ""sbn=7312,NodeMe=985914,Equipment=1,rack=79,shelf=1,board=1"", ""reason"": ""1. 天馈线缆接头制作不合格、未拧紧、进水或存在金属碎屑等异物。\n2. 天馈线缆存在挤压、弯折，或馈缆损坏。\n3. 射频单元硬件故障。\n4. 天线对着障碍物。\n5. 驻波比告警门限过低。""}]}"
49f1ac17-268e-4273-b090-6608cee6c4c4,"{""rootcause"": [{""@rid"": ""#-1:93e9abc0-87a1-4972-8c29-bf4efaec2df2"", ""title"": ""射频单元驻波告警"", ""location"": ""柜号:0; 框号:207; 槽号:0; :1; 类型:MRRU; 告警(0.1):20; (0.1):26; 输出(0.1dBm):262; 端口:NULL"", ""reason"": ""516""}]}"
4a121629-9dcf-4bf2-9c4e-c2a0c80a34b5,"{""rootcause"": [{""title"": ""射频单元交流掉电告警"", ""location"": ""柜号:0; 框号:180; 槽号:0; 类型:MRRU"", ""reason"": ""551"", ""@rid"": ""#-1:ef82474f-4569-4599-95e0-8799c68a403d""}]}"
4a1bdd5a-911c-4470-8504-d92254d0316a,"{""rootcause"": [{""title"": ""RRU链路断"", ""reason"": ""RRU链路断"", ""location"": ""SubNetwork=1004,ManagedElement=1393287,Equipment=1,ReplaceableUnit=61"", ""@rid"": ""#-1:353faf23-bc7d-4fe7-82c6-03a0898caddd""}, {""title"": ""RRU链路断"", ""reason"": ""RRU链路断"", ""location"": ""SubNetwork=1004,ManagedElement=1393287,Equipment=1,ReplaceableUnit=62 "", ""@rid"": ""#-1:561167f1-599b-4b27-abdd-f3ba58cc9b11""}, {""title"": ""RRU链路断"", ""reason"": ""RRU链路断"", ""location"": ""SubNetwork=1004,ManagedElement=1393287,Equipment=1,ReplaceableUnit=63"", ""@rid"": ""#-1:11babb55-076d-4c0a-b365-3c1c1084535c""}, {""title"": ""RRU链路断"", ""reason"": ""RRU链路断"", ""location"": ""SubNetwork=1004,ManagedElement=1404703,Equipment=1,ReplaceableUnit=74"", ""@rid"": ""#-1:6752a9d1-1511-404e-af20-b72bb701f52e""}]}"
4a297ff0-c497-4cec-a2f0-fe0918a97f1d,"{""rootcause"": [{""@rid"": ""#-1:73efd7cf-c431-40be-9796-9a97f893baab"", ""title"": ""输入电源断"", ""location"": ""SubNetwork=CMCC-GZ-01,ManagedElement=12586354,Equipment=1,ReplaceableUnit=A_5"", ""reason"": ""外部掉电""}, {""@rid"": ""#-1:58b4045a-e07e-4668-b361-29aa79f8bae6"", ""title"": ""输入电源断"", ""location"": ""SubNetwork=CMCC-GZ-01,ManagedElement=12586354,Equipment=1,ReplaceableUnit=A_6"", ""reason"": ""外部掉电""}, {""@rid"": ""#-1:fb89fc34-e936-4bb2-96d0-909eb2389d6c"", ""title"": ""输入电源断"", ""location"": ""SubNetwork=CMCC-GZ-01,ManagedElement=12586354,Equipment=1,ReplaceableUnit=A_4"", ""reason"": ""外部掉电""}]}"
4ac3cebf-d84f-48a2-9399-0066cd468a02,"{""rootcause"": [{""title"": ""光口链路故障"", ""location"": ""SubNetwork=1004,ManagedElement=1395210,Equipment=1,ReplaceableUnit=VBP_1_3,RiPort=OF1"", ""reason"": ""光口链路故障"", ""@rid"": ""#-1:00000472-a82c-4935-8986-c54d7258dc5e""}, {""title"": ""光口链路故障"", ""location"": ""SubNetwork=1004,ManagedElement=1395210,Equipment=1,ReplaceableUnit=VBP_1_3,RiPort=OF3"", ""reason"": ""光口链路故障"", ""@rid"": ""#-1:bf574df9-9e59-4b27-af9b-7119e8fef444""}, {""title"": ""光口链路故障"", ""location"": ""SubNetwork=1004,ManagedElement=1395210,Equipment=1,ReplaceableUnit=VBP_1_3,RiPort=OF2"", ""reason"": ""光口链路故障"", ""@rid"": ""#-1:2e09bdea-7f02-4fdb-a424-0e3f5bcd1224""}]}"
4b4c9632-700d-41fe-b53a-6510b6a59f7e,"{""rootcause"": [{""@rid"": ""#-1:65164b3a-0902-404a-8c0b-25305a486ac2"", ""title"": ""RRU链路断"", ""location"": ""sbn=1,NodeMe=141759,Equipment=1,rack=53,shelf=1,board=1"", ""reason"": ""1. BBU和RRU之间或者上下级RRU之间的光纤故障。\n2. RRU光模块或上联的BBU光模块故障。\n3. RRU未供电。\n4. BBU接口单板故障。\n5. RRU故障。\n6. lr端口线速率配置错误。\n7. 单板硬件自检。""}]}"
4b6e616a-1856-4f6c-a640-d6a3c1121313,"{""rootcause"": [{""@rid"": ""#-1:709cf8f2-d10e-41d4-850f-681cad9b95f1"", ""title"": ""网元连接中断"", ""location"": ""网元名称:CBN-东U-H5H; 网元IP地址:10.120.13.66; 网元IP地址(IP Mode):NULL; 端口:6007; 错误:N/A; 信息:端口时; 分:MediationService0405; OMC IP:188.3.137.10"", ""reason"": ""718""}]}"
4b8e9156-e66f-47ae-8a80-28de6d739c81,"{""rootcause"": [{""@rid"": ""#-1:e4d548d4-ad6e-49a3-81d3-dd2c440d69f3"", ""title"": ""设备掉电"", ""location"": ""SubNetwork=5309,ManagedElement=594580,Equipment=1,Rack=59,SubRack=1,Slot=1,PlugInUnit=1,SdrDeviceGroup=1"", ""reason"": ""1. 市电异常。\n2. 外部供电设备故障。""}, {""@rid"": ""#-1:de1ed716-c74a-447a-8ebd-1b203f51f6e3"", ""title"": ""设备掉电"", ""location"": ""SubNetwork=5309,ManagedElement=594580,Equipment=1,Rack=53,SubRack=1,Slot=1,PlugInUnit=1,SdrDeviceGroup=1"", ""reason"": ""1. 市电异常。\n2. 外部供电设备故障。""}, {""@rid"": ""#-1:9adbb050-bc7c-4a49-810e-c7a2003a7570"", ""title"": ""设备掉电"", ""location"": ""SubNetwork=5309,ManagedElement=594580,Equipment=1,Rack=56,SubRack=1,Slot=1,PlugInUnit=1,SdrDeviceGroup=1"", ""reason"": ""1. 市电异常。\n2. 外部供电设备故障。""}, {""@rid"": ""#-1:dbd8c90d-0a52-4b41-b8ea-19e9631e6629"", ""title"": ""1588时钟源异常"", ""location"": ""SubNetwork=5309,ManagedElement=594580,Equipment=1,Rack=1,SubRack=1,Slot=1,PlugInUnit=1,SdrDeviceGroup=1"", ""reason"": ""1. 无可用1588时钟链路通道。\n2. 无法跟1588时钟链路的主时钟取得联系。\n3. 1588时钟链路的网络拥塞比较严重。\n4. 启用了标准报文格式支持，可是链路主时钟的时钟源不可跟踪。""}]}"
4baefbee-4dd5-48a5-ac64-a845040da505,"{""rootcause"": [{""title"": ""输入电源断"", ""location"": ""SubNetwork=1004,ManagedElement=1393254,Equipment=1,ReplaceableUnit=66"", ""reason"": ""外部掉电"", ""@rid"": ""#-1:3ae9fbd9-2be9-4e6a-933c-80a35746066b""}, {""title"": ""输入电源断"", ""location"": ""SubNetwork=1004,ManagedElement=1393254,Equipment=1,ReplaceableUnit=65"", ""reason"": ""外部掉电"", ""@rid"": ""#-1:c699c1be-9480-419b-aa4a-221f849396ba""}, {""title"": ""输入电源断"", ""location"": ""SubNetwork=1004,ManagedElement=1393254,Equipment=1,ReplaceableUnit=64"", ""reason"": ""外部掉电"", ""@rid"": ""#-1:a6131368-2e6a-4eca-aacd-fbb6c0b7b7b5""}]}"
4c01e8b0-cfe5-4a80-9a89-2f7c6b8f15b0,"{""rootcause"": [{""@rid"": ""#-1:8c48a08d-4e27-4d38-b279-a5e3e810b292"", ""title"": ""输入电源断"", ""location"": ""SubNetwork=5306,ManagedElement=2647019,Equipment=1,ReplaceableUnit=53"", ""reason"": ""内部掉电""}]}"
4c3ae55e-cd5d-4962-b783-357088469f1e,"{""rootcause"": [{""title"": ""以太网物理接口(ETPI) 信号丢失(LOS)"", ""location"": ""OIXG2A[0-1-7]-10GE:1"", ""reason"": ""以太网物理接口(ETPI) 信号丢失(LOS)"", ""@rid"": ""#-1:0d7b52f1-82d0-4dfe-99ec-333817fb2008""}, {""title"": ""FlexE虚拟以太网口 Ethernet端口未连接"", ""location"": ""FlexE VEI:7"", ""reason"": ""FlexE虚拟以太网口 Ethernet端口未连接"", ""@rid"": ""#-1:95786900-9daa-4d28-9d67-50e30d032ccb""}, {""title"": ""以太网物理接口(ETPI) 信号丢失(LOS)"", ""location"": ""PXGB24T1[0-1-14]-10GE:16"", ""reason"": ""以太网物理接口(ETPI) 信号丢失(LOS)"", ""@rid"": ""#-1:92e2a779-6027-44c4-93f9-a6f4c6c633d0""}, {""title"": ""以太网物理接口(ETPI) 信号丢失(LOS)"", ""location"": ""OIXG2A[0-1-1]-10GE:1"", ""reason"": ""以太网物理接口(ETPI) 信号丢失(LOS)"", ""@rid"": ""#-1:cdf4ad2d-e246-4148-af53-70803fb0f751""}, {""title"": ""以太网物理接口(ETPI) 输入光功率(dBm)越限"", ""location"": ""OIXG4A[0-1-2]-10GE:1"", ""reason"": ""以太网物理接口(ETPI) 输入光功率(dBm)越限"", ""@rid"": ""#-1:f00463f3-d711-485f-9bfe-09bb6c3f7b30""}, {""title"": ""以太网物理接口(ETPI) 信号丢失(LOS)"", ""location"": ""PXGA12T1[0-1-1]-10GE:5"", ""reason"": ""以太网物理接口(ETPI) 信号丢失(LOS)"", ""@rid"": ""#-1:5012af1f-c3cd-4a8f-b2f7-3d2d999a5bf4""}, {""title"": ""以太网物理接口(ETPI) 信号丢失(LOS)"", ""location"": ""OIXG2A[0-1-1]-10GE:2"", ""reason"": ""以太网物理接口(ETPI) 信号丢失(LOS)"", ""@rid"": ""#-1:09050f32-1966-4b81-8f1c-60d720f03348""}]}"
4c468c06-4440-4cbf-89a8-0dc8c1de08a2,"{""rootcause"": [{""title"": ""输入电源断"", ""reason"": ""外部掉电"", ""location"": ""SubNetwork=1004,ManagedElement=1432374,Equipment=1,ReplaceableUnit=63"", ""@rid"": ""#-1:13d36965-70cc-42a1-97af-8d31fb27c91c""}, {""title"": ""输入电源断"", ""reason"": ""输入电源断"", ""location"": ""SubNetwork=1004,ManagedElement=1433485,Equipment=1,ReplaceableUnit=71"", ""@rid"": ""#-1:c4f369e2-a2dc-4ca1-a8e3-85c736c8f01c""}, {""title"": ""输入电源断"", ""reason"": ""输入电源断"", ""location"": ""SubNetwork=1004,ManagedElement=1433485,Equipment=1,ReplaceableUnit=72"", ""@rid"": ""#-1:06633633-9960-4ba9-bfa8-9b6e435f9907""}, {""title"": ""输入电源断"", ""reason"": ""输入电源断"", ""location"": ""SubNetwork=1004,ManagedElement=1433485,Equipment=1,ReplaceableUnit=73"", ""@rid"": ""#-1:357bd40e-e0c4-46c7-8fb4-b5c5f8d9f7c4""}]}"
4c4e0393-8979-4583-b139-0f2ed229bc4e,"{""rootcause"": [{""title"": ""BBU CPRI接口异常告警"", ""location"": ""柜号:0; 框号:0; 槽号:4; 端口号:2; 端口号:0; 类型:UBBP; :"", ""reason"": ""567"", ""@rid"": ""#-1:87441872-d57a-4150-8e3e-b8fd1f4d827c""}]}"
4c934f5f-629a-41f3-863e-1b509085a685,"{""rootcause"": [{""@rid"": ""#-1:09b34777-e7ed-4b40-aa4b-b9271f5f6b6f"", ""title"": ""射频单元交流掉电告警"", ""location"": ""柜号:0; 框号:203; 槽号:0; 类型:MRRU"", ""reason"": ""551""}, {""@rid"": ""#-1:6458332f-94cb-4af6-9cea-fb428444a404"", ""title"": ""射频单元交流掉电告警"", ""location"": ""柜号:0; 框号:209; 槽号:0; 类型:MRRU"", ""reason"": ""551""}]}"
4c98f1a8-e8ff-4aee-bb86-e4a4c2e0858f,"{""rootcause"": [{""@rid"": ""#-1:bcbbe841-f88b-4b98-a541-39a6da77aa5b"", ""title"": ""输入电源断"", ""location"": ""SubNetwork=CMCC-GZ-02,ManagedElement=12640955,Equipment=1"", ""reason"": ""外部供电异常""}]}"
4ca1d4bb-e411-4900-9099-aa173631be8b,"{""rootcause"": [{""@rid"": ""#-1:3c7e00f5-ee54-4300-bfc1-e2544710031c"", ""title"": ""RRU链路断"", ""location"": ""sbn=7311,NodeMe=985846,Equipment=1,rack=67,shelf=1,board=1"", ""reason"": ""1. BBU和RRU之间或者上下级RRU之间的光纤故障。\n2. RRU光模块或上联的BBU光模块故障。\n3. RRU未供电。\n4. BBU接口单板故障。\n5. RRU故障。\n6. lr端口线速率配置错误。\n7. 单板硬件自检。""}]}"
4cd41aba-de7f-45b4-b715-a8c6fb767ac4,"{""rootcause"": [{""@rid"": ""#-1:56ddcc5f-ada7-4a4b-a841-11ab7a100577"", ""title"": ""RRU链路断"", ""location"": ""SubNetwork=5308,ManagedElement=297106,Equipment=1,Rack=53,SubRack=1,Slot=1,PlugInUnit=1,SdrDeviceGroup=1"", ""reason"": ""1. BBU和RRU之间或者上下级RRU之间的光纤故障。\n2. RRU光模块或上联的BBU光模块故障。\n3. RRU未供电。\n4. BBU接口单板故障。\n5. RRU故障。\n6. lr端口线速率配置错误。\n7. 单板硬件自检。""}]}"
4d0aba43-49df-486c-a58b-b06730191c60,"{""rootcause"": [{""@rid"": ""#-1:753e52c9-0a97-4616-a0ad-e9cdca9d969c"", ""title"": ""设备掉电"", ""location"": ""SubNetwork=5309,ManagedElement=177275,Equipment=1,Rack=62,SubRack=1,Slot=1,PlugInUnit=1,SdrDeviceGroup=1"", ""reason"": ""1. 市电异常。\n2. 外部供电设备故障。""}]}"
4d21563b-218a-4351-9316-5f71bc2bb859,"{""rootcause"": [{""title"": ""光口链路故障"", ""location"": ""SubNetwork=1004,ManagedElement=1420804,Equipment=1,ReplaceableUnit=VBP_1_3,RiPort=OF2"", ""reason"": ""光口链路故障"", ""@rid"": ""#-1:98fa98b7-87dd-4644-aeb1-949ef02e0995""}]}"
4d279fe6-4475-452c-9822-6ac364b44331,"{""rootcause"": [{""title"": ""BBU IR接口异常告警"", ""location"": ""柜号:0; 框号:0; 槽号:2; 端口号:0; 端口号:0; 类型:UBBP; :"", ""reason"": ""567"", ""@rid"": ""#-1:f1cf45eb-1f81-4c5d-892c-fd432ca8858e""}, {""title"": ""BBU IR接口异常告警"", ""location"": ""柜号:0; 框号:0; 槽号:2; 端口号:1; 端口号:0; 类型:UBBP; :"", ""reason"": ""567"", ""@rid"": ""#-1:43a5348a-c0b4-45ed-9cd1-58833f8b6883""}, {""title"": ""BBU IR接口异常告警"", ""location"": ""柜号:0; 框号:0; 槽号:2; 端口号:2; 端口号:0; 类型:UBBP; :"", ""reason"": ""567"", ""@rid"": ""#-1:2b88150d-21c7-471e-b91a-86fed5237781""}]}"
4d296f3c-e844-4785-8509-09679f99fa9d,"{""rootcause"": [{""title"": ""输入电源断"", ""location"": ""SubNetwork=1004,ManagedElement=1393254,Equipment=1,ReplaceableUnit=65"", ""reason"": ""外部掉电"", ""@rid"": ""#-1:c2ac447c-ceda-4dd8-8809-4f561fec0e6e""}, {""title"": ""输入电源断"", ""location"": ""SubNetwork=1004,ManagedElement=1393254,Equipment=1,ReplaceableUnit=64"", ""reason"": ""外部掉电"", ""@rid"": ""#-1:f01d40f4-26ab-4094-837d-a9f3d7858b3f""}, {""title"": ""输入电源断"", ""location"": ""SubNetwork=1004,ManagedElement=1393254,Equipment=1,ReplaceableUnit=66"", ""reason"": ""外部掉电"", ""@rid"": ""#-1:9833116d-e610-41cb-afd4-497a1a6ce937""}]}"
4d45c84c-67bc-4855-bb62-1b63628dba0d,"{""rootcause"": [{""@rid"": ""#-1:4120f22c-93c4-4cd2-b9ec-4df955a1c41f"", ""title"": ""RRU链路断"", ""location"": ""SubNetwork=7,ManagedElement=685655,Equipment=1,Rack=55,SubRack=1,Slot=1,PlugInUnit=1,SdrDeviceGroup=1"", ""reason"": ""1. BBU和RRU之间或者上下级RRU之间的光纤故障。\n2. RRU光模块或上联的BBU光模块故障。\n3. RRU未供电。\n4. BBU接口单板故障。\n5. RRU故障。\n6. lr端口线速率配置错误。\n7. 单板硬件自检。""}]}"
4d72f6db-b49d-477c-adb3-b7e079c1d69d,"{""rootcause"": [{""@rid"": ""#-1:4bd6a91f-062f-4f50-881c-b97b21ffd6ac"", ""title"": ""射频单元CPRI接口异常告警"", ""location"": ""柜号:0; 框号:224; 槽号:0; 端口号:端口1; 端口号:NULL; 类型:MRRU; :"", ""reason"": ""566""}]}"
4db7bb4a-13ce-4502-941e-1987e9f91eb4,"{""rootcause"": [{""title"": ""输入电源断"", ""location"": ""SubNetwork=1004,ManagedElement=1393297,Equipment=1,ReplaceableUnit=65"", ""reason"": ""外部掉电"", ""@rid"": ""#-1:1bad3e8b-16d3-40c5-832c-5977ede15757""}, {""title"": ""输入电源断"", ""location"": ""SubNetwork=1004,ManagedElement=1393297,Equipment=1,ReplaceableUnit=66"", ""reason"": ""外部掉电"", ""@rid"": ""#-1:7f429922-4e28-4c34-944a-c530dd8b3fc0""}, {""title"": ""输入电源断"", ""location"": ""SubNetwork=1004,ManagedElement=1393297,Equipment=1,ReplaceableUnit=64"", ""reason"": ""外部掉电"", ""@rid"": ""#-1:f96bd594-8530-4718-b0f0-1fb6ddb40886""}]}"
4dc9e7da-ff0f-4ea3-af56-68e82d8c6403,"{""rootcause"": [{""title"": ""单板处于初始化状态"", ""reason"": ""单板处于初始化状态"", ""location"": ""SubNetwork=1004,ManagedElement=1399007,Equipment=1,ReplaceableUnit=VBP_1_3"", ""@rid"": ""#-1:5fbd30ea-23f5-460b-a6f0-815eb5b869c2""}]}"
4e1f420f-94e5-4c41-91e6-0f124e140e67,"{""rootcause"": [{""title"": ""BBU CPRI接口异常告警"", ""reason"": ""567"", ""location"": ""柜号:0; 框号:0; 槽号:1; 端口号:0; 端口号:0; 类型:UBBP; :"", ""@rid"": ""#-1:406b6dbe-5f3d-4990-84a7-a18f49be81df""}, {""title"": ""BBU CPRI接口异常告警"", ""reason"": ""567"", ""location"": ""柜号:0; 框号:0; 槽号:1; 端口号:0; 端口号:0; 类型:UBBP; :"", ""@rid"": ""#-1:37744ff7-ede6-4a45-9a07-297d7a8bdf90""}, {""title"": ""射频单元CPRI接口异常告警"", ""reason"": ""566"", ""location"": ""柜号:0; 框号:174; 槽号:0; 端口号:端口0; 端口号:0; 类型:AIRU; :"", ""@rid"": ""#-1:867e0504-6965-42f4-b356-0818d1eac9f2""}]}"
4eacbeb7-73a3-44e8-89de-748e7291a8f3,"{""rootcause"": [{""@rid"": ""#-1:d9147edb-18b5-4772-a321-d486f37c54a2"", ""title"": ""输入电源断"", ""location"": ""SubNetwork=CMCC-GZ-01,ManagedElement=12649787,Equipment=1,ReplaceableUnit=58"", ""reason"": ""输入电源断""}, {""@rid"": ""#-1:4fe1283b-7c83-4de2-9cd7-936fdece8a07"", ""title"": ""输入电源断"", ""location"": ""SubNetwork=CMCC-GZ-01,ManagedElement=12649787,Equipment=1,ReplaceableUnit=57"", ""reason"": ""输入电源断""}, {""@rid"": ""#-1:44b77a92-63b0-4e99-8383-1228eb375296"", ""title"": ""输入电源断"", ""location"": ""SubNetwork=CMCC-GZ-01,ManagedElement=12649787,Equipment=1,ReplaceableUnit=56"", ""reason"": ""输入电源断""}]}"
4f603d9a-2e02-4eef-9a88-53892339b504,"{""rootcause"": [{""title"": ""射频单元业务不可用告警"", ""reason"": ""509"", ""location"": ""eNodeB名称:西2-HFM; 本地:194; :FDD; 柜号:0; 框号:150; 槽号:0; NB-IoT:FALSE; eNodeB分:NULL; 名称:西2-HFM-FD-194; eNodeB:889897; :194; :电源异常"", ""@rid"": ""#-1:aa09119e-c30d-4273-9bdb-16b48677be40""}, {""title"": ""射频单元业务不可用告警"", ""reason"": ""509"", ""location"": ""eNodeB名称:西2-HFM; 本地:194; :FDD; 柜号:0; 框号:156; 槽号:0; NB-IoT:FALSE; eNodeB分:NULL; 名称:西2-HFM-FD-194; eNodeB:889897; :194; :电源异常"", ""@rid"": ""#-1:e7245584-5c20-4d1c-9c14-eed279480c41""}]}"
4fa074f6-4a0a-4d83-8cd6-a5f9a7ebac22,"{""rootcause"": [{""@rid"": ""#-1:1460ccf1-3b61-4db5-a8a1-fd90a928f677"", ""title"": ""GNSS星卡锁星不足告警"", ""location"": ""柜号:0; 框号:0; 槽号:7; 类型:UMPT; :"", ""reason"": ""506""}]}"
4fb4497f-330a-44bf-b527-5a71a01885dd,"{""rootcause"": [{""title"": ""输入电源断"", ""location"": ""SubNetwork=1004,ManagedElement=1395216,Equipment=1,ReplaceableUnit=61"", ""reason"": ""外部掉电"", ""@rid"": ""#-1:4b50d71c-7a97-4282-bfc2-3580cd8c9a26""}, {""title"": ""输入电源断"", ""location"": ""SubNetwork=1004,ManagedElement=1395216,Equipment=1,ReplaceableUnit=63"", ""reason"": ""外部掉电"", ""@rid"": ""#-1:f6ac954a-9a8d-4ae5-b236-7782ffa426b2""}, {""title"": ""输入电源断"", ""location"": ""SubNetwork=1004,ManagedElement=1395216,Equipment=1,ReplaceableUnit=62"", ""reason"": ""外部掉电"", ""@rid"": ""#-1:6fd69d3b-b633-423e-929a-73d4b8be8546""}]}"
4fc6927e-0b1c-418d-819e-02cbacfdfbb4,"{""rootcause"": [{""@rid"": ""#-1:02e1ecc6-16f3-4d76-bd55-e2f38e5928d7"", ""title"": ""单板处于初始化状态"", ""location"": ""SubNetwork=5305,ManagedElement=2572842,Equipment=1,ReplaceableUnit=53"", ""reason"": ""单板处于初始化状态""}]}"
4ff1a344-1a64-461b-8149-bc0632314202,"{""rootcause"": [{""title"": ""射频单元交流掉电告警"", ""location"": ""柜号:0; 框号:151; 槽号:0; 类型:AIRU"", ""reason"": ""551"", ""@rid"": ""#-1:17288889-dff8-4010-85d8-9e5ecf7839d8""}, {""title"": ""射频单元交流掉电告警"", ""location"": ""柜号:0; 框号:150; 槽号:0; 类型:AIRU"", ""reason"": ""551"", ""@rid"": ""#-1:591569d6-ce95-4b2c-8d84-83021645ce97""}]}"
5036c777-2ba7-4dd8-a9a0-e2d35146e68b,"{""rootcause"": [{""title"": ""BBU CPRI接口异常告警"", ""location"": ""柜号:0; 框号:0; 槽号:0; 端口号:0; 端口号:0; 类型:UBBP-W; :CPRI接口异常"", ""reason"": ""567"", ""@rid"": ""#-1:4e1311a7-10c0-4d2e-a534-7fc9a30d0b7f""}]}"
50889ffb-a59a-428e-a7ae-bbff1934a8f1,"{""rootcause"": [{""title"": ""射频单元CPRI接口异常告警"", ""reason"": ""566"", ""location"": ""柜号:0; 框号:90; 槽号:0; 端口号:端口1; 端口号:NULL; 类型:MRRU; :CPRI接口异常"", ""@rid"": ""#-1:e4305148-8a15-47b0-91fe-35ffbe5bd0dc""}, {""title"": ""射频单元CPRI接口异常告警"", ""reason"": ""566"", ""location"": ""柜号:0; 框号:90; 槽号:0; 端口号:端口1; 端口号:NULL; 类型:MRRU; :CPRI接口异常"", ""@rid"": ""#-1:6cbf3a99-34a8-4906-aded-eaf485b04822""}, {""title"": ""射频单元CPRI接口异常告警"", ""reason"": ""566"", ""location"": ""柜号:0; 框号:93; 槽号:0; 端口号:端口0; 端口号:NULL; 类型:MRRU; :"", ""@rid"": ""#-1:93aef151-7142-4ac4-8284-060b3d1a6ebd""}]}"
50f7b890-dc77-4492-b73d-fff70f2ab907,"{""rootcause"": [{""title"": ""RRU链路断"", ""reason"": ""RRU链路断"", ""location"": ""SubNetwork=1004,ManagedElement=1436219,Equipment=1,ReplaceableUnit=65"", ""@rid"": ""#-1:0f06027a-6bd1-4867-8ed9-7587b9f05bec""}]}"
513abc9b-dcd9-40e8-a998-2d862f494114,"{""rootcause"": [{""@rid"": ""#-1:e19ea0d0-d905-4155-a7bc-16083140dffc"", ""title"": ""天馈驻波比异常"", ""location"": ""sbn=7315,NodeMe=459695,Equipment=1,rack=51,shelf=1,board=1"", ""reason"": ""1. 天馈线缆接头制作不合格、未拧紧、进水或存在金属碎屑等异物。\n2. 天馈线缆存在挤压、弯折，或馈缆损坏。\n3. 射频单元硬件故障。\n4. 天线对着障碍物。\n5. 驻波比告警门限过低。""}]}"
513d5cff-8507-4df7-9f62-43e7b7d6fbfc,"{""rootcause"": [{""@rid"": ""#-1:dbf227ce-d7a3-4978-81f4-b8180a9c333d"", ""title"": ""光口链路故障"", ""location"": ""SubNetwork=CMCC-GZ-03,ManagedElement=12651277,Equipment=1,ReplaceableUnit=VBP_1_8,RiPort=OF3"", ""reason"": ""光口链路故障""}, {""@rid"": ""#-1:1e1b4416-ff3f-431d-9886-c9eb421ec3dd"", ""title"": ""光口链路故障"", ""location"": ""SubNetwork=CMCC-GZ-03,ManagedElement=12651277,Equipment=1,ReplaceableUnit=VBP_1_8,RiPort=OF2"", ""reason"": ""光口链路故障""}, {""@rid"": ""#-1:04ffeb87-2a1b-4049-b84b-ffeaf6f36c3f"", ""title"": ""光口链路故障"", ""location"": ""SubNetwork=CMCC-GZ-03,ManagedElement=12651277,Equipment=1,ReplaceableUnit=VBP_1_8,RiPort=OF1"", ""reason"": ""光口链路故障""}]}"
5150a3e7-9a22-411b-aac5-5905de8d7f58,"{""rootcause"": [{""@rid"": ""#-1:6004a0c4-f1e8-45e0-8b01-868d3ee490c1"", ""title"": ""BBU IR接口异常告警"", ""location"": ""柜号:0; 框号:0; 槽号:4; 端口号:2; 端口号:0; 类型:UBBP; :"", ""reason"": ""567""}]}"
51873048-d441-4ca0-9aa3-541ee8ac10dc,"{""rootcause"": [{""@rid"": ""#-1:d9556ac3-df6d-4c1f-9fb0-d44ec3089057"", ""title"": ""射频单元驻波告警"", ""location"": ""柜号:0; 框号:92; 槽号:0; :0; 类型:MRRU; 告警(0.1):18; (0.1):18; 输出(0.1dBm):320; 端口:NULL"", ""reason"": ""516""}]}"
51b9d219-e2da-4994-bc8f-7e3cec11e073,"{""rootcause"": [{""title"": ""射频单元CPRI接口异常告警"", ""reason"": ""566"", ""location"": ""柜号:0; 框号:176; 槽号:0; 端口号:端口0; 端口号:0; 类型:AIRU; :MAC"", ""@rid"": ""#-1:f97aa5cc-3176-4c67-aa16-012e8e7ba3c5""}]}"
5200e656-a1b1-4ad1-a9b7-03b3f3a0d486,"{""rootcause"": [{""@rid"": ""#-1:cb85103f-40ec-4f93-886a-10a0ee072760"", ""title"": ""网元链路断"", ""location"": ""SubNetwork=CMCC-GZ-GC,ManagedElement=12718779"", ""reason"": ""网元链路断""}]}"
524840b5-b308-444c-aa01-404729efa950,"{""rootcause"": [{""title"": ""射频单元业务不可用告警"", ""reason"": ""509"", ""location"": ""eNodeB名称:东2-HFM; 本地:187; :FDD; 柜号:0; 框号:151; 槽号:0; NB-IoT:FALSE; eNodeB分:NULL; 名称:东2-HFM-FD-187; eNodeB:42527; :187; :电源异常"", ""@rid"": ""#-1:75e6ecf4-8f00-48fc-9a84-70695c180b7a""}, {""title"": ""射频单元业务不可用告警"", ""reason"": ""509"", ""location"": ""eNodeB名称:东2-HFM; 本地:187; :FDD; 柜号:0; 框号:157; 槽号:0; NB-IoT:FALSE; eNodeB分:NULL; 名称:东2-HFM-FD-187; eNodeB:42527; :187; :电源异常"", ""@rid"": ""#-1:44861b89-854c-4ef5-934a-ce806ab848c5""}]}"
