order_id,output
001250fc-acbf-45fb-a89b-95d17005e3bf,"{""rootcause"": [{""title"": ""输入电源断"", ""location"": ""SubNetwork=1004,ManagedElement=1413533,Equipment=1,ReplaceableUnit=62""}, {""title"": ""输入电源断"", ""location"": ""SubNetwork=1004,ManagedElement=1413533,Equipment=1,ReplaceableUnit=64""}, {""title"": ""输入电源断"", ""location"": ""SubNetwork=1004,ManagedElement=1413533,Equipment=1,ReplaceableUnit=61""}, {""title"": ""输入电源断"", ""location"": ""SubNetwork=1004,ManagedElement=1413533,Equipment=1,ReplaceableUnit=63""}]}"
0052146f-c00c-4786-8d58-c2db3ec6baa0,"{""rootcause"": [{""title"": ""单板不在位"", ""location"": ""SubNetwork=5304,ManagedElement=802170,Equipment=1,Rack=1,SubRack=1,Slot=10,PlugInUnit=1,SdrDeviceGroup=1""}, {""title"": ""单板处于初始化状态"", ""location"": ""SubNetwork=5304,ManagedElement=802170,Equipment=1,Rack=1,SubRack=1,Slot=10,PlugInUnit=1,SdrDeviceGroup=1""}]}"
00c65d88-71c7-4efd-838e-6e46d74c1948,"{""rootcause"": [{""title"": ""射频单元CPRI接口异常告警"", ""location"": ""柜号:0; 框号:200; 槽号:0; 端口号:端口0; 端口号:0; 类型:AIRU; :链路故障""}]}"
01b0f97d-4713-4071-8ebd-2e03009fcb3a,"{""rootcause"": [{""title"": ""BBU单板维护链路异常告警"", ""location"": ""柜号:0; 框号:0; 槽号:3; 类型:UBBP""}, {""title"": ""制式间通信异常告警"", ""location"": "":NR; :""}, {""title"": ""单板硬件故障告警"", ""location"": ""柜号:0; 框号:0; 槽号:6; 类型:UMPT; :""}]}"
01fd647b-a016-4988-b94c-561bd5a2500d,"{""rootcause"": [{""title"": ""射频单元CPRI接口异常告警"", ""location"": ""柜号:0; 框号:200; 槽号:0; 端口号:端口0; 端口号:0; 类型:AIRU; :MAC""}]}"
0245e338-a360-497f-9d65-72c73c70c742,"{""rootcause"": [{""title"": ""输入电源断"", ""location"": ""SubNetwork=5304,ManagedElement=2659210,Equipment=1,ReplaceableUnit=54""}, {""title"": ""LTE小区退出服务"", ""location"": ""SubNetwork=5304,ManagedElement=2659210,ENBCUCPFunction=296292,CULTE=1,CUEUtranCellFDDLTE=67""}]}"
025d1580-5bd8-4964-b230-3668ce3a8575,"{""rootcause"": [{""title"": ""输入电源断"", ""location"": ""SubNetwork=CMCC-GZ-03,ManagedElement=12655325,Equipment=1,ReplaceableUnit=55""}, {""title"": ""输入电源断"", ""location"": ""SubNetwork=CMCC-GZ-03,ManagedElement=12655325,Equipment=1,ReplaceableUnit=54""}]}"
039f70ef-1906-4571-86e6-6caf1f41f459,"{""rootcause"": [{""title"": ""单板处于初始化状态"", ""location"": ""SubNetwork=5303,ManagedElement=802202,Equipment=1,Rack=1,SubRack=1,Slot=9,PlugInUnit=1,SdrDeviceGroup=1""}, {""title"": ""初始化失败"", ""location"": ""SubNetwork=5303,ManagedElement=802202,Equipment=1,Rack=1,SubRack=1,Slot=9,PlugInUnit=1,SdrDeviceGroup=1""}]}"
04c4c660-a42b-4c85-ac4f-34ffa598f7ab,"{""rootcause"": [{""title"": ""输入电源断"", ""location"": ""SubNetwork=1004,ManagedElement=1430049,Equipment=1,ReplaceableUnit=73""}, {""title"": ""输入电源断"", ""location"": ""SubNetwork=1004,ManagedElement=1430049,Equipment=1,ReplaceableUnit=72""}, {""title"": ""输入电源断"", ""location"": ""SubNetwork=1004,ManagedElement=1430049,Equipment=1,ReplaceableUnit=71""}]}"
050ba66b-e989-48e5-a059-a336a79e0dab,"{""rootcause"": [{""title"": ""BBU CPRI接口异常告警"", ""location"": ""柜号:0; 框号:0; 槽号:1; 端口号:1; 端口号:0; 类型:UBBP; :""}, {""title"": ""BBU CPRI接口异常告警"", ""location"": ""柜号:0; 框号:0; 槽号:0; 端口号:0; 端口号:0; 类型:UBBP; :""}, {""title"": ""BBU CPRI接口异常告警"", ""location"": ""柜号:0; 框号:0; 槽号:0; 端口号:1; 端口号:0; 类型:UBBP; :""}, {""title"": ""BBU CPRI接口异常告警"", ""location"": ""柜号:0; 框号:0; 槽号:1; 端口号:0; 端口号:0; 类型:UBBP; :""}]}"
056a4a59-4bb1-40db-a644-9474b6a3ced9,"{""rootcause"": [{""title"": ""GNSS星卡锁星不足告警"", ""location"": ""柜号:0; 框号:0; 槽号:7; 类型:UMPT; :""}]}"
057ebcd1-2299-447c-9551-1b7cc3f4f78a,"{""rootcause"": [{""title"": ""设备掉电"", ""location"": ""SubNetwork=1003,ManagedElement=78210,Equipment=1,Rack=55,SubRack=1,Slot=1,PlugInUnit=1,SdrDeviceGroup=1""}, {""title"": ""设备掉电"", ""location"": ""SubNetwork=1003,ManagedElement=78210,Equipment=1,Rack=51,SubRack=1,Slot=1,PlugInUnit=1,SdrDeviceGroup=1""}]}"
05d2fb28-fd1f-40b6-ab88-97f6ffdb2a45,"{""rootcause"": [{""title"": ""射频单元CPRI接口异常告警"", ""location"": ""柜号:0; 框号:200; 槽号:0; 端口号:端口1; 端口号:NULL; 类型:MRRU; :""}]}"
06990bf2-277f-4480-97bd-ffb12775c5ca,"{""rootcause"": [{""title"": ""BBU CPRI接口异常告警"", ""location"": ""柜号:0; 框号:0; 槽号:4; 端口号:0; 端口号:0; 类型:UBBP; :""}]}"
06bbfbd3-fc92-42f3-b225-a93706a1a867,"{""rootcause"": [{""title"": ""设备掉电"", ""location"": ""SubNetwork=5301,ManagedElement=594567,Equipment=1,Rack=66,SubRack=1,Slot=1,PlugInUnit=1,SdrDeviceGroup=1""}]}"
06d346bc-1345-4825-9e01-546cc30ac6ba,"{""rootcause"": [{""title"": ""设备掉电"", ""location"": ""SubNetwork=6,ManagedElement=342182,Equipment=1,Rack=64,SubRack=1,Slot=1,PlugInUnit=1,SdrDeviceGroup=1""}, {""title"": ""设备掉电"", ""location"": ""SubNetwork=6,ManagedElement=342182,Equipment=1,Rack=65,SubRack=1,Slot=1,PlugInUnit=1,SdrDeviceGroup=1""}, {""title"": ""设备掉电"", ""location"": ""SubNetwork=6,ManagedElement=342182,Equipment=1,Rack=57,SubRack=1,Slot=1,PlugInUnit=1,SdrDeviceGroup=1""}, {""title"": ""设备掉电"", ""location"": ""SubNetwork=6,ManagedElement=342182,Equipment=1,Rack=59,SubRack=1,Slot=1,PlugInUnit=1,SdrDeviceGroup=1""}, {""title"": ""设备掉电"", ""location"": ""SubNetwork=6,ManagedElement=342182,Equipment=1,Rack=58,SubRack=1,Slot=1,PlugInUnit=1,SdrDeviceGroup=1""}]}"
06d84a90-670f-4ccb-b482-9afdb874d164,"{""rootcause"": [{""title"": ""网元连接中断"", ""location"": ""网元名称:CBN-D59002548446PT-H5H; 网元IP地址:10.250.235.173; 网元IP地址(IP Mode):NULL; 端口:6007; 错误:N/A; 信息:状态异常; 分:MediationService0905; OMC IP:10.229.166.143""}, {""title"": ""网元连接中断"", ""location"": ""网元名称:CBN-D59002549663PT-H5H; 网元IP地址:10.250.236.49; 网元IP地址(IP Mode):NULL; 端口:6007; 错误:N/A; 信息:状态异常; 分:MediationService0805; OMC IP:10.229.166.142""}, {""title"": ""网元连接中断"", ""location"": ""网元名称:HL-D3900471292PT; 网元IP地址:100.92.49.194; 网元IP地址(IP Mode):NULL; 端口:6007; 错误:N/A; 信息:状态异常; 分:MediationService0805; OMC IP:10.154.18.16""}, {""title"": ""[衍生告警]PTN光缆中断，单报LOS"", ""location"": ""OIXG4A[0-1-2]-10GE\\:1""}, {""title"": ""[衍生告警]PTN光缆中断，单报LOS"", ""location"": ""OIXG4A[0-1-2]-10GE\\:1""}]}"
06da0faf-ed4d-4329-af78-57eb6c2a9849,"{""rootcause"": [{""title"": ""射频单元CPRI接口异常告警"", ""location"": ""柜号:0; 框号:230; 槽号:0; 端口号:端口0; 端口号:NULL; 类型:MRRU; :CPRI接口异常""}]}"
07ae65ec-c048-4b05-9fd5-114fee44f62e,"{""rootcause"": [{""title"": ""设备掉电"", ""location"": ""SubNetwork=8,ManagedElement=174612,Equipment=1,Rack=52,SubRack=1,Slot=1,PlugInUnit=1,SdrDeviceGroup=1""}]}"
07c300f7-bf9e-46bc-88de-ce7ad5276010,"{""rootcause"": [{""title"": ""射频单元CPRI接口异常告警"", ""location"": ""柜号:0; 框号:225; 槽号:0; 端口号:端口0; 端口号:NULL; 类型:MRRU; :""}]}"
08cc24a7-d384-4d87-89a0-c7306e84afd3,"{""rootcause"": [{""title"": ""射频单元驻波告警"", ""location"": ""柜号:0; 框号:91; 槽号:0; :3; 类型:MRRU; 告警(0.1):15; (0.1):15; 输出(0.1dBm):379; 端口:NULL""}, {""title"": ""射频单元驻波告警"", ""location"": ""柜号:0; 框号:91; 槽号:0; :3; 类型:MRRU; 告警(0.1):15; (0.1):15; 输出(0.1dBm):374; 端口:NULL""}]}"
094c8124-cb2a-4792-9a50-f780b53adf22,"{""rootcause"": [{""title"": ""射频单元业务不可用告警"", ""location"": ""eNodeB名称:2-HFM; 本地:195; :FDD; 柜号:0; 框号:159; 槽号:0; NB-IoT:FALSE; eNodeB分:NULL; 名称:2-HFM-FD-195; eNodeB:86248; :195; :异常""}, {""title"": ""射频单元业务不可用告警"", ""location"": ""eNodeB名称:2-HFM; 本地:195; :FDD; 柜号:0; 框号:153; 槽号:0; NB-IoT:FALSE; eNodeB分:NULL; 名称:2-HFM-FD-195; eNodeB:86248; :195; :异常""}, {""title"": ""BBU CPRI接口异常告警"", ""location"": ""柜号:0; 框号:0; 槽号:0; 端口号:3; 端口号:0; 类型:UBBP; :""}]}"
09bfca5b-75c1-42c2-b5fd-5d6d7822d71e,"{""rootcause"": [{""title"": ""BBU IR接口异常告警"", ""location"": ""柜号:0; 框号:0; 槽号:1; 端口号:0; 端口号:0; 类型:LBBP; :""}]}"
0a884a84-bd68-4390-906e-67cbbfe80c74,"{""rootcause"": [{""title"": ""光口链路故障"", ""location"": ""SubNetwork=1004,ManagedElement=1404726,Equipment=1,ReplaceableUnit=VBP_1_3,RiPort=OF2""}]}"
0b1e32c4-9318-4782-8cdc-dc8824f76b98,"{""rootcause"": [{""title"": ""RRU链路断"", ""location"": ""SubNetwork=CMCC-GZ-03,ManagedElement=12655186,Equipment=1,ReplaceableUnit=51""}]}"
0c1958be-8ece-4821-81a8-809c9fb5f986,"{""rootcause"": [{""title"": ""RRU链路断"", ""location"": ""SubNetwork=1004,ManagedElement=1394817,Equipment=1,ReplaceableUnit=65""}, {""title"": ""DU小区退服"", ""location"": ""SubNetwork=1004,ManagedElement=1394817,GNBDUFunction=460-00_1394817,NRCellDU=22""}]}"
0c75a58b-670c-44fb-a7da-ec1c8817a465,"{""rootcause"": [{""title"": ""射频单元业务不可用告警"", ""location"": ""eNodeB名称:5-HFM; 本地:188; :FDD; 柜号:0; 框号:155; 槽号:0; NB-IoT:FALSE; eNodeB分:NULL; 名称:5-HFM-FD-188; eNodeB:500491; :188; :电源异常""}, {""title"": ""射频单元业务不可用告警"", ""location"": ""eNodeB名称:5-HFM; 本地:187; :FDD; 柜号:0; 框号:156; 槽号:0; NB-IoT:FALSE; eNodeB分:NULL; 名称:5-HFM-FD-187; eNodeB:500491; :187; :电源异常""}, {""title"": ""射频单元业务不可用告警"", ""location"": ""eNodeB名称:5-HFM; 本地:187; :FDD; 柜号:0; 框号:150; 槽号:0; NB-IoT:FALSE; eNodeB分:NULL; 名称:5-HFM-FD-187; eNodeB:500491; :187; :电源异常""}]}"
0e755fc0-8819-4420-b701-1f84ec0e59de,"{""rootcause"": [{""title"": ""小区不可用告警"", ""location"": ""eNodeB名称:HLF; 本地:203; :TDD; NB-IoT:FALSE; 名称:HLF-203; eNodeB:93042; :203; :异常""}, {""title"": ""小区不可用告警"", ""location"": ""eNodeB名称:HLF; 本地:209; :TDD; NB-IoT:FALSE; 名称:HLF-209; eNodeB:93042; :209; :异常""}]}"
0eacbb73-5845-409a-a1f0-ccd89a466965,"{""rootcause"": [{""title"": ""BBU CPRI接口异常告警"", ""location"": ""柜号:0; 框号:0; 槽号:0; 端口号:0; 端口号:0; 类型:UBBP; :""}]}"
0f2a154d-6f4a-4b05-b9a8-6502b110d3af,"{""rootcause"": [{""title"": ""网元连接中断"", ""location"": ""网元名称:(北)HL-D3900461755PT; 网元IP地址:100.92.5.234; 网元IP地址(IP Mode):NULL; 端口:6007; 错误:N/A; 信息:端口时; 分:MediationService0505; OMC IP:10.154.18.13""}, {""title"": ""以太网物理接口(ETPI) 信号丢失(LOS)"", ""location"": ""R4EGC[0-1-1]-GE\\:3(LTE)""}]}"
0ff09b29-0ded-465a-a684-9d78f7e9e2cd,"{""rootcause"": [{""title"": ""射频单元驻波告警"", ""location"": ""柜号:0; 框号:231; 槽号:0; :0; 类型:MRRU; 告警(0.1):18; (0.1):18; 输出(0.1dBm):302; 端口:NULL""}]}"
10070d01-21f7-4af3-bc0a-acd406e1f024,"{""rootcause"": [{""title"": ""设备掉电"", ""location"": ""SubNetwork=5309,ManagedElement=594580,Equipment=1,Rack=53,SubRack=1,Slot=1,PlugInUnit=1,SdrDeviceGroup=1""}, {""title"": ""设备掉电"", ""location"": ""SubNetwork=5309,ManagedElement=594580,Equipment=1,Rack=56,SubRack=1,Slot=1,PlugInUnit=1,SdrDeviceGroup=1""}, {""title"": ""设备掉电"", ""location"": ""SubNetwork=5309,ManagedElement=594580,Equipment=1,Rack=59,SubRack=1,Slot=1,PlugInUnit=1,SdrDeviceGroup=1""}]}"
10735bd0-fc38-4d0b-a19e-99578d60ad51,"{""rootcause"": [{""title"": ""设备掉电"", ""location"": ""SubNetwork=6,ManagedElement=337413,Equipment=1,Rack=54,SubRack=1,Slot=1,PlugInUnit=1,SdrDeviceGroup=1""}]}"
1117ad03-8891-4bf6-854c-612bf19fdae4,"{""rootcause"": [{""title"": ""小区关断告警"", ""location"": ""SubNetwork=CMCC-GZ-04,ManagedElement=12641069,ENBCUCPFunction=1,CULTE=1,CUEUtranCellTDDLTE=2""}, {""title"": ""小区关断告警"", ""location"": ""SubNetwork=CMCC-GZ-04,ManagedElement=12641069,ENBCUCPFunction=1,CULTE=1,CUEUtranCellTDDLTE=1""}]}"
115289c3-04a6-4d58-b68f-beb114e49795,"{""rootcause"": [{""title"": ""时钟源之间的相位差过大"", ""location"": ""SubNetwork=5301,ManagedElement=180166,Equipment=1,Rack=1,SubRack=1,Slot=2,PlugInUnit=1,SdrDeviceGroup=1""}]}"
128fe5fd-8273-44f5-ae20-b31d2e31f6bd,"{""rootcause"": [{""title"": ""[衍生告警]PTN光缆中断，单报LOS"", ""location"": ""OIXG1[0-1-6]-10GE\\:1""}, {""title"": ""[衍生告警]PTN光缆中断，单报LOS"", ""location"": ""R1EXG[0-1-3]-10GE\\:1""}, {""title"": ""网元连接中断"", ""location"": ""网元名称:()HF-D3900534235PT; 网元IP地址:100.92.55.165; 网元IP地址(IP Mode):NULL; 端口:6007; 错误:N/A; 信息:端口时; 分:MediationService0905; OMC IP:10.154.18.17""}]}"
12ea40ef-0905-4318-bb64-b6058e9229b3,"{""rootcause"": [{""title"": ""设备掉电"", ""location"": ""SubNetwork=5300,ManagedElement=595191,Equipment=1,Rack=54,SubRack=1,Slot=1,PlugInUnit=1,SdrDeviceGroup=1""}, {""title"": ""[衍生告警]设备商甲4G小区退服"", ""location"": "":东;\n名称:;\n告警:[告警]4G;\n告警:；2\n告警时间:2026-01-19 15:10:50;""}]}"
12fb9fb0-19b0-4b39-b037-f2e479fadb8a,"{""rootcause"": [{""title"": ""射频单元IR接口异常告警"", ""location"": ""柜号:0; 框号:175; 槽号:0; 端口号:端口1; 类型:MRRU; :IR接口异常""}, {""title"": ""射频单元IR接口异常告警"", ""location"": ""柜号:0; 框号:175; 槽号:0; 端口号:端口1; 类型:MRRU; :IR接口异常""}]}"
138d35bb-8cc4-43c2-bd1b-60e657611f51,"{""rootcause"": [{""title"": ""BBU CPRI接口异常告警"", ""location"": ""柜号:0; 框号:0; 槽号:0; 端口号:0; 端口号:0; 类型:UBBP; :""}, {""title"": ""网元连接中断"", ""location"": ""网元名称:CBN-1-H5H; 网元IP地址:10.179.142.222; 网元IP地址(IP Mode):NULL; 端口:6007; 错误:N/A; 信息:端口时; 分:MediationService5708; OMC IP:10.224.27.35""}]}"
1439543f-d9f2-41bc-b617-92caddaf47be,"{""rootcause"": [{""title"": ""射频单元IR接口异常告警"", ""location"": ""柜号:0; 框号:212; 槽号:0; 端口号:端口0; 类型:MRRU; :IR接口异常""}]}"
14a00e87-f9cf-4ae1-81d7-bed3cb9b5869,"{""rootcause"": [{""title"": ""BBU IR接口异常告警"", ""location"": ""柜号:0; 框号:0; 槽号:5; 端口号:1; 端口号:0; 类型:UBBP; :IR接口异常""}]}"
14e049b3-5087-44ef-a527-55875e97a814,"{""rootcause"": [{""title"": ""射频单元交流掉电告警"", ""location"": ""柜号:0; 框号:61; 槽号:0; 类型:MRRU""}, {""title"": ""射频单元交流掉电告警"", ""location"": ""柜号:0; 框号:60; 槽号:0; 类型:MRRU""}]}"
1528130e-c8b9-4aa7-941f-caa8bd53f1c2,"{""rootcause"": [{""title"": ""射频单元驻波告警"", ""location"": ""柜号:0; 框号:231; 槽号:0; :1; 类型:MRRU; 告警(0.1):18; (0.1):19; 输出(0.1dBm):314; 端口:NULL""}]}"
15eedb14-eb04-41b3-a6b1-83da219b9958,"{""rootcause"": [{""title"": ""射频单元业务不可用告警"", ""location"": ""eNodeB名称:1-HFM; 本地:194; :FDD; 柜号:0; 框号:157; 槽号:0; NB-IoT:FALSE; eNodeB分:NULL; 名称:1-HFM-FD-194; eNodeB:887487; :194; :电源异常""}, {""title"": ""射频单元业务不可用告警"", ""location"": ""eNodeB名称:1-HFM; 本地:194; :FDD; 柜号:0; 框号:156; 槽号:0; NB-IoT:FALSE; eNodeB分:NULL; 名称:1-HFM-FD-194; eNodeB:887487; :194; :电源异常""}, {""title"": ""射频单元业务不可用告警"", ""location"": ""eNodeB名称:1-HFM; 本地:194; :FDD; 柜号:0; 框号:150; 槽号:0; NB-IoT:FALSE; eNodeB分:NULL; 名称:1-HFM-FD-194; eNodeB:887487; :194; :电源异常""}]}"
1600d318-ecdc-4d10-816f-9f2c6987eb9f,"{""rootcause"": [{""title"": ""设备掉电"", ""location"": ""SubNetwork=1003,ManagedElement=70955,Equipment=1,Rack=64,SubRack=1,Slot=1,PlugInUnit=1,SdrDeviceGroup=1""}, {""title"": ""LTE小区退出服务"", ""location"": ""SubNetwork=1003,ManagedElement=70955,ENBFunctionTDD=70955,EUtranCellTDD=22""}, {""title"": ""RRU链路断"", ""location"": ""SubNetwork=1003,ManagedElement=70955,Equipment=1,Rack=63,SubRack=1,Slot=1,PlugInUnit=1,SdrDeviceGroup=1""}]}"
174f4daa-f147-47c4-988c-b4e4cedfb47b,"{""rootcause"": [{""title"": ""输入电源断"", ""location"": ""SubNetwork=1004,ManagedElement=1002448,Equipment=1,ReplaceableUnit=A_2""}, {""title"": ""输入电源断"", ""location"": ""SubNetwork=1004,ManagedElement=1002448,Equipment=1,ReplaceableUnit=A_3""}, {""title"": ""输入电源断"", ""location"": ""SubNetwork=1004,ManagedElement=1002448,Equipment=1,ReplaceableUnit=A_1""}]}"
1790ee3c-52a1-4288-87bd-2ef708a2dddd,"{""rootcause"": [{""title"": ""射频单元交流掉电告警"", ""location"": ""柜号:0; 框号:150; 槽号:0; 类型:AIRU""}]}"
187583c2-1a80-4597-b5e9-9f53ad02e5af,"{""rootcause"": [{""title"": ""网元连接中断"", ""location"": ""网元名称:东时区1-H5W; 网元IP地址:10.179.117.186; 网元IP地址(IP Mode):NULL; 端口:6007; 错误:N/A; 信息:端口时; 分:MediationService5609; OMC IP:10.224.27.34""}]}"
18b8fdca-8812-4ec1-96ff-f7a7fe2fe82f,"{""rootcause"": [{""title"": ""输入电源断"", ""location"": ""SubNetwork=CMCC-GZ-01,ManagedElement=12779893,Equipment=1,ReplaceableUnit=53""}, {""title"": ""输入电源断"", ""location"": ""SubNetwork=CMCC-GZ-01,ManagedElement=12779893,Equipment=1,ReplaceableUnit=54""}]}"
1960b2e7-a699-45cb-aacf-df0a7c585c76,"{""rootcause"": [{""title"": ""设备掉电"", ""location"": ""SubNetwork=1003,ManagedElement=88976,Equipment=1,Rack=56,SubRack=1,Slot=1,PlugInUnit=1,SdrDeviceGroup=1""}, {""title"": ""设备掉电"", ""location"": ""SubNetwork=1003,ManagedElement=88976,Equipment=1,Rack=55,SubRack=1,Slot=1,PlugInUnit=1,SdrDeviceGroup=1""}, {""title"": ""设备掉电"", ""location"": ""SubNetwork=1003,ManagedElement=88976,Equipment=1,Rack=54,SubRack=1,Slot=1,PlugInUnit=1,SdrDeviceGroup=1""}]}"
19a6aa1d-c189-4a3f-b216-b40c92ca0eb2,"{""rootcause"": [{""title"": ""RRU链路断"", ""location"": ""SubNetwork=CMCC-GZ-03,ManagedElement=12721241,Equipment=1,ReplaceableUnit=52""}]}"
1a4ba4ff-43b6-4b02-aef4-85b5a646b8cd,"{""rootcause"": [{""title"": ""光口链路故障"", ""location"": ""SubNetwork=1004,ManagedElement=1393289,Equipment=1,ReplaceableUnit=VBP_1_3,RiPort=OF3""}, {""title"": ""光口链路故障"", ""location"": ""SubNetwork=1004,ManagedElement=1393289,Equipment=1,ReplaceableUnit=VBP_1_3,RiPort=OF2""}, {""title"": ""光口链路故障"", ""location"": ""SubNetwork=1004,ManagedElement=1393289,Equipment=1,ReplaceableUnit=VBP_1_3,RiPort=OF1""}, {""title"": ""DU小区退服"", ""location"": ""SubNetwork=1004,ManagedElement=1393289,GNBDUFunction=460-00_1393289,NRCellDU=2""}, {""title"": ""DU小区退服"", ""location"": ""SubNetwork=1004,ManagedElement=1393289,GNBDUFunction=460-00_1393289,NRCellDU=3""}]}"
1adac637-9ad3-4c52-921b-9205a7abe5c7,"{""rootcause"": [{""title"": ""输入电源断"", ""location"": ""SubNetwork=5305,ManagedElement=2646152,Equipment=1,ReplaceableUnit=51""}, {""title"": ""设备掉电"", ""location"": ""SubNetwork=5309,ManagedElement=595187,Equipment=1,Rack=51,SubRack=1,Slot=1,PlugInUnit=1,SdrDeviceGroup=1""}, {""title"": ""LTE小区退出服务"", ""location"": ""SubNetwork=5309,ManagedElement=595187,ENBFunctionTDD=595187,EUtranCellTDD=64""}]}"
1c639bb1-30d7-4eda-ae2e-43f3e5e5c59d,"{""rootcause"": [{""title"": ""输入电源断"", ""location"": ""SubNetwork=5301,ManagedElement=2621605,Equipment=1,ReplaceableUnit=53""}, {""title"": ""输入电源断"", ""location"": ""SubNetwork=5301,ManagedElement=2621605,Equipment=1,ReplaceableUnit=51""}]}"
1ca4b359-d361-45b7-bdd7-1c16dde676c7,"{""rootcause"": [{""title"": ""输入电源断"", ""location"": ""SubNetwork=5303,ManagedElement=2561758,Equipment=1,ReplaceableUnit=52""}, {""title"": ""输入电源断"", ""location"": ""SubNetwork=5303,ManagedElement=2561758,Equipment=1,ReplaceableUnit=53""}, {""title"": ""设备掉电"", ""location"": ""SubNetwork=5309,ManagedElement=177763,Equipment=1,Rack=53,SubRack=1,Slot=1,PlugInUnit=1,SdrDeviceGroup=1""}, {""title"": ""输入电源断"", ""location"": ""SubNetwork=5303,ManagedElement=2561758,Equipment=1,ReplaceableUnit=51""}, {""title"": ""设备掉电"", ""location"": ""SubNetwork=5309,ManagedElement=177763,Equipment=1,Rack=51,SubRack=1,Slot=1,PlugInUnit=1,SdrDeviceGroup=1""}]}"
1cb65294-7174-4545-b55c-1fb72792e0c6,"{""rootcause"": [{""title"": ""射频单元维护链路异常告警"", ""location"": ""柜号:0; 框号:111; 槽号:0; 类型:MRRU; :""}]}"
1cc2844c-8c88-4f44-a2e0-79ce53bd1a31,"{""rootcause"": [{""title"": ""网元连接中断"", ""location"": ""网元名称:HL-D3900471918PT; 网元IP地址:100.94.162.27; 网元IP地址(IP Mode):NULL; 端口:6007; 错误:N/A; 信息:端口时; 分:MediationService0906; OMC IP:10.154.18.17""}, {""title"": ""[衍生告警]PTN光缆中断，单报LOS"", ""location"": ""R1EXG[0-1-3]-10GE\\:1""}]}"
1e3a833e-b144-4e18-b3b7-87a0a2580c10,"{""rootcause"": [{""title"": ""射频单元直流掉电告警"", ""location"": ""柜号:0; 框号:113; 槽号:0; 类型:MRRU""}, {""title"": ""射频单元直流掉电告警"", ""location"": ""柜号:0; 框号:112; 槽号:0; 类型:MRRU""}, {""title"": ""射频单元直流掉电告警"", ""location"": ""柜号:0; 框号:111; 槽号:0; 类型:MRRU""}]}"
1f1db01f-b250-4b70-bda1-1803efa1d33a,"{""rootcause"": [{""title"": ""NR小区不可用告警"", ""location"": ""gNodeB名称:南东56D59002546391TF-H5W; NR:69; NR名称:南13D59002546391TF-H5W-2669; gNodeB:2546391; :69; :NRCELLNRDUCELL故障""}, {""title"": ""NR小区不可用告警"", ""location"": ""gNodeB名称:南东56D59002546391TF-H5W; NR:89; NR名称:南13D59002546391TF-H5W-2689; gNodeB:2546391; :89; :NRCELLNRDUCELL故障""}]}"
1f7b78e2-b359-4368-8a94-c79bb248bac4,"{""rootcause"": [{""title"": ""BBU CPRI接口异常告警"", ""location"": ""柜号:0; 框号:0; 槽号:2; 端口号:0; 端口号:0; 类型:UBBP; :CPRI接口异常""}, {""title"": ""NR小区不可用告警"", ""location"": ""gNodeB名称:CBN-北9北1-H5H; NR:33; NR名称:CBN-北9北1-H5H#北40东北-0733; gNodeB:1406278; :33; :NRCELLNRDUCELL故障""}]}"
1fc35381-673c-418b-8f9c-5cb582f5f9a7,"{""rootcause"": [{""title"": ""RRU功率检测异常"", ""location"": ""sbn=7310,NodeMe=473748,Equipment=1,rack=57,shelf=1,board=1""}]}"
200c5061-224f-41e8-9a1f-f911f7737c33,"{""rootcause"": [{""title"": ""射频单元驻波告警"", ""location"": ""柜号:0; 框号:205; 槽号:0; :1; 类型:MRRU; 告警(0.1):20; (0.1):20; 输出(0.1dBm):307; 端口:NULL""}]}"
208ddd4e-dc0a-44d5-afee-05904bc5d932,"{""rootcause"": [{""title"": ""单板硬件故障告警"", ""location"": ""柜号:0; 框号:0; 槽号:19; 类型:UPEU; :""}]}"
216cda18-55ee-4961-93d0-7224590928c9,"{""rootcause"": [{""title"": ""NR小区不可用告警"", ""location"": ""gNodeB名称:南东56D59002546391TF-H5W; NR:69; NR名称:南13D59002546391TF-H5W-2669; gNodeB:2546391; :69; :NRCELLNRDUCELL故障""}, {""title"": ""NR小区不可用告警"", ""location"": ""gNodeB名称:南东56D59002546391TF-H5W; NR:89; NR名称:南13D59002546391TF-H5W-2689; gNodeB:2546391; :89; :NRCELLNRDUCELL故障""}]}"
21f2d94c-67e7-42bf-b2fa-e024f1af1bfe,"{""rootcause"": [{""title"": ""射频单元驻波告警"", ""location"": ""柜号:0; 框号:72; 槽号:0; :0; 类型:MRRU; 告警(0.1):20; (0.1):20; 输出(0.1dBm):392; 端口:NULL""}]}"
23e33950-1b31-4b36-8cec-ed225f0e53d9,"{""rootcause"": [{""title"": ""射频单元直流掉电告警"", ""location"": ""柜号:0; 框号:91; 槽号:0; 类型:MRRU""}]}"
24ca72c7-4470-4656-8c43-1141c0a68da6,"{""rootcause"": [{""title"": ""DU小区退服"", ""location"": ""SubNetwork=CMCC-GZ-01,ManagedElement=12649383,GNBDUFunction=460-15_12649383,NRCellDU=3109""}, {""title"": ""DU小区退服"", ""location"": ""SubNetwork=CMCC-GZ-01,ManagedElement=12649383,GNBDUFunction=460-00_12649383,NRCellDU=109""}]}"
25a37559-7249-4fe0-bfd9-97007b9f7c5d,"{""rootcause"": [{""title"": ""射频单元时钟异常告警"", ""location"": ""柜号:0; 框号:175; 槽号:0; 类型:AIRU""}]}"
26b3445a-951d-4554-b5d7-06bef6367788,"{""rootcause"": [{""title"": ""天馈驻波比异常"", ""location"": ""SubNetwork=5305,ManagedElement=2622428,Equipment=1,ReplaceableUnit=52,RfPort=ANT2""}]}"
26c34dd5-4990-495d-a794-2f184621edc3,"{""rootcause"": [{""title"": ""射频单元CPRI接口异常告警"", ""location"": ""柜号:0; 框号:62; 槽号:0; 端口号:端口0; 端口号:NULL; 类型:EPRRU; :CPRI接口异常""}]}"
27dc03b5-42ba-4612-a93b-a30e9fa11add,"{""rootcause"": [{""title"": ""BBU CPRI接口异常告警"", ""location"": ""柜号:0; 框号:0; 槽号:2; 端口号:0; 端口号:0; 类型:UBBP; :""}, {""title"": ""BBU CPRI接口异常告警"", ""location"": ""柜号:0; 框号:0; 槽号:2; 端口号:1; 端口号:0; 类型:UBBP; :""}]}"
289a95fd-eb9e-43ca-9744-c7750a2dbb0f,"{""rootcause"": [{""title"": ""天馈驻波比异常"", ""location"": ""SubNetwork=5303,ManagedElement=373882,Equipment=1,Rack=63,SubRack=1,Slot=1,PlugInUnit=1,SdrDeviceGroup=1""}]}"
28b90da8-e634-4666-8e89-10d1f5c74846,"{""rootcause"": [{""title"": ""光口接收链路故障"", ""location"": ""SubNetwork=5309,ManagedElement=295404,Equipment=1,Rack=1,SubRack=1,Slot=10,PlugInUnit=1,SdrDeviceGroup=1,FiberDeviceSet=1,FiberDevice=2""}, {""title"": ""设备掉电"", ""location"": ""SubNetwork=5309,ManagedElement=295404,Equipment=1,Rack=58,SubRack=1,Slot=1,PlugInUnit=1,SdrDeviceGroup=1""}, {""title"": ""设备掉电"", ""location"": ""SubNetwork=5309,ManagedElement=295404,Equipment=1,Rack=57,SubRack=1,Slot=1,PlugInUnit=1,SdrDeviceGroup=1""}]}"
29093e58-a376-4488-b02c-96e97490d066,"{""rootcause"": [{""title"": ""RRU链路断"", ""location"": ""SubNetwork=5302,ManagedElement=374078,Equipment=1,Rack=55,SubRack=1,Slot=1,PlugInUnit=1,SdrDeviceGroup=1""}, {""title"": ""LTE小区退出服务"", ""location"": ""SubNetwork=5302,ManagedElement=374078,ENBFunctionFDD=374078,EUtranCellFDD=15""}]}"
29994a3b-91f3-45af-a95e-38c0f2ba7b5e,"{""rootcause"": [{""title"": ""射频单元时钟异常告警"", ""location"": ""柜号:0; 框号:91; 槽号:0; 类型:MRRU""}]}"
29e6bb98-ef14-4333-920b-0cd42ff58a96,"{""rootcause"": [{""title"": ""射频单元业务不可用告警"", ""location"": ""eNodeB名称:1-HFM; 本地:194; :FDD; 柜号:0; 框号:156; 槽号:0; NB-IoT:FALSE; eNodeB分:NULL; 名称:1-HFM-FD-194; eNodeB:887487; :194; :电源异常""}, {""title"": ""射频单元业务不可用告警"", ""location"": ""eNodeB名称:1-HFM; 本地:194; :FDD; 柜号:0; 框号:150; 槽号:0; NB-IoT:FALSE; eNodeB分:NULL; 名称:1-HFM-FD-194; eNodeB:887487; :194; :电源异常""}, {""title"": ""射频单元业务不可用告警"", ""location"": ""eNodeB名称:1-HFM; 本地:194; :FDD; 柜号:0; 框号:157; 槽号:0; NB-IoT:FALSE; eNodeB分:NULL; 名称:1-HFM-FD-194; eNodeB:887487; :194; :电源异常""}, {""title"": ""射频单元交流掉电告警"", ""location"": ""柜号:0; 框号:150; 槽号:0; 类型:MRRU""}, {""title"": ""射频单元交流掉电告警"", ""location"": ""柜号:0; 框号:157; 槽号:0; 类型:MRRU""}]}"
2a4f883e-faa8-4e33-921f-02772aa2bf32,"{""rootcause"": [{""title"": ""射频单元驻波告警"", ""location"": ""柜号:0; 框号:200; 槽号:0; :1; 类型:MRRU; 告警(0.1):20; (0.1):20; 输出(0.1dBm):374; 端口:NULL""}]}"
2a67de80-0e3a-40c5-8ba3-a1e61ec22635,"{""rootcause"": [{""title"": ""射频单元交流掉电告警"", ""location"": ""柜号:0; 框号:224; 槽号:0; 类型:MRRU""}, {""title"": ""射频单元交流掉电告警"", ""location"": ""柜号:0; 框号:200; 槽号:0; 类型:MRRU""}, {""title"": ""射频单元交流掉电告警"", ""location"": ""柜号:0; 框号:202; 槽号:0; 类型:MRRU""}, {""title"": ""射频单元交流掉电告警"", ""location"": ""柜号:0; 框号:225; 槽号:0; 类型:MRRU""}, {""title"": ""射频单元交流掉电告警"", ""location"": ""柜号:0; 框号:201; 槽号:0; 类型:MRRU""}]}"
2c0a6d62-f7a9-4154-8ab3-eeda0d3d53ea,"{""rootcause"": [{""title"": ""LTE小区退出服务"", ""location"": ""SubNetwork=1003,ManagedElement=78141,ENBFunctionTDD=78141,EUtranCellTDD=30""}, {""title"": ""LTE小区退出服务"", ""location"": ""SubNetwork=1003,ManagedElement=78141,ENBFunctionTDD=78141,EUtranCellTDD=3""}]}"
2c6b7290-b64b-4085-a005-ca03a8c23c4d,"{""rootcause"": [{""title"": ""射频单元直流掉电告警"", ""location"": ""柜号:0; 框号:68; 槽号:0; 类型:MRRU""}, {""title"": ""射频单元直流掉电告警"", ""location"": ""柜号:0; 框号:62; 槽号:0; 类型:MRRU""}, {""title"": ""射频单元直流掉电告警"", ""location"": ""柜号:0; 框号:65; 槽号:0; 类型:MRRU""}]}"
2d9715b7-2ac0-40a5-a88b-3eaabfdcf6bf,"{""rootcause"": [{""title"": ""BBU CPRI接口异常告警"", ""location"": ""柜号:0; 框号:0; 槽号:1; 端口号:1; 端口号:0; 类型:UBBP; :MAC""}]}"
2daf1e4c-2a9f-4b8c-b0d3-1beec10ed15d,"{""rootcause"": [{""title"": ""BBU CPRI接口异常告警"", ""location"": ""柜号:0; 框号:0; 槽号:3; 端口号:4; 端口号:0; 类型:UBBP; :""}, {""title"": ""BBU CPRI接口异常告警"", ""location"": ""柜号:0; 框号:0; 槽号:3; 端口号:5; 端口号:0; 类型:UBBP; :""}]}"
2e3320ae-9900-438a-af44-86d7af1abd65,"{""rootcause"": [{""title"": ""RRU链路断"", ""location"": ""SubNetwork=1003,ManagedElement=55381,Equipment=1,Rack=65,SubRack=1,Slot=1,PlugInUnit=1,SdrDeviceGroup=1""}]}"
2f436e44-277a-47ab-a185-43e3b1c8a926,"{""rootcause"": [{""title"": ""RRU链路断"", ""location"": ""SubNetwork=CMCC-GZ-03,ManagedElement=12656378,Equipment=1,ReplaceableUnit=54""}]}"
30dabdd0-6c8f-4c18-8718-38cb4619061b,"{""rootcause"": [{""title"": ""射频单元交流掉电告警"", ""location"": ""柜号:0; 框号:113; 槽号:0; 类型:MRRU""}, {""title"": ""射频单元交流掉电告警"", ""location"": ""柜号:0; 框号:112; 槽号:0; 类型:MRRU""}, {""title"": ""射频单元交流掉电告警"", ""location"": ""柜号:0; 框号:111; 槽号:0; 类型:MRRU""}]}"
30e36e69-1c92-47dd-8202-86ffbd6d3fd7,"{""rootcause"": [{""title"": ""光口链路故障"", ""location"": ""SubNetwork=CMCC-GZ-04,ManagedElement=12586706,Equipment=1,ReplaceableUnit=A_6,RiPort=OPT1""}, {""title"": ""光模块不可用"", ""location"": ""SubNetwork=CMCC-GZ-04,ManagedElement=12586706,Equipment=1,ReplaceableUnit=B_1_6,RiPort=OF1""}]}"
30ee0cf1-0b53-438c-8154-c1356061e57c,"{""rootcause"": [{""title"": ""光口接收链路故障"", ""location"": ""SubNetwork=5303,ManagedElement=373566,Equipment=1,Rack=1,SubRack=1,Slot=11,PlugInUnit=1,SdrDeviceGroup=1,FiberDeviceSet=1,FiberDevice=3""}, {""title"": ""RRU链路断"", ""location"": ""SubNetwork=5303,ManagedElement=373566,Equipment=1,Rack=60,SubRack=1,Slot=1,PlugInUnit=1,SdrDeviceGroup=1""}]}"
3163481a-c029-4f79-b462-d5687da886dd,"{""rootcause"": [{""title"": ""单板处于初始化状态"", ""location"": ""SubNetwork=1004,ManagedElement=1399007,Equipment=1,ReplaceableUnit=VBP_1_3""}]}"
320223fc-89b1-40bc-88a9-4b07d012da47,"{""rootcause"": [{""title"": ""输入电源断"", ""location"": ""SubNetwork=CMCC-GZ-02,ManagedElement=12722003,Equipment=1,ReplaceableUnit=A_5""}, {""title"": ""输入电源断"", ""location"": ""SubNetwork=CMCC-GZ-02,ManagedElement=12722003,Equipment=1,ReplaceableUnit=A_4""}, {""title"": ""输入电源断"", ""location"": ""SubNetwork=CMCC-GZ-02,ManagedElement=12722003,Equipment=1,ReplaceableUnit=A_3""}, {""title"": ""输入电源断"", ""location"": ""SubNetwork=CMCC-GZ-02,ManagedElement=12722003,Equipment=1,ReplaceableUnit=55""}, {""title"": ""输入电源断"", ""location"": ""SubNetwork=CMCC-GZ-02,ManagedElement=12722003,Equipment=1,ReplaceableUnit=56""}]}"
32cf16da-3094-4e10-8533-5efdf3335ec0,"{""rootcause"": [{""title"": ""光口接收链路故障"", ""location"": ""SubNetwork=5309,ManagedElement=295261,Equipment=1,Rack=1,SubRack=1,Slot=12,PlugInUnit=1,SdrDeviceGroup=1,FiberDeviceSet=1,FiberDevice=1""}]}"
337958d5-7bb9-43ab-8019-f5ebd98172ab,"{""rootcause"": [{""title"": ""射频单元CPRI接口异常告警"", ""location"": ""柜号:0; 框号:81; 槽号:0; 端口号:端口0; 端口号:NULL; 类型:MRRU; :""}, {""title"": ""射频单元CPRI接口异常告警"", ""location"": ""柜号:0; 框号:83; 槽号:0; 端口号:端口0; 端口号:NULL; 类型:MRRU; :""}]}"
33d33e92-a497-4908-9bf1-4007aa79884b,"{""rootcause"": [{""title"": ""输入电源断"", ""location"": ""SubNetwork=1004,ManagedElement=1401088,Equipment=1,ReplaceableUnit=61""}, {""title"": ""输入电源断"", ""location"": ""SubNetwork=1004,ManagedElement=1401088,Equipment=1,ReplaceableUnit=62""}, {""title"": ""输入电源断"", ""location"": ""SubNetwork=1004,ManagedElement=1401088,Equipment=1,ReplaceableUnit=63""}]}"
351fbcfe-6298-4071-bdd1-2e327935b819,"{""rootcause"": [{""title"": ""射频单元直流掉电告警"", ""location"": ""柜号:0; 框号:212; 槽号:0; 类型:MRRU""}]}"
352392db-0d74-4632-a156-6154d7cd877a,"{""rootcause"": [{""title"": ""设备掉电"", ""location"": ""SubNetwork=1003,ManagedElement=78176,Equipment=1,Rack=51,SubRack=1,Slot=1,PlugInUnit=1,SdrDeviceGroup=1""}, {""title"": ""设备掉电"", ""location"": ""SubNetwork=1003,ManagedElement=78176,Equipment=1,Rack=52,SubRack=1,Slot=1,PlugInUnit=1,SdrDeviceGroup=1""}, {""title"": ""设备掉电"", ""location"": ""SubNetwork=1003,ManagedElement=78176,Equipment=1,Rack=53,SubRack=1,Slot=1,PlugInUnit=1,SdrDeviceGroup=1""}]}"
352cac01-53d3-409b-bcc5-962081024d06,"{""rootcause"": [{""title"": ""射频单元直流掉电告警"", ""location"": ""柜号:0; 框号:63; 槽号:0; 类型:MRRU""}]}"
353c1e9e-fd92-4a50-ac27-7ce15a1aef24,"{""rootcause"": [{""title"": ""天馈驻波比异常"", ""location"": ""SubNetwork=0,ManagedElement=3673486,Equipment=1,ReplaceableUnit=63,RfPort=ANT3""}]}"
35dcec5d-5286-4e33-bd22-42708535b5c8,"{""rootcause"": [{""title"": ""网元连接中断"", ""location"": ""网元名称:HL-D3900471388PT; 网元IP地址:10.143.100.21; 网元IP地址(IP Mode):NULL; 端口:6007; 错误:N/A; 信息:ssl失败; 分:MediationService0305; OMC IP:10.154.18.11""}]}"
35f71628-fc0e-4af8-b591-e614ae663ed1,"{""rootcause"": [{""title"": ""输入电压异常"", ""location"": ""SubNetwork=5309,ManagedElement=2621747,Equipment=1,ReplaceableUnit=VPD_1_5""}]}"
360cab15-4cb7-432d-8797-f44680e6a2b0,"{""rootcause"": [{""title"": ""射频单元输入电源能力不足告警"", ""location"": ""柜号:0; 框号:162; 槽号:0; 电源端口:NULL; 类型:MRRU; :机柜异常""}]}"
364b89ec-619d-4dba-8b55-589c2814d622,"{""rootcause"": [{""title"": ""射频单元直流掉电告警"", ""location"": ""柜号:0; 框号:63; 槽号:0; 类型:MRRU""}, {""title"": ""射频单元直流掉电告警"", ""location"": ""柜号:0; 框号:60; 槽号:0; 类型:MRRU""}, {""title"": ""射频单元直流掉电告警"", ""location"": ""柜号:0; 框号:66; 槽号:0; 类型:MRRU""}]}"
3690c771-01da-4841-8845-73118c942d54,"{""rootcause"": [{""title"": ""输入电源断"", ""location"": ""SubNetwork=1004,ManagedElement=1391200,Equipment=1""}]}"
369f05c6-ded0-4adf-ab3e-426deb83bb48,"{""rootcause"": [{""title"": ""输入电源断"", ""location"": ""SubNetwork=CMCC-GZ-04,ManagedElement=12640909,Equipment=1,ReplaceableUnit=A_3""}]}"
36f1d282-d82b-4f34-9811-4a80aaa06cb5,"{""rootcause"": [{""title"": ""LTE小区退出服务"", ""location"": ""SubNetwork=CMCC-GZ-03,ManagedElement=12720507,ENBCUCPFunction=460-00_167983,CULTE=1,CUEUtranCellTDDLTE=2""}, {""title"": ""RRU链路断"", ""location"": ""SubNetwork=CMCC-GZ-03,ManagedElement=12720507,Equipment=1,ReplaceableUnit=52""}]}"
379f15df-8f46-4d32-a8ce-8ffa41130098,"{""rootcause"": [{""title"": ""天馈驻波比异常"", ""location"": ""sbn=7312,NodeMe=985710,Equipment=1,rack=77,shelf=1,board=1""}]}"
3820dbe2-878b-4ab5-bc23-b5596002b673,"{""rootcause"": [{""title"": ""输入电源断"", ""location"": ""SubNetwork=1004,ManagedElement=1389516,Equipment=1,ReplaceableUnit=81""}, {""title"": ""输入电源断"", ""location"": ""SubNetwork=1004,ManagedElement=1389516,Equipment=1,ReplaceableUnit=82""}, {""title"": ""DU小区退服"", ""location"": ""SubNetwork=1004,ManagedElement=1389516,GNBDUFunction=1,NRCellDU=1""}, {""title"": ""DU小区退服"", ""location"": ""SubNetwork=1004,ManagedElement=1389516,GNBDUFunction=1,NRCellDU=2""}]}"
3827c334-1d70-4973-b288-0ad59d6b914b,"{""rootcause"": [{""title"": ""射频单元CPRI接口异常告警"", ""location"": ""柜号:0; 框号:227; 槽号:0; 端口号:端口0; 端口号:NULL; 类型:MRRU; :""}]}"
38fa907e-772c-484c-bab4-8227025e3b49,"{""rootcause"": [{""title"": ""射频单元CPRI接口异常告警"", ""location"": ""柜号:0; 框号:82; 槽号:0; 端口号:端口0; 端口号:NULL; 类型:MPMU; :CPRI接口异常""}, {""title"": ""RHUB与pRRU间链路异常告警"", ""location"": ""柜号:0; 框号:80; 槽号:0; 端口:1; 类型:RHUB; :传输异常""}]}"
3a8199cf-84a3-4d89-8e4b-3b754fc811af,"{""rootcause"": [{""title"": ""BBU CPRI接口异常告警"", ""location"": ""柜号:0; 框号:0; 槽号:4; 端口号:2; 端口号:0; 类型:UBBP; :CPRI接口异常""}]}"
3c88e28d-e9c2-47b8-afc2-7b7f37379495,"{""rootcause"": [{""title"": ""射频单元交流掉电告警"", ""location"": ""柜号:0; 框号:151; 槽号:0; 类型:AIRU""}, {""title"": ""射频单元交流掉电告警"", ""location"": ""柜号:0; 框号:152; 槽号:0; 类型:AIRU""}, {""title"": ""射频单元交流掉电告警"", ""location"": ""柜号:0; 框号:150; 槽号:0; 类型:AIRU""}]}"
3ee45790-0310-43d7-a21b-167465513cbc,"{""rootcause"": [{""title"": ""输入电源断"", ""location"": ""SubNetwork=5309,ManagedElement=2622012,Equipment=1,ReplaceableUnit=53""}]}"
3f9c46ff-abc1-479e-a71e-eaded61544be,"{""rootcause"": [{""title"": ""天馈驻波比异常"", ""location"": ""SubNetwork=0,ManagedElement=2491362,Equipment=1,ReplaceableUnit=53,RfPort=ANT1""}]}"
3ff15322-56cf-4d2d-b742-077372b53bcb,"{""rootcause"": [{""title"": ""输入电源断"", ""location"": ""SubNetwork=1004,ManagedElement=1401094,Equipment=1,ReplaceableUnit=61""}, {""title"": ""输入电源断"", ""location"": ""SubNetwork=1004,ManagedElement=1401094,Equipment=1,ReplaceableUnit=62""}, {""title"": ""输入电源断"", ""location"": ""SubNetwork=1004,ManagedElement=1401094,Equipment=1,ReplaceableUnit=63""}, {""title"": ""GNSS接收机搜星故障"", ""location"": ""SubNetwork=1004,ManagedElement=1401094,Equipment=1,ReplaceableUnit=VSW_1_1,GnssPort=GNSS""}]}"
4079fac3-5a5c-48e1-b171-d09393a78fc9,"{""rootcause"": [{""title"": ""网元连接中断"", ""location"": ""网元名称:2HL-D3900460803PT; 网元IP地址:100.92.29.20; 网元IP地址(IP Mode):NULL; 端口:6007; 错误:N/A; 信息:状态异常; 分:MediationService0706; OMC IP:10.154.18.15""}]}"
40ee781f-40f4-481e-b9d5-c2e9b9b98b3f,"{""rootcause"": [{""title"": ""光口链路故障"", ""location"": ""SubNetwork=1004,ManagedElement=1399241,Equipment=1,ReplaceableUnit=62,RiPort=OPT1""}]}"
40f987a8-d9c1-4dd7-afc0-411db8e88357,"{""rootcause"": [{""title"": ""光口链路故障"", ""location"": ""SubNetwork=CMCC-GZ-02,ManagedElement=12583217,Equipment=1,ReplaceableUnit=VBP_1_8,RiPort=OF2""}, {""title"": ""光口链路故障"", ""location"": ""SubNetwork=CMCC-GZ-02,ManagedElement=12583217,Equipment=1,ReplaceableUnit=VBP_1_8,RiPort=OF1""}, {""title"": ""光口链路故障"", ""location"": ""SubNetwork=CMCC-GZ-02,ManagedElement=12583217,Equipment=1,ReplaceableUnit=VBP_1_8,RiPort=OF3""}]}"
414bc4eb-e648-4dff-8379-785cd671dc18,"{""rootcause"": [{""title"": ""设备掉电"", ""location"": ""SubNetwork=5300,ManagedElement=595191,Equipment=1,Rack=53,SubRack=1,Slot=1,PlugInUnit=1,SdrDeviceGroup=1""}]}"
4206f555-0ca1-4d7c-9ce7-cfaa61565a94,"{""rootcause"": [{""title"": ""射频单元驻波告警"", ""location"": ""柜号:0; 框号:206; 槽号:0; :1; 类型:MRRU; 告警(0.1):18; (0.1):18; 输出(0.1dBm):383; 端口:NULL""}]}"
4254c9d1-a799-4a17-909a-225059e42af0,"{""rootcause"": [{""title"": ""LTE小区退出服务"", ""location"": ""SubNetwork=5301,ManagedElement=373773,ENBFunctionTDD=373773,EUtranCellTDD=12""}, {""title"": ""RRU链路断"", ""location"": ""SubNetwork=5301,ManagedElement=373773,Equipment=1,Rack=52,SubRack=1,Slot=1,PlugInUnit=1,SdrDeviceGroup=1""}]}"
42711eeb-4404-496f-af34-08dbd296f298,"{""rootcause"": [{""title"": ""BBU CPRI接口异常告警"", ""location"": ""柜号:0; 框号:0; 槽号:0; 端口号:2; 端口号:0; 类型:UBBP; :""}]}"
4329bf44-8029-482c-a2a4-6d2502715ad4,"{""rootcause"": [{""title"": ""设备掉电"", ""location"": ""sbn=7312,NodeMe=986864,Equipment=1,rack=57,shelf=1,board=1""}, {""title"": ""设备掉电"", ""location"": ""sbn=7312,NodeMe=986864,Equipment=1,rack=58,shelf=1,board=1""}]}"
43890181-f7f1-4ac9-b5ae-75fe34bd576f,"{""rootcause"": [{""title"": ""BBU CPRI接口异常告警"", ""location"": ""柜号:0; 框号:0; 槽号:4; 端口号:5; 端口号:0; 类型:UBBP; :""}, {""title"": ""射频单元CPRI接口异常告警"", ""location"": ""柜号:0; 框号:200; 槽号:0; 端口号:端口1; 端口号:0; 类型:AIRU; :""}]}"
43a52adc-0332-479c-9e4a-f2642ff64db8,"{""rootcause"": [{""title"": ""射频单元维护链路异常告警"", ""location"": ""柜号:0; 框号:94; 槽号:0; 类型:MPMU; :""}, {""title"": ""射频单元维护链路异常告警"", ""location"": ""柜号:0; 框号:107; 槽号:0; 类型:MPMU; :""}]}"
43e1c548-f5bd-4696-b916-8f2420bb4c59,"{""rootcause"": [{""title"": ""射频单元交流掉电告警"", ""location"": ""柜号:0; 框号:200; 槽号:0; 类型:MRRU""}, {""title"": ""射频单元交流掉电告警"", ""location"": ""柜号:0; 框号:200; 槽号:0; 类型:MRRU""}]}"
43eb3ea1-64a8-4a44-b99f-eceee74963ee,"{""rootcause"": [{""title"": ""射频单元直流掉电告警"", ""location"": ""柜号:0; 框号:152; 槽号:0; 类型:AIRU""}]}"
440eed78-f2a8-46e0-84fb-935b7a722faf,"{""rootcause"": [{""title"": ""输入电源断"", ""location"": ""SubNetwork=1004,ManagedElement=1396919,Equipment=1""}, {""title"": ""网元链路断"", ""location"": ""SubNetwork=1004,ManagedElement=1396919""}]}"
441995e6-e153-4e40-af0f-d0eb20ddcfa5,"{""rootcause"": [{""title"": ""小区不可用告警"", ""location"": ""eNodeB名称:4G西1H; 本地:203; :TDD; NB-IoT:FALSE; 名称:4G西1HTDMIMO-203; eNodeB:891280; :203; :异常""}, {""title"": ""小区不可用告警"", ""location"": ""eNodeB名称:4G西1H; 本地:202; :TDD; NB-IoT:FALSE; 名称:4G西1HTDMIMO-202; eNodeB:891280; :202; :异常""}]}"
44de3046-3c13-44cb-a9e9-e8925109a316,"{""rootcause"": [{""title"": ""小区不可用告警"", ""location"": ""eNodeB名称:2-HFM; 本地:197; :FDD; NB-IoT:FALSE; 名称:2-HFM-FD-197; eNodeB:889978; :197; :异常""}]}"
45af72c2-29c2-4e1c-b95e-6f9cd0c39ab5,"{""rootcause"": [{""title"": ""NR分布单元小区TRP不可用告警"", ""location"": ""gNodeB名称:B(B33B49)D59002536336TF-H5W; NR DUTRP:3; 故障柜号:0; 故障框号:203; 故障槽号:0; 描述:NULL; :CPRI接口异常""}, {""title"": ""用户面故障告警"", ""location"": ""类型:gNBeXn""}]}"
45cdd9e5-784d-4d72-8eaa-7bf541f8d111,"{""rootcause"": [{""title"": ""RRU链路断"", ""location"": ""SubNetwork=1003,ManagedElement=16477,Equipment=1,Rack=61,SubRack=1,Slot=1,PlugInUnit=1,SdrDeviceGroup=1""}, {""title"": ""RRU链路断"", ""location"": ""SubNetwork=1003,ManagedElement=16477,Equipment=1,Rack=52,SubRack=1,Slot=1,PlugInUnit=1,SdrDeviceGroup=1""}]}"
475ef09f-dd58-4a62-8c17-b3fcaa8c5223,"{""rootcause"": [{""title"": ""BBU CPRI接口异常告警"", ""location"": ""柜号:0; 框号:0; 槽号:3; 端口号:5; 端口号:0; 类型:UBBP; :""}]}"
47db5f09-a0c5-463a-9ac2-9248a4a228a2,"{""rootcause"": [{""title"": ""射频单元交流掉电告警"", ""location"": ""柜号:0; 框号:175; 槽号:0; 类型:MRRU""}]}"
4951409d-554c-4050-9e47-c8f393f6cd88,"{""rootcause"": [{""title"": ""射频单元交流掉电告警"", ""location"": ""柜号:0; 框号:206; 槽号:0; 类型:MRRU""}]}"
49c5da74-b725-475e-a6b5-024685ac2658,"{""rootcause"": [{""title"": ""射频单元交流掉电告警"", ""location"": ""柜号:0; 框号:224; 槽号:0; 类型:MRRU""}, {""title"": ""射频单元交流掉电告警"", ""location"": ""柜号:0; 框号:230; 槽号:0; 类型:MRRU""}, {""title"": ""射频单元驻波告警"", ""location"": ""柜号:0; 框号:224; 槽号:0; :1; 类型:MRRU; 告警(0.1):18; (0.1):250; 输出(0.1dBm):314; 端口:NULL""}]}"
4a00c3b0-8542-4034-accf-a39d3f760d43,"{""rootcause"": [{""title"": ""以太网物理接口(ETPI) 信号丢失(LOS)"", ""location"": ""OIGE8A[0-1-6]-GE:3""}, {""title"": ""网元链路断"", ""location"": ""SubNetwork=1003,ManagedElement=888488""}]}"
4a485e4d-2d2a-4ddf-ba9d-efdcf0a51670,"{""rootcause"": [{""title"": ""单板软件运行异常告警"", ""location"": ""柜号:0; 框号:0; 槽号:4; 类型:UBBP""}, {""title"": ""小区不可用告警"", ""location"": ""eNodeB名称:4G2H; 本地:59; :FDD; NB-IoT:FALSE; 名称:4G2HFDG-59; eNodeB:18810; :59; :异常""}]}"
4a5ec3b9-73fa-4531-9f7c-764651dbddee,"{""rootcause"": [{""title"": ""射频单元直流掉电告警"", ""location"": ""柜号:0; 框号:150; 槽号:0; 类型:AIRU""}, {""title"": ""射频单元直流掉电告警"", ""location"": ""柜号:0; 框号:151; 槽号:0; 类型:AIRU""}, {""title"": ""射频单元直流掉电告警"", ""location"": ""柜号:0; 框号:152; 槽号:0; 类型:AIRU""}]}"
4a9cd29f-25a0-40e1-bedf-d6f76fa34563,"{""rootcause"": [{""title"": ""BBU CPRI接口异常告警"", ""location"": ""柜号:0; 框号:0; 槽号:3; 端口号:3; 端口号:0; 类型:UBBP; :CPRI接口异常""}]}"
4ae39e96-566b-4185-9cc4-2d16c98bdc9d,"{""rootcause"": [{""title"": ""RRU链路断"", ""location"": ""SubNetwork=1004,ManagedElement=1402810,Equipment=1,ReplaceableUnit=77""}]}"
4b3847d3-1e4e-4380-9438-b5bf09915aa1,"{""rootcause"": [{""title"": ""射频单元交流掉电告警"", ""location"": ""柜号:0; 框号:61; 槽号:0; 类型:MRRU""}, {""title"": ""射频单元交流掉电告警"", ""location"": ""柜号:0; 框号:60; 槽号:0; 类型:MRRU""}]}"
4b6708c1-8535-4c4b-a25c-05a94fd73b3b,"{""rootcause"": [{""title"": ""射频单元CPRI接口异常告警"", ""location"": ""柜号:0; 框号:152; 槽号:0; 端口号:端口0; 端口号:0; 类型:AIRU; :链路故障""}, {""title"": ""5G基站断AAU事件"", ""location"": ""gNodeB名称:5G东北1H; NR DUTRP:3; 故障柜号:0; 故障框号:152; 故障槽号:0; 描述:NULL; :""}]}"
4bc34075-c7db-40a9-9c7e-920c0d401a48,"{""rootcause"": [{""title"": ""RRU链路断"", ""location"": ""SubNetwork=1004,ManagedElement=1434530,Equipment=1,ReplaceableUnit=63""}, {""title"": ""RRU链路断"", ""location"": ""SubNetwork=1004,ManagedElement=1434530,Equipment=1,ReplaceableUnit=62""}]}"
4bf1369e-8c86-4889-a1f7-611901c2aee2,"{""rootcause"": [{""title"": ""硬件类型和配置不一致"", ""location"": ""SubNetwork=1003,ManagedElement=80621,Equipment=1,Rack=53,SubRack=1,Slot=1,PlugInUnit=1,SdrDeviceGroup=1""}, {""title"": ""硬件类型和配置不一致"", ""location"": ""SubNetwork=1003,ManagedElement=80621,Equipment=1,Rack=52,SubRack=1,Slot=1,PlugInUnit=1,SdrDeviceGroup=1""}, {""title"": ""硬件类型和配置不一致"", ""location"": ""SubNetwork=1003,ManagedElement=80621,Equipment=1,Rack=51,SubRack=1,Slot=1,PlugInUnit=1,SdrDeviceGroup=1""}]}"
4c2b3b06-a6a2-4c1b-9734-def3d1f849d8,"{""rootcause"": [{""title"": ""[衍生告警]PTN光缆中断，单报LOS"", ""location"": ""OIXG4A[0-1-2]-10GE\\:1""}]}"
4d04a07e-d1a2-4a59-b27f-99a5fb517ec2,"{""rootcause"": [{""title"": ""射频单元驻波告警"", ""location"": ""柜号:0; 框号:228; 槽号:0; :1; 类型:MRRU; 告警(0.1):20; (0.1):21; 输出(0.1dBm):437; 端口:NULL""}]}"
4dff85a4-93cb-4ea0-9422-bee089e4fcd2,"{""rootcause"": [{""title"": ""射频单元驻波告警"", ""location"": ""柜号:0; 框号:63; 槽号:0; :5; 类型:MRRU; 告警(0.1):20; (0.1):20; 输出(0.1dBm):252; 端口:NULL""}]}"
4e161903-1da3-4a54-897b-cd01a202ef18,"{""rootcause"": [{""title"": ""射频单元交流掉电告警"", ""location"": ""柜号:0; 框号:202; 槽号:0; 类型:MRRU""}, {""title"": ""射频单元交流掉电告警"", ""location"": ""柜号:0; 框号:200; 槽号:0; 类型:MRRU""}, {""title"": ""射频单元交流掉电告警"", ""location"": ""柜号:0; 框号:207; 槽号:0; 类型:MRRU""}, {""title"": ""射频单元交流掉电告警"", ""location"": ""柜号:0; 框号:208; 槽号:0; 类型:MRRU""}, {""title"": ""射频单元交流掉电告警"", ""location"": ""柜号:0; 框号:201; 槽号:0; 类型:MRRU""}]}"
4f66c084-4f15-43d9-9f95-0350f4179ea6,"{""rootcause"": [{""title"": ""单板电源关断"", ""location"": ""SubNetwork=1002,ManagedElement=82367,Equipment=1,Rack=1,SubRack=1,Slot=3,PlugInUnit=1,SdrDeviceGroup=1""}]}"
50136eba-2902-466a-ad94-d96b351c9fc2,"{""rootcause"": [{""title"": ""RRU链路断"", ""location"": ""SubNetwork=5309,ManagedElement=831135,Equipment=1,Rack=52,SubRack=1,Slot=1,PlugInUnit=1,SdrDeviceGroup=1""}, {""title"": ""RRU链路断"", ""location"": ""SubNetwork=5309,ManagedElement=831135,Equipment=1,Rack=53,SubRack=1,Slot=1,PlugInUnit=1,SdrDeviceGroup=1""}]}"
50b20112-cb8b-4ef6-ba49-d4320a25e0e7,"{""rootcause"": [{""title"": ""ETH_LOS"", ""location"": ""1-D3EM8F-7(LTE())-MAC:1""}, {""title"": ""网元断链告警"", ""location"": ""sbn=7312,NodeMe=985814""}]}"
51d2ff1d-1bcb-41c7-ae33-83db088b2545,"{""rootcause"": [{""title"": ""RRU链路断"", ""location"": ""SubNetwork=1003,ManagedElement=507264,Equipment=1,Rack=52,SubRack=1,Slot=1,PlugInUnit=1,SdrDeviceGroup=1""}]}"
51eb8a16-8058-46eb-952d-f2a88399b092,"{""rootcause"": [{""title"": ""RRU功率检测异常"", ""location"": ""sbn=2,NodeMe=459992,Equipment=1,rack=52,shelf=1,board=1""}]}"
51edd15d-9e4f-481a-ba10-de54bf033b0e,"{""rootcause"": [{""title"": ""射频单元交流掉电告警"", ""location"": ""柜号:0; 框号:113; 槽号:0; 类型:MRRU""}, {""title"": ""射频单元交流掉电告警"", ""location"": ""柜号:0; 框号:112; 槽号:0; 类型:MRRU""}, {""title"": ""射频单元交流掉电告警"", ""location"": ""柜号:0; 框号:111; 槽号:0; 类型:MRRU""}]}"
52a25ac0-47e1-4f5a-9ae0-93c1bfc9b90d,"{""rootcause"": [{""title"": ""RRU链路断"", ""location"": ""SubNetwork=1004,ManagedElement=1401149,Equipment=1,ReplaceableUnit=71""}]}"
52df1065-3f92-4e4e-b255-d2575f9bd8b1,"{""rootcause"": [{""title"": ""RRU链路断"", ""location"": ""SubNetwork=1011,ManagedElement=102035,Equipment=1,Rack=53,SubRack=1,Slot=1,PlugInUnit=1,SdrDeviceGroup=1""}]}"
532d7c54-633e-4fc2-a59f-a3d18df5d2be,"{""rootcause"": [{""title"": ""以太网物理接口(ETPI) 信号丢失(LOS)"", ""location"": ""PGEA[0-1-17]-GE\\:12(KA--541)""}, {""title"": ""射频单元交流掉电告警"", ""location"": ""柜号:0; 框号:225; 槽号:0; 类型:MRRU""}]}"
532deaa0-8d18-4f36-80b7-7a01ea290ce6,"{""rootcause"": [{""title"": ""射频单元直流掉电告警"", ""location"": ""柜号:0; 框号:113; 槽号:0; 类型:MRRU""}, {""title"": ""射频单元直流掉电告警"", ""location"": ""柜号:0; 框号:112; 槽号:0; 类型:MRRU""}, {""title"": ""射频单元直流掉电告警"", ""location"": ""柜号:0; 框号:111; 槽号:0; 类型:MRRU""}]}"
5341cfe5-7677-4cfe-aa86-2347d2c3d88c,"{""rootcause"": [{""title"": ""输入电源断"", ""location"": ""SubNetwork=5306,ManagedElement=2647019,Equipment=1,ReplaceableUnit=53""}]}"
53aa2dc8-1861-4faa-8d25-3847c8e392bb,"{""rootcause"": [{""title"": ""输入电源断"", ""location"": ""SubNetwork=1004,ManagedElement=1400898,Equipment=1,ReplaceableUnit=62""}, {""title"": ""输入电源断"", ""location"": ""SubNetwork=1004,ManagedElement=1400898,Equipment=1,ReplaceableUnit=61""}, {""title"": ""输入电源断"", ""location"": ""SubNetwork=1004,ManagedElement=1400898,Equipment=1,ReplaceableUnit=63""}]}"
54db046d-a9d5-4713-89c3-0888cbb6b60a,"{""rootcause"": [{""title"": ""射频单元业务不可用告警"", ""location"": ""eNodeB名称:1HLM; 本地:201; :TDD; 柜号:0; 框号:206; 槽号:0; NB-IoT:FALSE; eNodeB分:NULL; 名称:1HLM-201; eNodeB:92084; :201; :链路异常""}, {""title"": ""射频单元时钟异常告警"", ""location"": ""柜号:0; 框号:206; 槽号:0; 类型:MRRU""}]}"
5523ff85-e4ed-4c63-8e88-054e355e8c60,"{""rootcause"": [{""title"": ""光口接收链路故障"", ""location"": ""SubNetwork=1003,ManagedElement=355007,Equipment=1,Rack=61,SubRack=1,Slot=1,PlugInUnit=1,SdrDeviceGroup=1,FiberDeviceSet=1,FiberDevice=1""}]}"
55440080-bfe6-4e1d-ab80-1d578feec6a4,"{""rootcause"": [{""title"": ""输入电源断"", ""location"": ""SubNetwork=CMCC-GZ-04,ManagedElement=12586726,Equipment=1,ReplaceableUnit=A_2""}, {""title"": ""输入电源断"", ""location"": ""SubNetwork=CMCC-GZ-04,ManagedElement=12586726,Equipment=1,ReplaceableUnit=A_1""}]}"
559b4ff0-ab0b-4bb3-beea-fd8180385098,"{""rootcause"": [{""title"": ""RRU链路断"", ""location"": ""SubNetwork=1004,ManagedElement=1389661,Equipment=1,ReplaceableUnit=83""}]}"
564d3099-bc58-47b0-849e-74261b183a85,"{""rootcause"": [{""title"": ""射频单元驻波告警"", ""location"": ""柜号:0; 框号:90; 槽号:0; :1; 类型:MRRU; 告警(0.1):20; (0.1):21; 输出(0.1dBm):374; 端口:NULL""}]}"
56bd4bd6-4a3c-4bec-aab6-aea2d3370399,"{""rootcause"": [{""title"": ""输入电源断"", ""location"": ""SubNetwork=1004,ManagedElement=1436210,Equipment=1,ReplaceableUnit=71""}, {""title"": ""输入电源断"", ""location"": ""SubNetwork=1004,ManagedElement=1436210,Equipment=1,ReplaceableUnit=72""}, {""title"": ""输入电源断"", ""location"": ""SubNetwork=1004,ManagedElement=1436210,Equipment=1,ReplaceableUnit=73""}]}"
57274520-1025-41a1-ba18-9d8c61a67fbb,"{""rootcause"": [{""title"": ""设备掉电"", ""location"": ""SubNetwork=5300,ManagedElement=595764,Equipment=1,Rack=60,SubRack=1,Slot=1,PlugInUnit=1,SdrDeviceGroup=1""}, {""title"": ""LTE小区退出服务"", ""location"": ""SubNetwork=5300,ManagedElement=595764,ENBFunctionTDD=595764,EUtranCellTDD=73""}, {""title"": ""设备掉电"", ""location"": ""SubNetwork=5300,ManagedElement=595764,Equipment=1,Rack=61,SubRack=1,Slot=1,PlugInUnit=1,SdrDeviceGroup=1""}]}"
58fb18c6-070b-4d74-8ec2-d68f1e71d01d,"{""rootcause"": [{""title"": ""射频单元驻波告警"", ""location"": ""柜号:0; 框号:200; 槽号:0; :0; 类型:MRRU; 告警(0.1):20; (0.1):20; 输出(0.1dBm):260; 端口:NULL""}]}"
599a8ce2-c4f0-453c-b951-105fb1067e7e,"{""rootcause"": [{""title"": ""BBU CPRI接口异常告警"", ""location"": ""柜号:0; 框号:0; 槽号:4; 端口号:2; 端口号:0; 类型:UBBP; :CPRI接口异常""}]}"
59a31b23-daa6-4bed-a525-04a5943c5367,"{""rootcause"": [{""title"": ""射频单元CPRI接口异常告警"", ""location"": ""柜号:0; 框号:151; 槽号:0; 端口号:端口0; 端口号:0; 类型:AIRU; :链路故障""}]}"
59bebcbf-a8b3-48f0-befa-b7557abb7e9e,"{""rootcause"": [{""title"": ""设备掉电"", ""location"": ""SubNetwork=5301,ManagedElement=832316,Equipment=1,Rack=53,SubRack=1,Slot=1,PlugInUnit=1,SdrDeviceGroup=1""}, {""title"": ""LTE小区退出服务"", ""location"": ""SubNetwork=5301,ManagedElement=832316,ENBFunctionTDD=832316,EUtranCellTDD=13""}, {""title"": ""RRU链路断"", ""location"": ""SubNetwork=5301,ManagedElement=832316,Equipment=1,Rack=51,SubRack=1,Slot=1,PlugInUnit=1,SdrDeviceGroup=1""}, {""title"": ""LTE小区退出服务"", ""location"": ""SubNetwork=5301,ManagedElement=832316,ENBFunctionTDD=832316,EUtranCellTDD=28""}]}"
5a4a0e0d-a626-4599-b853-8d4c1fb84adb,"{""rootcause"": [{""title"": ""射频单元直流掉电告警"", ""location"": ""柜号:0; 框号:152; 槽号:0; 类型:AIRU""}]}"
5aa15346-c717-441f-8cb7-08e3b4b7b827,"{""rootcause"": [{""title"": ""单板不在位"", ""location"": ""SubNetwork=1003,ManagedElement=491539,Equipment=1,Rack=1,SubRack=1,Slot=12,PlugInUnit=1,SdrDeviceGroup=1""}]}"
5b2934e0-b8fd-4f39-9287-15c201fd4c08,"{""rootcause"": [{""title"": ""网元连接中断"", ""location"": ""网元名称:72-H5M; 网元IP地址:10.252.29.186; 网元IP地址(IP Mode):NULL; 端口:6007; 错误:N/A; 信息:端口时; 分:MediationService5409; OMC IP:10.224.27.32""}, {""title"": ""网元连接中断"", ""location"": ""网元名称:71-H5M; 网元IP地址:10.252.29.182; 网元IP地址(IP Mode):NULL; 端口:6007; 错误:N/A; 信息:端口时; 分:MediationService5809; OMC IP:10.224.27.36""}, {""title"": ""网元连接中断"", ""location"": ""网元名称:73-H5W; 网元IP地址:10.252.29.94; 网元IP地址(IP Mode):NULL; 端口:6007; 错误:N/A; 信息:端口时; 分:MediationService5509; OMC IP:10.224.27.33""}, {""title"": ""网元连接中断"", ""location"": ""网元名称:74-H5W; 网元IP地址:10.252.29.98; 网元IP地址(IP Mode):NULL; 端口:6007; 错误:N/A; 信息:端口时; 分:MediationService5309; OMC IP:10.224.27.31""}, {""title"": ""网元连接中断"", ""location"": ""网元名称:4G75HS; 网元IP地址:100.93.41.210; 网元IP地址(IP Mode):NULL; 端口:6007; 错误:N/A; 信息:端口时; 分:MediationService5309; OMC IP:10.224.27.31""}]}"
5c171476-d835-47fd-8b5d-fe6548e84ea4,"{""rootcause"": [{""title"": ""射频单元CPRI接口异常告警"", ""location"": ""柜号:0; 框号:200; 槽号:0; 端口号:端口1; 端口号:NULL; 类型:MRRU; :""}]}"
5d152a6f-dae1-4eff-9338-57120576d6ae,"{""rootcause"": [{""title"": ""输入电源断"", ""location"": ""SubNetwork=1004,ManagedElement=1395188,Equipment=1,ReplaceableUnit=62""}, {""title"": ""输入电源断"", ""location"": ""SubNetwork=1004,ManagedElement=1395188,Equipment=1,ReplaceableUnit=63""}, {""title"": ""输入电源断"", ""location"": ""SubNetwork=1004,ManagedElement=1395188,Equipment=1,ReplaceableUnit=61""}, {""title"": ""DU小区退服"", ""location"": ""SubNetwork=1004,ManagedElement=1395188,GNBDUFunction=460-00_1395188,NRCellDU=1""}]}"
5d372878-06b4-49d2-bfbb-099457fb694a,"{""rootcause"": [{""title"": ""光模块接收光功率异常"", ""location"": ""SubNetwork=1003,ManagedElement=41394,Equipment=1,Rack=57,SubRack=1,Slot=1,PlugInUnit=1,SdrDeviceGroup=1,FiberDeviceSet=1,FiberDevice=1""}]}"
5de2ca5d-43b5-40f7-9278-b9f9d532fa52,"{""rootcause"": [{""title"": ""RRU链路断"", ""location"": ""SubNetwork=5303,ManagedElement=374177,Equipment=1,Rack=55,SubRack=1,Slot=1,PlugInUnit=1,SdrDeviceGroup=1""}, {""title"": ""LTE小区退出服务"", ""location"": ""SubNetwork=5303,ManagedElement=374177,ENBFunctionTDD=374177,EUtranCellTDD=21""}]}"
5e6e4a4b-969f-420a-93f4-1a492a75f0f9,"{""rootcause"": [{""title"": ""射频单元CPRI接口异常告警"", ""location"": ""柜号:0; 框号:112; 槽号:0; 端口号:端口0; 端口号:NULL; 类型:MRRU; :CPRI接口异常""}, {""title"": ""BBU CPRI接口异常告警"", ""location"": ""柜号:0; 框号:0; 槽号:3; 端口号:4; 端口号:0; 类型:UBBP; :""}]}"
5efa8b7c-d30d-46a7-ae55-6bab3baf19cf,"{""rootcause"": [{""title"": ""射频单元CPRI接口异常告警"", ""location"": ""柜号:0; 框号:202; 槽号:0; 端口号:端口0; 端口号:NULL; 类型:MRRU; :CPRI接口异常""}]}"
5f08d679-bd5b-4388-95a1-004d39761ce3,"{""rootcause"": [{""title"": ""射频单元交流掉电告警"", ""location"": ""柜号:0; 框号:208; 槽号:0; 类型:MRRU""}]}"
5f0b3c7f-806d-4622-a671-5d23ee09c827,"{""rootcause"": [{""title"": ""RRU链路断"", ""location"": ""SubNetwork=5302,ManagedElement=374078,Equipment=1,Rack=55,SubRack=1,Slot=1,PlugInUnit=1,SdrDeviceGroup=1""}, {""title"": ""LTE小区退出服务"", ""location"": ""SubNetwork=5302,ManagedElement=374078,ENBFunctionFDD=374078,EUtranCellFDD=13""}]}"
5f31acb6-cb86-4488-af6a-f6d2d4d3a4d9,"{""rootcause"": [{""title"": ""输入电压异常"", ""location"": ""SubNetwork=1002,ManagedElement=82367,Equipment=1,Rack=1,SubRack=1,Slot=17,PlugInUnit=1,SdrDeviceGroup=1""}]}"
607eb58a-5e7b-4467-a1ea-ebaca1b23251,"{""rootcause"": [{""title"": ""RRU功率检测异常"", ""location"": ""sbn=7311,NodeMe=473840,Equipment=1,rack=66,shelf=1,board=1""}]}"
60a47f44-2a5b-418c-ad59-acd8572bd02b,"{""rootcause"": [{""title"": ""输入电源断"", ""location"": ""SubNetwork=1004,ManagedElement=1390998,Equipment=1,ReplaceableUnit=63""}, {""title"": ""输入电源断"", ""location"": ""SubNetwork=1004,ManagedElement=1390998,Equipment=1,ReplaceableUnit=62""}, {""title"": ""输入电源断"", ""location"": ""SubNetwork=1004,ManagedElement=1390998,Equipment=1,ReplaceableUnit=61""}]}"
61b314bc-e57b-494c-b1f0-24ec0a347f17,"{""rootcause"": [{""title"": ""输入电压异常"", ""location"": ""SubNetwork=1003,ManagedElement=45194,Equipment=1,Rack=1,SubRack=1,Slot=16,PlugInUnit=1,SdrDeviceGroup=1""}, {""title"": ""网元链路断"", ""location"": ""SubNetwork=1003,ManagedElement=45194""}, {""title"": ""网元链路断"", ""location"": ""SubNetwork=1003,ManagedElement=71449""}]}"
625ffce7-65c5-4657-9104-4148b4113130,"{""rootcause"": [{""title"": ""输入电源断"", ""location"": ""SubNetwork=5305,ManagedElement=2561769,Equipment=1,ReplaceableUnit=51""}, {""title"": ""输入电源断"", ""location"": ""SubNetwork=5305,ManagedElement=2561769,Equipment=1,ReplaceableUnit=53""}, {""title"": ""输入电源断"", ""location"": ""SubNetwork=5305,ManagedElement=2561769,Equipment=1,ReplaceableUnit=52""}, {""title"": ""输入电源断"", ""location"": ""SubNetwork=5305,ManagedElement=2622852,Equipment=1,ReplaceableUnit=56""}, {""title"": ""输入电源断"", ""location"": ""SubNetwork=5305,ManagedElement=2622852,Equipment=1,ReplaceableUnit=54""}]}"
63780a6a-e67d-4943-8847-83b824dd810d,"{""rootcause"": [{""title"": ""输入电源断"", ""location"": ""SubNetwork=1004,ManagedElement=1430463,Equipment=1,ReplaceableUnit=71""}, {""title"": ""输入电源断"", ""location"": ""SubNetwork=1004,ManagedElement=1430463,Equipment=1,ReplaceableUnit=73""}, {""title"": ""输入电源断"", ""location"": ""SubNetwork=1004,ManagedElement=1430463,Equipment=1,ReplaceableUnit=72""}]}"
6424a0d8-3807-4527-83d8-c5a817146c5d,"{""rootcause"": [{""title"": ""单板输入时钟异常"", ""location"": ""SubNetwork=1004,ManagedElement=1390821,Equipment=1,ReplaceableUnit=VBP_1_3""}]}"
642867e7-9bf1-4702-8d81-b8097c7cd38c,"{""rootcause"": [{""title"": ""射频单元IR接口异常告警"", ""location"": ""柜号:0; 框号:212; 槽号:0; 端口号:端口0; 类型:MRRU; :IR接口异常""}]}"
6436d7ab-5492-4bad-8403-ed871c604057,"{""rootcause"": [{""title"": ""射频单元直流掉电告警"", ""location"": ""柜号:0; 框号:64; 槽号:0; 类型:MRRU""}, {""title"": ""射频单元交流掉电告警"", ""location"": ""柜号:0; 框号:61; 槽号:0; 类型:MRRU""}]}"
645626f5-429a-4c7a-aa2f-3bb47dfdb08f,"{""rootcause"": [{""title"": ""输入电源断"", ""location"": ""SubNetwork=1004,ManagedElement=1398907,Equipment=1,ReplaceableUnit=61""}]}"
65ad6ca0-4d9f-46c3-9423-24429c84a424,"{""rootcause"": [{""title"": ""设备掉电"", ""location"": ""SubNetwork=5302,ManagedElement=802014,Equipment=1,Rack=71,SubRack=1,Slot=1,PlugInUnit=1,SdrDeviceGroup=1""}]}"
6600d905-9faf-4ee3-8d44-223e9bc4dfdb,"{""rootcause"": [{""title"": ""射频单元ALD开关配置不匹配告警"", ""location"": ""柜号:0; 框号:201; 槽号:0; 端口号:RET; 类型:MRRU; :类型; 配置类型:; 类型:""}, {""title"": ""小区不可用告警"", ""location"": ""eNodeB名称:2HL-D3900460334PT; 本地:18; :FDD; NB-IoT:FALSE; 名称:2HFD-D3900460334PT-18; eNodeB:460334; :18; :异常""}]}"
6642cbb1-ec65-48e1-9ec3-6d68bb98e59f,"{""rootcause"": [{""title"": ""光口链路故障"", ""location"": ""SubNetwork=1004,ManagedElement=1390908,Equipment=1,ReplaceableUnit=VBP_1_8,RiPort=OF1""}, {""title"": ""光口链路故障"", ""location"": ""SubNetwork=1004,ManagedElement=1390908,Equipment=1,ReplaceableUnit=VBP_1_6,RiPort=OF1""}]}"
667cfaed-a0b8-420b-957b-d498acf28857,"{""rootcause"": [{""title"": ""网元连接中断"", ""location"": ""网元名称:HLM; 网元IP地址:100.92.44.200; 网元IP地址(IP Mode):NULL; 端口:6007; 错误:N/A; 信息:端口时; 分:MediationService5308; OMC IP:10.224.27.31""}]}"
66ee1170-8f45-43ec-a392-426aaac31f7b,"{""rootcause"": [{""title"": ""BBU IR接口异常告警"", ""location"": ""柜号:0; 框号:0; 槽号:2; 端口号:4; 端口号:0; 类型:UBBP; :""}]}"
66f5286d-82fd-4f9d-99d9-30517830b9ea,"{""rootcause"": [{""title"": ""RRU链路断"", ""location"": ""SubNetwork=1004,ManagedElement=1404659,Equipment=1,ReplaceableUnit=74""}, {""title"": ""DU小区退服"", ""location"": ""SubNetwork=1004,ManagedElement=1404659,GNBDUFunction=460-00_1404659,NRCellDU=21""}]}"
67463e7c-93f7-4c08-b65f-9bc879ec80a6,"{""rootcause"": [{""title"": ""设备掉电"", ""location"": ""SubNetwork=5309,ManagedElement=832953,Equipment=1,Rack=55,SubRack=1,Slot=1,PlugInUnit=1,SdrDeviceGroup=1""}, {""title"": ""设备掉电"", ""location"": ""SubNetwork=5309,ManagedElement=832953,Equipment=1,Rack=56,SubRack=1,Slot=1,PlugInUnit=1,SdrDeviceGroup=1""}, {""title"": ""设备掉电"", ""location"": ""SubNetwork=5309,ManagedElement=832953,Equipment=1,Rack=54,SubRack=1,Slot=1,PlugInUnit=1,SdrDeviceGroup=1""}]}"
695a226f-09b0-4dd3-bd89-34a85f6244f4,"{""rootcause"": [{""title"": ""射频单元交流掉电告警"", ""location"": ""柜号:0; 框号:61; 槽号:0; 类型:MRRU""}]}"
69a3a452-8984-4c9a-baed-99c8ae6ac3a2,"{""rootcause"": [{""title"": ""RRU链路断"", ""location"": ""SubNetwork=5304,ManagedElement=802437,Equipment=1,Rack=57,SubRack=1,Slot=1,PlugInUnit=1,SdrDeviceGroup=1""}, {""title"": ""RRU链路断"", ""location"": ""SubNetwork=5304,ManagedElement=177646,Equipment=1,Rack=55,SubRack=1,Slot=1,PlugInUnit=1,SdrDeviceGroup=1""}, {""title"": ""RRU链路断"", ""location"": ""SubNetwork=5304,ManagedElement=802437,Equipment=1,Rack=59,SubRack=1,Slot=1,PlugInUnit=1,SdrDeviceGroup=1""}, {""title"": ""RRU链路断"", ""location"": ""SubNetwork=5304,ManagedElement=802437,Equipment=1,Rack=58,SubRack=1,Slot=1,PlugInUnit=1,SdrDeviceGroup=1""}, {""title"": ""RRU链路断"", ""location"": ""SubNetwork=5304,ManagedElement=177646,Equipment=1,Rack=56,SubRack=1,Slot=1,PlugInUnit=1,SdrDeviceGroup=1""}]}"
6a8cec60-d824-484e-a42c-cfee9c43fb62,"{""rootcause"": [{""title"": ""射频单元交流掉电告警"", ""location"": ""柜号:0; 框号:151; 槽号:0; 类型:AIRU""}]}"
6a9b48e5-0c62-4490-ac4e-1056519aa089,"{""rootcause"": [{""title"": ""BBU CPRI接口异常告警"", ""location"": ""柜号:0; 框号:0; 槽号:0; 端口号:2; 端口号:0; 类型:UBBP; :MAC""}]}"
6aa3ac7f-d1e9-477d-879c-693fa34f8316,"{""rootcause"": [{""title"": ""RRU链路断"", ""location"": ""SubNetwork=1004,ManagedElement=1002761,Equipment=1,ReplaceableUnit=81""}]}"
6b519695-afa7-42b7-950b-1817ff57975b,"{""rootcause"": [{""title"": ""设备掉电"", ""location"": ""SubNetwork=5302,ManagedElement=568210,Equipment=1,Rack=57,SubRack=1,Slot=1,PlugInUnit=1,SdrDeviceGroup=1""}]}"
6b9e6788-f99f-4edf-a419-e4e698821aa5,"{""rootcause"": [{""title"": ""射频单元交流掉电告警"", ""location"": ""柜号:0; 框号:151; 槽号:0; 类型:AIRU""}]}"
6ba3bf35-2d88-40be-9832-917e70b59b44,"{""rootcause"": [{""title"": ""射频单元CPRI接口异常告警"", ""location"": ""柜号:0; 框号:203; 槽号:0; 端口号:端口0; 端口号:NULL; 类型:MRRU; :""}]}"
6bd835ca-b7bc-4b43-bfd2-12237cf8aeb5,"{""rootcause"": [{""title"": ""射频单元交流掉电告警"", ""location"": ""柜号:0; 框号:150; 槽号:0; 类型:MRRU""}]}"
6c596cdd-fd3a-44e3-ba8a-3deff75209ee,"{""rootcause"": [{""title"": ""输入电压异常"", ""location"": ""SubNetwork=1002,ManagedElement=82367,Equipment=1,Rack=1,SubRack=1,Slot=17,PlugInUnit=1,SdrDeviceGroup=1""}, {""title"": ""单板电源关断"", ""location"": ""SubNetwork=1002,ManagedElement=82367,Equipment=1,Rack=1,SubRack=1,Slot=3,PlugInUnit=1,SdrDeviceGroup=1""}]}"
6d6c357e-30c7-4b70-b820-c09c0330a870,"{""rootcause"": [{""title"": ""输入电源断"", ""location"": ""SubNetwork=1004,ManagedElement=1395161,Equipment=1,ReplaceableUnit=64""}, {""title"": ""输入电源断"", ""location"": ""SubNetwork=1004,ManagedElement=1395161,Equipment=1,ReplaceableUnit=65""}, {""title"": ""输入电源断"", ""location"": ""SubNetwork=1004,ManagedElement=1395161,Equipment=1,ReplaceableUnit=66""}]}"
6d999cc6-36d6-4c9d-aeea-daf75092f12c,"{""rootcause"": [{""title"": ""RRU链路断"", ""location"": ""SubNetwork=5300,ManagedElement=2622259,Equipment=1,ReplaceableUnit=53""}, {""title"": ""DU小区退服"", ""location"": ""SubNetwork=5300,ManagedElement=2622259,GNBDUFunction=460-00_2622259,NRCellDU=13""}]}"
6d9d1f9b-c42c-44a5-ad3b-986f61b39bbb,"{""rootcause"": [{""title"": ""输入电源断"", ""location"": ""SubNetwork=5300,ManagedElement=2621944,Equipment=1,ReplaceableUnit=56""}]}"
6de39b73-b0e9-4346-be47-d37f5b029899,"{""rootcause"": [{""title"": ""射频单元CPRI接口异常告警"", ""location"": ""柜号:0; 框号:90; 槽号:0; 端口号:端口0; 端口号:NULL; 类型:MRRU; :CPRI接口异常""}]}"
6e2c4bef-2309-4ace-9c76-983bac0255a8,"{""rootcause"": [{""title"": ""单板处于初始化状态"", ""location"": ""SubNetwork=CMCC-GZ-01,ManagedElement=12587375,Equipment=1,ReplaceableUnit=B_1_3""}, {""title"": ""单板处于初始化状态"", ""location"": ""SubNetwork=CMCC-GZ-01,ManagedElement=12587375,Equipment=1,ReplaceableUnit=51""}]}"
7002339b-8846-40ad-a1be-8b837008e2aa,"{""rootcause"": [{""title"": ""BBU CPRI接口异常告警"", ""location"": ""柜号:0; 框号:0; 槽号:0; 端口号:2; 端口号:0; 类型:UBBP; :CPRI接口异常""}]}"
7083104c-f8f4-4ea3-843c-983dbc772a6f,"{""rootcause"": [{""title"": ""射频单元交流掉电告警"", ""location"": ""柜号:0; 框号:150; 槽号:0; 类型:AIRU""}]}"
70b84b0d-e9d5-4b40-b8dd-aef24ac338b3,"{""rootcause"": [{""title"": ""RRU链路断"", ""location"": ""SubNetwork=1003,ManagedElement=357992,Equipment=1,Rack=53,SubRack=1,Slot=1,PlugInUnit=1,SdrDeviceGroup=1""}, {""title"": ""湿度过低告警事件"", ""location"": ""北2位置B1无线CRAN1机房""}]}"
71efa523-4abd-4b3d-bf4f-c3979ce7fc76,"{""rootcause"": [{""title"": ""输入电源断"", ""location"": ""SubNetwork=1004,ManagedElement=1002002,Equipment=1,ReplaceableUnit=A_1""}, {""title"": ""输入电源断"", ""location"": ""SubNetwork=1004,ManagedElement=1002002,Equipment=1,ReplaceableUnit=A_2""}, {""title"": ""输入电源断"", ""location"": ""SubNetwork=1004,ManagedElement=1002002,Equipment=1,ReplaceableUnit=A_3""}]}"
7295c9de-1b69-4568-a410-6df0efb66b08,"{""rootcause"": [{""title"": ""输入电源断"", ""location"": ""SubNetwork=CMCC-GZ-02,ManagedElement=12716753,Equipment=1,ReplaceableUnit=51""}, {""title"": ""输入电源断"", ""location"": ""SubNetwork=CMCC-GZ-02,ManagedElement=12716753,Equipment=1,ReplaceableUnit=53""}, {""title"": ""输入电源断"", ""location"": ""SubNetwork=CMCC-GZ-02,ManagedElement=12716753,Equipment=1,ReplaceableUnit=52""}]}"
72c847d4-a857-4993-a7da-f524d3c5be91,"{""rootcause"": [{""title"": ""射频单元交流掉电告警"", ""location"": ""柜号:0; 框号:224; 槽号:0; 类型:MRRU""}]}"
72fe9757-f4a8-4e6f-8f23-504aeb6ee2f0,"{""rootcause"": [{""title"": ""射频单元CPRI接口异常告警"", ""location"": ""柜号:0; 框号:176; 槽号:0; 端口号:端口0; 端口号:NULL; 类型:MRRU; :CPRI接口异常""}]}"
736a5bad-3e29-44dd-a0eb-b201157882fd,"{""rootcause"": [{""title"": ""设备掉电"", ""location"": ""SubNetwork=1003,ManagedElement=88915,Equipment=1,Rack=61,SubRack=1,Slot=1,PlugInUnit=1,SdrDeviceGroup=1""}, {""title"": ""设备掉电"", ""location"": ""SubNetwork=1003,ManagedElement=88915,Equipment=1,Rack=63,SubRack=1,Slot=1,PlugInUnit=1,SdrDeviceGroup=1""}, {""title"": ""设备掉电"", ""location"": ""SubNetwork=1003,ManagedElement=88915,Equipment=1,Rack=62,SubRack=1,Slot=1,PlugInUnit=1,SdrDeviceGroup=1""}, {""title"": ""ETH_LOS"", ""location"": ""1-81EG8-3(PORT-3)-MAC:1""}]}"
73838035-ff73-4282-b82f-0efbe2a5183a,"{""rootcause"": [{""title"": ""ETH_LOS"", ""location"": ""1-D2EG2-1(PORT-1)-MAC:1""}, {""title"": ""网元连接中断"", ""location"": ""网元名称:西612HL; 网元IP地址:100.92.232.136; 网元IP地址(IP Mode):NULL; 端口:6007; 错误:N/A; 信息:端口时; 分:MediationService5710; OMC IP:10.224.27.35""}]}"
73c169ec-d1f0-42e0-81fb-31f07a6abca1,"{""rootcause"": [{""title"": ""设备掉电"", ""location"": ""SubNetwork=1003,ManagedElement=495367,Equipment=1,Rack=51,SubRack=1,Slot=1,PlugInUnit=1,SdrDeviceGroup=1""}, {""title"": ""设备掉电"", ""location"": ""SubNetwork=1003,ManagedElement=495367,Equipment=1,Rack=52,SubRack=1,Slot=1,PlugInUnit=1,SdrDeviceGroup=1""}, {""title"": ""设备掉电"", ""location"": ""SubNetwork=1003,ManagedElement=495367,Equipment=1,Rack=53,SubRack=1,Slot=1,PlugInUnit=1,SdrDeviceGroup=1""}]}"
73fae141-1ed5-44fe-9c9c-06381e01e4f7,"{""rootcause"": [{""title"": ""输入电源断"", ""location"": ""SubNetwork=1004,ManagedElement=1397971,Equipment=1,ReplaceableUnit=61""}, {""title"": ""输入电源断"", ""location"": ""SubNetwork=1004,ManagedElement=1397971,Equipment=1,ReplaceableUnit=62""}, {""title"": ""输入电源断"", ""location"": ""SubNetwork=1004,ManagedElement=1397971,Equipment=1,ReplaceableUnit=63""}]}"
74a6f1eb-a808-4e1f-ab52-4e1fa4da6e14,"{""rootcause"": [{""title"": ""BBU IR接口异常告警"", ""location"": ""柜号:0; 框号:0; 槽号:4; 端口号:1; 端口号:0; 类型:UBBP; :IR接口异常""}]}"
762fe81b-62c3-4ffe-af16-3858b0225388,"{""rootcause"": [{""title"": ""输入电源断"", ""location"": ""SubNetwork=1004,ManagedElement=1393660,Equipment=1,ReplaceableUnit=63""}, {""title"": ""输入电源断"", ""location"": ""SubNetwork=1004,ManagedElement=1393660,Equipment=1,ReplaceableUnit=62""}, {""title"": ""输入电源断"", ""location"": ""SubNetwork=1004,ManagedElement=1393660,Equipment=1,ReplaceableUnit=61""}]}"
763d6708-825e-4b8d-b812-2f8e95da181d,"{""rootcause"": [{""title"": ""RRU链路断"", ""location"": ""SubNetwork=1004,ManagedElement=1434949,Equipment=1,ReplaceableUnit=71""}, {""title"": ""DU小区退服"", ""location"": ""SubNetwork=1004,ManagedElement=1434949,GNBDUFunction=460-00_1434949,NRCellDU=13""}]}"
767c94f2-ed95-4967-a7e6-f0badda74572,"{""rootcause"": [{""title"": ""网元链路断"", ""location"": ""SubNetwork=5301,ManagedElement=296742""}, {""title"": ""网元链路断"", ""location"": ""SubNetwork=5306,ManagedElement=831361""}]}"
76b5e3ac-739b-467d-b87d-a86bcdc52ec8,"{""rootcause"": [{""title"": ""BBU CPRI接口异常告警"", ""location"": ""柜号:0; 框号:0; 槽号:4; 端口号:0; 端口号:0; 类型:UBBP; :""}]}"
776e95ea-48dd-4b17-b609-b8eb83c0cedd,"{""rootcause"": [{""title"": ""单板处于初始化状态"", ""location"": ""SubNetwork=5305,ManagedElement=2572842,Equipment=1,ReplaceableUnit=53""}]}"
777dfbc3-8003-4354-bce7-935d2253a0ed,"{""rootcause"": [{""title"": ""设备掉电"", ""location"": ""SubNetwork=5304,ManagedElement=801897,Equipment=1,Rack=54,SubRack=1,Slot=1,PlugInUnit=1,SdrDeviceGroup=1""}]}"
7789d7a5-fa96-4fc9-9727-e26ee40ca45d,"{""rootcause"": [{""title"": ""射频单元驻波告警"", ""location"": ""柜号:0; 框号:212; 槽号:0; :0; 类型:MRRU; 告警(0.1):18; (0.1):18; 输出(0.1dBm):388; 端口:NULL""}, {""title"": ""射频单元驻波告警"", ""location"": ""柜号:0; 框号:212; 槽号:0; :0; 类型:MRRU; 告警(0.1):18; (0.1):18; 输出(0.1dBm):385; 端口:NULL""}]}"
7830e3c2-3c7a-4cfb-bbd1-eb2585e3bd0b,"{""rootcause"": [{""title"": ""射频单元驻波告警"", ""location"": ""柜号:0; 框号:237; 槽号:0; :0; 类型:MRRU; 告警(0.1):18; (0.1):71; 输出(0.1dBm):374; 端口:NULL""}, {""title"": ""射频单元驻波告警"", ""location"": ""柜号:0; 框号:231; 槽号:0; :0; 类型:MRRU; 告警(0.1):18; (0.1):130; 输出(0.1dBm):388; 端口:NULL""}]}"
783fee55-922c-4b37-8474-49bba88f0d0e,"{""rootcause"": [{""title"": ""PB-pRRU链路误码率高"", ""location"": ""sbn=0,NodeMe=394588,Equipment=1,rack=3,shelf=1,board=1""}]}"
79fa04bb-cdfe-46e5-8c39-d4482f9e9659,"{""rootcause"": [{""title"": ""网元连接中断"", ""location"": ""网元名称:HL-D3900459159TF; 网元IP地址:100.92.9.238; 网元IP地址(IP Mode):NULL; 端口:6007; 错误:N/A; 信息:端口时; 分:MediationService0906; OMC IP:10.154.18.17""}, {""title"": ""[衍生告警]PTN光缆中断，单报LOS"", ""location"": ""R8EGF[0-1-2]-GE\\:5""}]}"
7ab09a23-c5b2-467b-ae1f-d40cdde3d820,"{""rootcause"": [{""title"": ""射频单元直流掉电告警"", ""location"": ""柜号:0; 框号:151; 槽号:0; 类型:AIRU""}, {""title"": ""射频单元直流掉电告警"", ""location"": ""柜号:0; 框号:150; 槽号:0; 类型:AIRU""}, {""title"": ""射频单元直流掉电告警"", ""location"": ""柜号:0; 框号:152; 槽号:0; 类型:AIRU""}]}"
7b143398-ccaa-4faa-b429-2873fd0b11d7,"{""rootcause"": [{""title"": ""设备掉电"", ""location"": ""SubNetwork=5307,ManagedElement=373807,Equipment=1,Rack=53,SubRack=1,Slot=1,PlugInUnit=1,SdrDeviceGroup=1""}, {""title"": ""设备掉电"", ""location"": ""SubNetwork=5307,ManagedElement=373807,Equipment=1,Rack=54,SubRack=1,Slot=1,PlugInUnit=1,SdrDeviceGroup=1""}]}"
7b1b39e5-954a-418c-9ed7-03285444ea24,"{""rootcause"": [{""title"": ""[衍生告警]设备商甲4G基站退服"", ""location"": "":南;\n名称:;\n告警:[告警]4G;\n告警:；2\n告警时间:2025-12-24 10:17:48;""}, {""title"": ""[衍生告警]设备商甲4G小区退服"", ""location"": ""{\""alarmSeq\"":30925129,\""alarmTitle\"":\""网元告警\"",\""alarmStatus\"":1,\""alarmType\"":\""communicationsAlarm\"",\""origSeverity\"":1,\""eventTime\"":\""2025-12-24 10:17:48\"",\""alarmId\"":\""1752773627696\"",\""specificProblemID\"":\""198099803\"",\""specificProblem\"":\""网元OMM服务器链路。\"",\""neUID\"":\""4301ZTWX0ENB1VYWREE5B\"",\""neName\"":\""ZF-B8200532639PT\"",\""neType\"":\""ENB\"",\""objectUID\"":\""4301ZTWX0ENB1VYWREE5B\"",\""objectName\"":\""ZF-B8200532639PT\"",\""objectType\"":\""EnbFunction\"",\""locationInfo\"":\""sbn=0,NodeMe=532639\"",\""addInfo\"":\""Radio:LTE FDD,NB-IoT;Aid:0;Cause:566;OfficeId:532639;OfficeName:ZF-B8200532639PT;DeviceType:SDR;DeviceId:532639;DeviceName:ZF-B8200532639PT;BoardType:;Remark:IP\\\\: 10.124.43.45\\\\; L eNBId\\\\:532639,N eNBId\\\\:524306;deployment:NSA\"",\""rNeUID\"":\""\"",\""rNeName\"":\""\"",\""rNeType\"":\""\""}\n告警：""}]}"
7b56b02c-061a-443f-8977-17ad3f65f9cf,"{""rootcause"": [{""title"": ""光模块不可用"", ""location"": ""SubNetwork=1003,ManagedElement=495535,Equipment=1,Rack=1,SubRack=1,Slot=9,PlugInUnit=1,SdrDeviceGroup=1,FiberDeviceSet=1,FiberDevice=2""}, {""title"": ""LTE小区退出服务"", ""location"": ""SubNetwork=1003,ManagedElement=495535,ENBFunctionTDD=495535,EUtranCellTDD=133""}, {""title"": ""LTE小区退出服务"", ""location"": ""SubNetwork=1003,ManagedElement=495535,ENBFunctionTDD=495535,EUtranCellTDD=136""}, {""title"": ""RRU链路断"", ""location"": ""SubNetwork=1003,ManagedElement=495535,Equipment=1,Rack=53,SubRack=1,Slot=1,PlugInUnit=1,SdrDeviceGroup=1""}]}"
7c6302fc-1882-49b5-8228-10eec8616806,"{""rootcause"": [{""title"": ""设备掉电"", ""location"": ""SubNetwork=1003,ManagedElement=70955,Equipment=1,Rack=72,SubRack=1,Slot=1,PlugInUnit=1,SdrDeviceGroup=1""}, {""title"": ""设备掉电"", ""location"": ""SubNetwork=1003,ManagedElement=70955,Equipment=1,Rack=71,SubRack=1,Slot=1,PlugInUnit=1,SdrDeviceGroup=1""}]}"
7d2af5bb-4ebd-4311-9f80-f0bcebefd515,"{""rootcause"": [{""title"": ""网元连接中断"", ""location"": ""网元名称:西HLG; 网元IP地址:10.151.220.18; 网元IP地址(IP Mode):NULL; 端口:6007; 错误:N/A; 信息:端口时; 分:MediationService5310; OMC IP:10.224.27.31""}, {""title"": ""网元连接中断"", ""location"": ""网元名称:5G西1H; 网元IP地址:10.179.112.62; 网元IP地址(IP Mode):NULL; 端口:6007; 错误:N/A; 信息:端口时; 分:MediationService5410; OMC IP:10.224.27.32""}]}"
7d4bf24c-7908-4e35-80a0-2988591fc22f,"{""rootcause"": [{""title"": ""射频单元直流掉电告警"", ""location"": ""柜号:0; 框号:152; 槽号:0; 类型:AIRU""}]}"
7dc94e92-e338-41d6-adab-7f51fa92e3cc,"{""rootcause"": [{""title"": ""射频单元驻波告警"", ""location"": ""柜号:0; 框号:64; 槽号:0; :1; 类型:MRRU; 告警(0.1):20; (0.1):20; 输出(0.1dBm):344; 端口:NULL""}]}"
7dda77fa-54a2-4692-8540-e366c427392d,"{""rootcause"": [{""title"": ""射频单元CPRI接口异常告警"", ""location"": ""柜号:0; 框号:201; 槽号:0; 端口号:端口1; 端口号:0; 类型:AIRU; :MAC""}, {""title"": ""射频单元CPRI接口异常告警"", ""location"": ""柜号:0; 框号:201; 槽号:0; 端口号:端口1; 端口号:0; 类型:AIRU; :链路故障""}]}"
7e5139cf-656e-4072-8397-b284f70837e0,"{""rootcause"": [{""title"": ""射频单元驻波告警"", ""location"": ""柜号:0; 框号:207; 槽号:0; :0; 类型:MRRU; 告警(0.1):18; (0.1):18; 输出(0.1dBm):351; 端口:NULL""}]}"
7e5791ac-4cfa-4718-b1ce-d56cb6fb3137,"{""rootcause"": [{""title"": ""射频单元IR接口异常告警"", ""location"": ""柜号:0; 框号:200; 槽号:0; 端口号:端口0; 类型:MRRU; :IR接口异常""}]}"
7e7120ae-b806-42a4-abfc-a58d5652b331,"{""rootcause"": [{""title"": ""输入电源断"", ""location"": ""SubNetwork=CMCC-GZ-03,ManagedElement=12653891,Equipment=1,ReplaceableUnit=57""}, {""title"": ""输入电源断"", ""location"": ""SubNetwork=CMCC-GZ-03,ManagedElement=12653891,Equipment=1,ReplaceableUnit=59""}, {""title"": ""输入电源断"", ""location"": ""SubNetwork=CMCC-GZ-03,ManagedElement=12653891,Equipment=1,ReplaceableUnit=56""}, {""title"": ""输入电源断"", ""location"": ""SubNetwork=CMCC-GZ-03,ManagedElement=12653891,Equipment=1,ReplaceableUnit=53""}, {""title"": ""输入电源断"", ""location"": ""SubNetwork=CMCC-GZ-03,ManagedElement=12653891,Equipment=1,ReplaceableUnit=52""}]}"
7ea3a710-5b42-49c2-ad44-c440220ee8ed,"{""rootcause"": [{""title"": ""射频单元直流掉电告警"", ""location"": ""柜号:0; 框号:151; 槽号:0; 类型:AIRU""}]}"
7f43b995-0f0f-4fa5-ad3b-6f196f7434dc,"{""rootcause"": [{""title"": ""单板处于初始化状态"", ""location"": ""SubNetwork=1004,ManagedElement=1399007,Equipment=1,ReplaceableUnit=VBP_1_3""}]}"
7ff7b849-4d76-4f9c-9861-dd835a9ca588,"{""rootcause"": [{""title"": ""单板时钟输入异常告警"", ""location"": ""柜号:0; 框号:0; 槽号:5; 类型:USCU""}]}"
8014ca6e-48d6-4fc0-a827-240d579ebe65,"{""rootcause"": [{""title"": ""输入电源断"", ""location"": ""SubNetwork=5300,ManagedElement=2622236,Equipment=1,ReplaceableUnit=57""}]}"
808e05f4-3151-4437-9845-4994bc189ed0,"{""rootcause"": [{""title"": ""射频单元IR接口异常告警"", ""location"": ""柜号:0; 框号:225; 槽号:0; 端口号:端口1; 类型:MRRU; :IR接口异常""}, {""title"": ""射频单元IR接口异常告警"", ""location"": ""柜号:0; 框号:225; 槽号:0; 端口号:端口1; 类型:MRRU; :IR接口异常""}]}"
80bab998-48f6-4c24-b989-9a6643ae4ef3,"{""rootcause"": [{""title"": ""RHUB与pRRU间链路异常告警"", ""location"": ""柜号:0; 框号:80; 槽号:0; 端口:1; 类型:RHUB; :传输异常""}, {""title"": ""ETH_LOS"", ""location"": ""2-TPA3EG24-22(DH--369)-MAC:1""}]}"
80c48dda-707b-49c8-9ff0-f30be0df5dbd,"{""rootcause"": [{""title"": ""天馈驻波比异常"", ""location"": ""SubNetwork=0,ManagedElement=3671641,Equipment=1,ReplaceableUnit=59,RfPort=ANT4""}, {""title"": ""天馈驻波比异常"", ""location"": ""SubNetwork=0,ManagedElement=3671641,Equipment=1,ReplaceableUnit=59,RfPort=ANT2""}]}"
80e30814-8597-4818-ac4f-e078866c15b3,"{""rootcause"": [{""title"": ""输入电源断"", ""location"": ""SubNetwork=1004,ManagedElement=1420823,Equipment=1,ReplaceableUnit=76""}, {""title"": ""输入电源断"", ""location"": ""SubNetwork=1004,ManagedElement=1420823,Equipment=1,ReplaceableUnit=75""}, {""title"": ""输入电源断"", ""location"": ""SubNetwork=1004,ManagedElement=1420823,Equipment=1,ReplaceableUnit=74""}]}"
8106c960-6510-43b1-af25-b3c91388c598,"{""rootcause"": [{""title"": ""射频单元驻波告警"", ""location"": ""柜号:0; 框号:230; 槽号:0; :0; 类型:MRRU; 告警(0.1):18; (0.1):20; 输出(0.1dBm):335; 端口:NULL""}, {""title"": ""射频单元驻波告警"", ""location"": ""柜号:0; 框号:230; 槽号:0; :0; 类型:MRRU; 告警(0.1):18; (0.1):20; 输出(0.1dBm):355; 端口:NULL""}, {""title"": ""射频单元IR接口异常告警"", ""location"": ""柜号:0; 框号:224; 槽号:0; 端口号:端口1; 类型:MRRU; :IR接口异常""}, {""title"": ""射频单元IR接口异常告警"", ""location"": ""柜号:0; 框号:230; 槽号:0; 端口号:端口1; 类型:MRRU; :IR接口异常""}, {""title"": ""射频单元IR接口异常告警"", ""location"": ""柜号:0; 框号:224; 槽号:0; 端口号:端口1; 类型:MRRU; :IR接口异常""}]}"
81e47a27-a3f2-41ee-863e-36a27b36e510,"{""rootcause"": [{""title"": ""光口链路故障"", ""location"": ""SubNetwork=5305,ManagedElement=2572842,Equipment=1,ReplaceableUnit=VBP_1_8,RiPort=OF3""}, {""title"": ""光口链路故障"", ""location"": ""SubNetwork=5305,ManagedElement=2572842,Equipment=1,ReplaceableUnit=53,RiPort=OPT1""}, {""title"": ""RRU链路断"", ""location"": ""SubNetwork=5305,ManagedElement=2572842,Equipment=1,ReplaceableUnit=53""}]}"
81f0a4c5-9ed2-499d-9843-9769a8254a61,"{""rootcause"": [{""title"": ""射频单元业务不可用告警"", ""location"": ""eNodeB名称:5-HFM; 本地:195; :FDD; 柜号:0; 框号:180; 槽号:0; NB-IoT:FALSE; eNodeB分:NULL; 名称:5-HFM-FD-195; eNodeB:952885; :195; :电源异常""}]}"
823ec864-1412-462d-84f7-1faa6e67e86c,"{""rootcause"": [{""title"": ""射频单元直流掉电告警"", ""location"": ""柜号:0; 框号:62; 槽号:0; 类型:MRRU""}, {""title"": ""射频单元直流掉电告警"", ""location"": ""柜号:0; 框号:68; 槽号:0; 类型:MRRU""}]}"
82f3997a-668c-4663-9dd6-a0a298f14d00,"{""rootcause"": [{""title"": ""射频单元IR接口异常告警"", ""location"": ""柜号:0; 框号:202; 槽号:0; 端口号:端口1; 类型:MRRU; :IR接口异常""}, {""title"": ""射频单元IR接口异常告警"", ""location"": ""柜号:0; 框号:202; 槽号:0; 端口号:端口1; 类型:MRRU; :IR接口异常""}]}"
832712dd-5466-4fd9-a57e-06f21712e123,"{""rootcause"": [{""title"": ""RRU链路断"", ""location"": ""sbn=2,NodeMe=474890,Equipment=1,rack=76,shelf=1,board=1""}]}"
83e85005-33ed-4dc9-8d3f-228cf0449930,"{""rootcause"": [{""title"": ""网元连接中断"", ""location"": ""网元名称:HL-D3900472847TF; 网元IP地址:100.92.9.250; 网元IP地址(IP Mode):NULL; 端口:6007; 错误:N/A; 信息:端口时; 分:MediationService1006; OMC IP:10.154.18.18""}, {""title"": ""[衍生告警]设备商乙4G基站退服"", ""location"": "":南;\n名称:;\n告警:[告警]4G;\n告警:；2\n告警时间:2025-12-24 19:18:28;""}]}"
84d4215d-f2ff-489b-b814-39d4e60eb783,"{""rootcause"": [{""title"": ""射频单元CPRI接口异常告警"", ""location"": ""柜号:0; 框号:202; 槽号:0; 端口号:端口0; 端口号:NULL; 类型:MRRU; :CPRI接口异常""}]}"
857d35ea-c877-4dc5-a4cd-e6ffe001e5a7,"{""rootcause"": [{""title"": ""射频单元CPRI接口异常告警"", ""location"": ""柜号:0; 框号:93; 槽号:0; 端口号:端口0; 端口号:NULL; 类型:MRRU; :""}]}"
85f9b683-713b-43e0-9f8d-1c21d7525ca0,"{""rootcause"": [{""title"": ""射频单元交流掉电告警"", ""location"": ""柜号:0; 框号:152; 槽号:0; 类型:MRRU""}, {""title"": ""射频单元交流掉电告警"", ""location"": ""柜号:0; 框号:150; 槽号:0; 类型:MRRU""}, {""title"": ""射频单元交流掉电告警"", ""location"": ""柜号:0; 框号:202; 槽号:0; 类型:MRRU""}, {""title"": ""射频单元交流掉电告警"", ""location"": ""柜号:0; 框号:153; 槽号:0; 类型:MRRU""}, {""title"": ""射频单元交流掉电告警"", ""location"": ""柜号:0; 框号:201; 槽号:0; 类型:MRRU""}]}"
861f8d83-388f-485f-982d-ed3f28ff0bcb,"{""rootcause"": [{""title"": ""射频单元IR接口异常告警"", ""location"": ""柜号:0; 框号:60; 槽号:0; 端口号:端口1; 类型:MRRU; :IR接口异常""}, {""title"": ""射频单元IR接口异常告警"", ""location"": ""柜号:0; 框号:60; 槽号:0; 端口号:端口1; 类型:MRRU; :IR接口异常""}]}"
87422129-7471-437b-bdfb-366f8b7dc4a2,"{""rootcause"": [{""title"": ""RRU链路断"", ""location"": ""SubNetwork=1004,ManagedElement=1402823,Equipment=1,ReplaceableUnit=131""}, {""title"": ""DU小区退服"", ""location"": ""SubNetwork=1004,ManagedElement=1402823,GNBDUFunction=460-00_1402823,NRCellDU=41""}]}"
875121ce-2945-40db-b876-d93fbc10bda4,"{""rootcause"": [{""title"": ""设备掉电"", ""location"": ""SubNetwork=1003,ManagedElement=354066,Equipment=1,Rack=62,SubRack=1,Slot=1,PlugInUnit=1,SdrDeviceGroup=1""}, {""title"": ""设备掉电"", ""location"": ""SubNetwork=1003,ManagedElement=354066,Equipment=1,Rack=61,SubRack=1,Slot=1,PlugInUnit=1,SdrDeviceGroup=1""}, {""title"": ""设备掉电"", ""location"": ""SubNetwork=1003,ManagedElement=354066,Equipment=1,Rack=63,SubRack=1,Slot=1,PlugInUnit=1,SdrDeviceGroup=1""}]}"
876e190a-0dd7-4b53-a23d-9c6635e283aa,"{""rootcause"": [{""title"": ""射频单元驻波告警"", ""location"": ""柜号:0; 框号:174; 槽号:0; :0; 类型:MRRU; 告警(0.1):18; (0.1):18; 输出(0.1dBm):372; 端口:NULL""}]}"
87cd827d-9164-4f58-a93e-dae6654b05a5,"{""rootcause"": [{""title"": ""天馈驻波比异常"", ""location"": ""SubNetwork=0,ManagedElement=3672804,Equipment=1,ReplaceableUnit=54,RfPort=ANT3""}, {""title"": ""天馈驻波比异常"", ""location"": ""SubNetwork=0,ManagedElement=3672804,Equipment=1,ReplaceableUnit=63,RfPort=ANT4""}]}"
890468b3-52db-42bb-b928-3484d797d51d,"{""rootcause"": [{""title"": ""输入电源断"", ""location"": ""SubNetwork=CMCC-GZ-03,ManagedElement=12584406,Equipment=1,ReplaceableUnit=A_3""}, {""title"": ""输入电源断"", ""location"": ""SubNetwork=CMCC-GZ-03,ManagedElement=12584406,Equipment=1,ReplaceableUnit=A_2""}, {""title"": ""输入电源断"", ""location"": ""SubNetwork=CMCC-GZ-03,ManagedElement=12584406,Equipment=1,ReplaceableUnit=A_1""}]}"
8a2eca9e-2e8b-410c-823d-5745cd4a9f88,"{""rootcause"": [{""title"": ""光口接收链路故障"", ""location"": ""SubNetwork=1003,ManagedElement=78839,Equipment=1,Rack=51,SubRack=1,Slot=1,PlugInUnit=1,SdrDeviceGroup=1,FiberDeviceSet=1,FiberDevice=1""}]}"
8af50732-cb04-4d4c-af7e-042b2f480f6d,"{""rootcause"": [{""title"": ""射频单元业务不可用告警"", ""location"": ""eNodeB名称:E4HL-D390054071TF; 本地:131; :TDD; 柜号:0; 框号:83; 槽号:0; NB-IoT:FALSE; eNodeB分:NULL; 名称:E4HL-D390054071TF-131; eNodeB:54071; :131; :CPRI""}]}"
8b4266aa-8718-485d-825c-a6635e291d4e,"{""rootcause"": [{""title"": ""设备掉电"", ""location"": ""SubNetwork=15,ManagedElement=446389,Equipment=1,Rack=59,SubRack=1,Slot=1,PlugInUnit=1,SdrDeviceGroup=1""}, {""title"": ""设备掉电"", ""location"": ""SubNetwork=15,ManagedElement=446389,Equipment=1,Rack=53,SubRack=1,Slot=1,PlugInUnit=1,SdrDeviceGroup=1""}, {""title"": ""设备掉电"", ""location"": ""SubNetwork=15,ManagedElement=446389,Equipment=1,Rack=51,SubRack=1,Slot=1,PlugInUnit=1,SdrDeviceGroup=1""}, {""title"": ""设备掉电"", ""location"": ""SubNetwork=15,ManagedElement=446389,Equipment=1,Rack=54,SubRack=1,Slot=1,PlugInUnit=1,SdrDeviceGroup=1""}, {""title"": ""设备掉电"", ""location"": ""SubNetwork=15,ManagedElement=446389,Equipment=1,Rack=55,SubRack=1,Slot=1,PlugInUnit=1,SdrDeviceGroup=1""}]}"
8b6e841a-d9e6-4b0d-ad7d-935807539c7e,"{""rootcause"": [{""title"": ""光口接收链路故障"", ""location"": ""SubNetwork=7,ManagedElement=173401,Equipment=1,Rack=1,SubRack=1,Slot=8,PlugInUnit=1,SdrDeviceGroup=1,FiberDeviceSet=1,FiberDevice=0""}, {""title"": ""RRU链路断"", ""location"": ""SubNetwork=7,ManagedElement=173401,Equipment=1,Rack=54,SubRack=1,Slot=1,PlugInUnit=1,SdrDeviceGroup=1""}]}"
8babcf59-5140-4141-b760-224589e60521,"{""rootcause"": [{""title"": ""RRU链路断"", ""location"": ""SubNetwork=1004,ManagedElement=1390922,Equipment=1,ReplaceableUnit=64""}, {""title"": ""RRU链路断"", ""location"": ""SubNetwork=1004,ManagedElement=1390922,Equipment=1,ReplaceableUnit=66""}]}"
8be7d46e-70d6-414a-8ecf-a6137bf30ab5,"{""rootcause"": [{""title"": ""射频单元交流掉电告警"", ""location"": ""柜号:0; 框号:207; 槽号:0; 类型:MRRU""}, {""title"": ""射频单元交流掉电告警"", ""location"": ""柜号:0; 框号:206; 槽号:0; 类型:MRRU""}, {""title"": ""射频单元交流掉电告警"", ""location"": ""柜号:0; 框号:200; 槽号:0; 类型:MRRU""}, {""title"": ""射频单元交流掉电告警"", ""location"": ""柜号:0; 框号:201; 槽号:0; 类型:MRRU""}]}"
8c3acad4-a39c-4b06-958b-35181f21f89c,"{""rootcause"": [{""title"": ""输入电源断"", ""location"": ""SubNetwork=1004,ManagedElement=1404656,Equipment=1,ReplaceableUnit=74""}, {""title"": ""输入电源断"", ""location"": ""SubNetwork=1004,ManagedElement=1404656,Equipment=1,ReplaceableUnit=75""}]}"
8c62df71-6a6d-4805-93ee-256bc1e951b2,"{""rootcause"": [{""title"": ""设备掉电"", ""location"": ""sbn=0,NodeMe=474868,Equipment=1,rack=51,shelf=1,board=1""}]}"
8cf5d57e-d250-45f4-a282-33e44f9d7472,"{""rootcause"": [{""title"": ""NR小区不可用告警"", ""location"": ""gNodeB名称:5G1H; NR:3; NR名称:5G1H26GG-3; gNodeB:1392248; :3; :NRCELLNRDUCELL故障""}, {""title"": ""RRC用户超出限制告警"", ""location"": ""gNodeB名称:5G1H; :65535; :104; :RRC用户License (NR); :License""}]}"
8d3c1a17-4451-46dd-bf3c-7f84a64ebac4,"{""rootcause"": [{""title"": ""射频单元CPRI接口异常告警"", ""location"": ""柜号:0; 框号:175; 槽号:0; 端口号:端口1; 端口号:NULL; 类型:MRRU; :""}]}"
8dac662e-5ffc-469b-ada5-8e0449b5c502,"{""rootcause"": [{""title"": ""射频单元业务不可用告警"", ""location"": ""eNodeB名称:西东3-HFM; 本地:194; :FDD; 柜号:0; 框号:158; 槽号:0; NB-IoT:FALSE; eNodeB分:NULL; 名称:西东3-HFM-FD-194; eNodeB:101478; :194; :异常""}, {""title"": ""射频单元交流掉电告警"", ""location"": ""柜号:0; 框号:152; 槽号:0; 类型:MRRU""}, {""title"": ""射频单元业务不可用告警"", ""location"": ""eNodeB名称:西东3-HFM; 本地:194; :FDD; 柜号:0; 框号:152; 槽号:0; NB-IoT:FALSE; eNodeB分:NULL; 名称:西东3-HFM-FD-194; eNodeB:101478; :194; :电源异常""}, {""title"": ""BBU CPRI接口异常告警"", ""location"": ""柜号:0; 框号:0; 槽号:0; 端口号:2; 端口号:0; 类型:UBBP; :""}]}"
8df78ab7-ca49-44f4-9fc2-1427cf850964,"{""rootcause"": [{""title"": ""网元连接中断"", ""location"": ""网元名称:1595HL-D3900461366PT; 网元IP地址:100.92.10.245; 网元IP地址(IP Mode):NULL; 端口:6007; 错误:N/A; 信息:端口时; 分:MediationService0605; OMC IP:10.154.18.14""}]}"
8e51a7bf-7819-4c8e-87fb-17b5aa1e0f39,"{""rootcause"": [{""title"": ""射频单元交流掉电告警"", ""location"": ""柜号:0; 框号:150; 槽号:0; 类型:MRRU""}, {""title"": ""射频单元交流掉电告警"", ""location"": ""柜号:0; 框号:151; 槽号:0; 类型:MRRU""}]}"
8e9801e5-40d3-4a77-963f-9dc0ee6569e3,"{""rootcause"": [{""title"": ""射频单元IR接口异常告警"", ""location"": ""柜号:0; 框号:225; 槽号:0; 端口号:端口1; 类型:MRRU; :""}]}"
8f410d14-ff38-42a8-8ce6-bf893ce46037,"{""rootcause"": [{""title"": ""网元连接中断"", ""location"": ""网元名称:121-H5W; 网元IP地址:10.252.11.42; 网元IP地址(IP Mode):NULL; 端口:6007; 错误:N/A; 信息:端口时; 分:MediationService5311; OMC IP:10.224.27.31""}]}"
8f422668-5672-4295-a47c-53b1ae121158,"{""rootcause"": [{""title"": ""输入电源断"", ""location"": ""SubNetwork=5300,ManagedElement=2622727,Equipment=1,ReplaceableUnit=54""}, {""title"": ""输入电源断"", ""location"": ""SubNetwork=5300,ManagedElement=2591785,Equipment=1,ReplaceableUnit=54""}, {""title"": ""输入电源断"", ""location"": ""SubNetwork=5300,ManagedElement=2591785,Equipment=1,ReplaceableUnit=56""}, {""title"": ""输入电源断"", ""location"": ""SubNetwork=5300,ManagedElement=2591785,Equipment=1,ReplaceableUnit=55""}, {""title"": ""DU小区退服"", ""location"": ""SubNetwork=5300,ManagedElement=2622727,GNBDUFunction=460-00_2622727,NRCellDU=14""}]}"
8f73e1cf-c334-4f3b-aa08-78d25a9722f5,"{""rootcause"": [{""title"": ""RRU链路断"", ""location"": ""SubNetwork=CMCC-GZ-03,ManagedElement=12655788,Equipment=1,ReplaceableUnit=A_5""}, {""title"": ""光模块接收光功率异常"", ""location"": ""SubNetwork=CMCC-GZ-03,ManagedElement=12655788,Equipment=1,ReplaceableUnit=VBP_1_6,RiPort=OF2""}]}"
903321c1-e049-4230-924b-3dd8ed583a3a,"{""rootcause"": [{""title"": ""设备掉电"", ""location"": ""SubNetwork=5300,ManagedElement=595652,Equipment=1,Rack=54,SubRack=1,Slot=1,PlugInUnit=1,SdrDeviceGroup=1""}, {""title"": ""设备掉电"", ""location"": ""SubNetwork=5300,ManagedElement=595652,Equipment=1,Rack=55,SubRack=1,Slot=1,PlugInUnit=1,SdrDeviceGroup=1""}]}"
90943a84-8068-4515-941a-36140d7e3e64,"{""rootcause"": [{""title"": ""射频单元驻波告警"", ""location"": ""柜号:0; 框号:61; 槽号:0; :1; 类型:MRRU; 告警(0.1):18; (0.1):250; 输出(0.1dBm):311; 端口:NULL""}]}"
91ff0556-3e3e-45c9-90ad-93e5fa61e2e3,"{""rootcause"": [{""title"": ""设备掉电"", ""location"": ""SubNetwork=1003,ManagedElement=88915,Equipment=1,Rack=61,SubRack=1,Slot=1,PlugInUnit=1,SdrDeviceGroup=1""}, {""title"": ""设备掉电"", ""location"": ""SubNetwork=1003,ManagedElement=88915,Equipment=1,Rack=62,SubRack=1,Slot=1,PlugInUnit=1,SdrDeviceGroup=1""}, {""title"": ""设备掉电"", ""location"": ""SubNetwork=1003,ManagedElement=88915,Equipment=1,Rack=63,SubRack=1,Slot=1,PlugInUnit=1,SdrDeviceGroup=1""}]}"
92627c19-0ecd-4223-8905-eb0702ea898c,"{""rootcause"": [{""title"": ""射频单元驻波告警"", ""location"": ""柜号:0; 框号:225; 槽号:0; :0; 类型:MRRU; 告警(0.1):30; (0.1):231; 输出(0.1dBm):365; 端口:NULL""}]}"
9297ceb5-87f1-404c-ba5c-0d0a7adc8c52,"{""rootcause"": [{""title"": ""射频单元直流掉电告警"", ""location"": ""柜号:0; 框号:174; 槽号:0; 类型:AIRU""}, {""title"": ""射频单元直流掉电告警"", ""location"": ""柜号:0; 框号:175; 槽号:0; 类型:AIRU""}, {""title"": ""射频单元直流掉电告警"", ""location"": ""柜号:0; 框号:176; 槽号:0; 类型:AIRU""}, {""title"": ""射频单元直流掉电告警"", ""location"": ""柜号:0; 框号:151; 槽号:0; 类型:AIRU""}, {""title"": ""射频单元直流掉电告警"", ""location"": ""柜号:0; 框号:152; 槽号:0; 类型:AIRU""}]}"
92a92614-cf76-453c-8c12-5ae46e06e3e1,"{""rootcause"": [{""title"": ""网元连接中断"", ""location"": ""网元名称:5G东南1H; 网元IP地址:10.153.158.150; 网元IP地址(IP Mode):NULL; 端口:6007; 错误:N/A; 信息:端口时; 分:MediationService5710; OMC IP:10.224.27.35""}]}"
93d405dc-6274-4bac-8830-a5b647569c3e,"{""rootcause"": [{""title"": ""网元连接中断"", ""location"": ""网元名称:5G1H; 网元IP地址:10.178.9.106; 网元IP地址(IP Mode):NULL; 端口:6007; 错误:N/A; 信息:状态异常; 分:MediationService5409; OMC IP:10.224.27.32""}]}"
93e5e4b2-705c-4f22-b4d9-f90b1bae9900,"{""rootcause"": [{""title"": ""DU小区退服"", ""location"": ""SubNetwork=5300,ManagedElement=2621542,GNBDUFunction=460-00_2621542,NRCellDU=16""}, {""title"": ""DU小区退服"", ""location"": ""SubNetwork=5300,ManagedElement=2621542,GNBDUFunction=460-00_2621542,NRCellDU=14""}]}"
9448ddd7-f090-40c2-a05f-f75575c91245,"{""rootcause"": [{""title"": ""射频单元交流掉电告警"", ""location"": ""柜号:0; 框号:202; 槽号:0; 类型:MRRU""}]}"
947bec57-c9f8-47ad-aa45-37cb9be6c798,"{""rootcause"": [{""title"": ""RRU链路断"", ""location"": ""SubNetwork=5307,ManagedElement=802539,Equipment=1,Rack=51,SubRack=1,Slot=1,PlugInUnit=1,SdrDeviceGroup=1""}]}"
949caecf-d9b2-45f3-8a90-dd2085bbfcec,"{""rootcause"": [{""title"": ""RRU链路断"", ""location"": ""SubNetwork=1003,ManagedElement=55381,Equipment=1,Rack=65,SubRack=1,Slot=1,PlugInUnit=1,SdrDeviceGroup=1""}]}"
94e0dcac-a49d-47ac-ac89-fbeee49debf7,"{""rootcause"": [{""title"": ""RRU链路断"", ""location"": ""SubNetwork=1003,ManagedElement=17008,Equipment=1,Rack=61,SubRack=1,Slot=1,PlugInUnit=1,SdrDeviceGroup=1""}]}"
955d7281-d616-42b9-b7ab-03607ab08371,"{""rootcause"": [{""title"": ""输入电源断"", ""location"": ""SubNetwork=1004,ManagedElement=1413538,Equipment=1,ReplaceableUnit=62""}, {""title"": ""输入电源断"", ""location"": ""SubNetwork=1004,ManagedElement=1413538,Equipment=1,ReplaceableUnit=63""}, {""title"": ""输入电源断"", ""location"": ""SubNetwork=1004,ManagedElement=1413538,Equipment=1,ReplaceableUnit=61""}, {""title"": ""DU小区退服"", ""location"": ""SubNetwork=1004,ManagedElement=1413538,GNBDUFunction=460-00_1413538,NRCellDU=3""}, {""title"": ""DU小区退服"", ""location"": ""SubNetwork=1004,ManagedElement=1413538,GNBDUFunction=460-00_1413538,NRCellDU=4""}]}"
959cb699-ad52-46bd-8562-cfa46d74928f,"{""rootcause"": [{""title"": ""RRU链路断"", ""location"": ""sbn=0,NodeMe=394087,Equipment=1,rack=83,shelf=1,board=1""}]}"
9607755d-b0d0-4ec0-b43f-c511de04f59f,"{""rootcause"": [{""title"": ""RRU链路断"", ""location"": ""SubNetwork=CMCC-GZ-03,ManagedElement=12714441,Equipment=1,ReplaceableUnit=53""}]}"
96770f68-d78d-4a2a-8b73-43f95ffa3129,"{""rootcause"": [{""title"": ""设备掉电"", ""location"": ""SubNetwork=5308,ManagedElement=706937,Equipment=1,Rack=52,SubRack=1,Slot=1,PlugInUnit=1,SdrDeviceGroup=1""}, {""title"": ""LTE小区退出服务"", ""location"": ""SubNetwork=5308,ManagedElement=706937,ENBFunctionFDD=706937,EUtranCellFDD=65""}]}"
9738b42a-7360-4763-8895-0e84599b4d60,"{""rootcause"": [{""title"": ""射频单元CPRI接口异常告警"", ""location"": ""柜号:0; 框号:152; 槽号:0; 端口号:端口1; 端口号:0; 类型:AIRU; :""}, {""title"": ""射频单元CPRI接口异常告警"", ""location"": ""柜号:0; 框号:152; 槽号:0; 端口号:端口0; 端口号:0; 类型:AIRU; :链路故障""}, {""title"": ""射频单元直流掉电告警"", ""location"": ""柜号:0; 框号:152; 槽号:0; 类型:AIRU""}, {""title"": ""BBU CPRI接口异常告警"", ""location"": ""柜号:0; 框号:0; 槽号:0; 端口号:2; 端口号:0; 类型:UBBP; :""}, {""title"": ""BBU CPRI接口异常告警"", ""location"": ""柜号:0; 框号:0; 槽号:0; 端口号:2; 端口号:0; 类型:UBBP; :""}]}"
97713572-e46d-4b7d-8aef-05d3bbe183dc,"{""rootcause"": [{""title"": ""RRU链路断"", ""location"": ""SubNetwork=1004,ManagedElement=1430519,Equipment=1,ReplaceableUnit=76""}]}"
97abcbdc-22c9-4c8a-872b-5f2f4ebb0e29,"{""rootcause"": [{""title"": ""天馈驻波比异常"", ""location"": ""sbn=0,NodeMe=474709,Equipment=1,rack=53,shelf=1,board=1""}]}"
985daa54-23bc-4f8c-87b3-8e3766415e06,"{""rootcause"": [{""title"": ""输入电源断"", ""location"": ""SubNetwork=1004,ManagedElement=1401017,Equipment=1,ReplaceableUnit=64""}, {""title"": ""输入电源断"", ""location"": ""SubNetwork=1004,ManagedElement=1401017,Equipment=1,ReplaceableUnit=65""}, {""title"": ""输入电源断"", ""location"": ""SubNetwork=1004,ManagedElement=1401017,Equipment=1,ReplaceableUnit=66""}]}"
98aafbf4-e316-425d-a5bb-6bc17ddc7776,"{""rootcause"": [{""title"": ""射频单元交流掉电告警"", ""location"": ""柜号:0; 框号:152; 槽号:0; 类型:MRRU""}, {""title"": ""射频单元交流掉电告警"", ""location"": ""柜号:0; 框号:150; 槽号:0; 类型:MRRU""}, {""title"": ""射频单元交流掉电告警"", ""location"": ""柜号:0; 框号:156; 槽号:0; 类型:MRRU""}, {""title"": ""射频单元交流掉电告警"", ""location"": ""柜号:0; 框号:158; 槽号:0; 类型:MRRU""}, {""title"": ""射频单元交流掉电告警"", ""location"": ""柜号:0; 框号:151; 槽号:0; 类型:MRRU""}]}"
99640603-d515-4c2a-8c33-db456e5b5535,"{""rootcause"": [{""title"": ""输入电源断"", ""location"": ""SubNetwork=CMCC-GZ-04,ManagedElement=12714487,Equipment=1,ReplaceableUnit=57""}]}"
99ab16fa-344f-4db1-985c-f723a799da21,"{""rootcause"": [{""title"": ""设备掉电"", ""location"": ""SubNetwork=5308,ManagedElement=831520,Equipment=1,Rack=70,SubRack=1,Slot=1,PlugInUnit=1,SdrDeviceGroup=1""}, {""title"": ""LTE小区退出服务"", ""location"": ""SubNetwork=5308,ManagedElement=831520,ENBFunctionTDD=831520,EUtranCellTDD=14""}]}"
9a450bcc-058d-4fe0-be99-aaa6371ad2cd,"{""rootcause"": [{""title"": ""RRU链路断"", ""location"": ""SubNetwork=1004,ManagedElement=1430696,Equipment=1,ReplaceableUnit=61""}, {""title"": ""RRU链路断"", ""location"": ""SubNetwork=1004,ManagedElement=1430696,Equipment=1,ReplaceableUnit=62""}, {""title"": ""RRU链路断"", ""location"": ""SubNetwork=1004,ManagedElement=1430696,Equipment=1,ReplaceableUnit=63""}]}"
9adc0ae9-f4d1-4084-b78a-1ee0ce83b3ab,"{""rootcause"": [{""title"": ""输入电源断"", ""location"": ""SubNetwork=5305,ManagedElement=2572828,Equipment=1,ReplaceableUnit=51""}, {""title"": ""输入电源断"", ""location"": ""SubNetwork=5305,ManagedElement=2572828,Equipment=1,ReplaceableUnit=52""}, {""title"": ""输入电源断"", ""location"": ""SubNetwork=5305,ManagedElement=2572828,Equipment=1,ReplaceableUnit=53""}, {""title"": ""设备掉电"", ""location"": ""SubNetwork=5305,ManagedElement=715396,Equipment=1,Rack=53,SubRack=1,Slot=1,PlugInUnit=1,SdrDeviceGroup=1""}, {""title"": ""设备掉电"", ""location"": ""SubNetwork=5305,ManagedElement=715396,Equipment=1,Rack=51,SubRack=1,Slot=1,PlugInUnit=1,SdrDeviceGroup=1""}]}"
9bee00dd-ea65-456e-a2e5-dea97ed9c486,"{""rootcause"": [{""title"": ""射频单元维护链路异常告警"", ""location"": ""柜号:0; 框号:201; 槽号:0; 类型:AIRU; :""}]}"
9bfc95a6-cd10-4120-8446-0f3010051c6b,"{""rootcause"": [{""title"": ""射频单元CPRI接口异常告警"", ""location"": ""柜号:0; 框号:176; 槽号:0; 端口号:端口0; 端口号:0; 类型:AIRU; :MAC""}]}"
9ca5e12f-f73f-472c-99b3-8e74c01272fe,"{""rootcause"": [{""title"": ""单板过温保护下电"", ""location"": ""SubNetwork=61,ManagedElement=873314,Equipment=1,Rack=1,SubRack=1,Slot=12,PlugInUnit=1,SdrDeviceGroup=1""}, {""title"": ""温度异常"", ""location"": ""SubNetwork=61,ManagedElement=873314,Equipment=1,Rack=1,SubRack=1,Slot=12,PlugInUnit=1,SdrDeviceGroup=1""}]}"
9d4b51a7-8af2-45a6-ab8f-9c36639171e3,"{""rootcause"": [{""title"": ""单板硬件故障告警"", ""location"": ""柜号:0; 框号:0; 槽号:5; 类型:UBBP; :""}]}"
9d610935-81e2-4438-bc80-9c6b9379f226,"{""rootcause"": [{""title"": ""射频单元驻波告警"", ""location"": ""柜号:0; 框号:201; 槽号:0; :1; 类型:MRRU; 告警(0.1):20; (0.1):20; 输出(0.1dBm):324; 端口:NULL""}]}"
9d880e01-f28d-4ce9-86bb-698db5a26d21,"{""rootcause"": [{""title"": ""射频单元驻波告警"", ""location"": ""柜号:0; 框号:202; 槽号:0; :0; 类型:MRRU; 告警(0.1):30; (0.1):55; 输出(0.1dBm):287; 端口:NULL""}]}"
9da30e27-baf6-4f5f-9b70-f00b5dd45a2c,"{""rootcause"": [{""title"": ""设备掉电"", ""location"": ""SubNetwork=5306,ManagedElement=831002,Equipment=1,Rack=51,SubRack=1,Slot=1,PlugInUnit=1,SdrDeviceGroup=1""}, {""title"": ""设备掉电"", ""location"": ""SubNetwork=5306,ManagedElement=831002,Equipment=1,Rack=52,SubRack=1,Slot=1,PlugInUnit=1,SdrDeviceGroup=1""}, {""title"": ""设备掉电"", ""location"": ""SubNetwork=5301,ManagedElement=296669,Equipment=1,Rack=63,SubRack=1,Slot=1,PlugInUnit=1,SdrDeviceGroup=1""}, {""title"": ""设备掉电"", ""location"": ""SubNetwork=5306,ManagedElement=831002,Equipment=1,Rack=53,SubRack=1,Slot=1,PlugInUnit=1,SdrDeviceGroup=1""}, {""title"": ""设备掉电"", ""location"": ""SubNetwork=5301,ManagedElement=296669,Equipment=1,Rack=62,SubRack=1,Slot=1,PlugInUnit=1,SdrDeviceGroup=1""}]}"
9dbb9c42-aefe-4501-b243-e9f88c4f61a4,"{""rootcause"": [{""title"": ""输入电源断"", ""location"": ""SubNetwork=1004,ManagedElement=1403154,Equipment=1,ReplaceableUnit=66""}, {""title"": ""输入电源断"", ""location"": ""SubNetwork=1004,ManagedElement=1403154,Equipment=1,ReplaceableUnit=64""}, {""title"": ""输入电源断"", ""location"": ""SubNetwork=1004,ManagedElement=1403154,Equipment=1,ReplaceableUnit=65""}, {""title"": ""DU小区退服"", ""location"": ""SubNetwork=1004,ManagedElement=1403154,GNBDUFunction=460-00_1403154,NRCellDU=22""}, {""title"": ""DU小区退服"", ""location"": ""SubNetwork=1004,ManagedElement=1403154,GNBDUFunction=460-00_1403154,NRCellDU=23""}]}"
9de54504-da45-4476-b742-0a633856b7f3,"{""rootcause"": [{""title"": ""设备掉电"", ""location"": ""SubNetwork=5307,ManagedElement=831714,Equipment=1,Rack=54,SubRack=1,Slot=1,PlugInUnit=1,SdrDeviceGroup=1""}, {""title"": ""设备掉电"", ""location"": ""SubNetwork=5307,ManagedElement=831714,Equipment=1,Rack=53,SubRack=1,Slot=1,PlugInUnit=1,SdrDeviceGroup=1""}, {""title"": ""设备掉电"", ""location"": ""SubNetwork=5307,ManagedElement=831714,Equipment=1,Rack=51,SubRack=1,Slot=1,PlugInUnit=1,SdrDeviceGroup=1""}, {""title"": ""设备掉电"", ""location"": ""SubNetwork=5307,ManagedElement=831714,Equipment=1,Rack=52,SubRack=1,Slot=1,PlugInUnit=1,SdrDeviceGroup=1""}, {""title"": ""设备掉电"", ""location"": ""SubNetwork=5307,ManagedElement=297315,Equipment=1,Rack=54,SubRack=1,Slot=1,PlugInUnit=1,SdrDeviceGroup=1""}]}"
9ec87ddd-5d9d-41b1-b831-b19f5dd47e8f,"{""rootcause"": [{""title"": ""RRU链路断"", ""location"": ""SubNetwork=CMCC-GZ-02,ManagedElement=12651426,Equipment=1,ReplaceableUnit=51""}]}"
9edf5fc9-4ffc-4b68-8dae-cc1ca97b41f3,"{""rootcause"": [{""title"": ""光模块不可用"", ""location"": ""sbn=7312,NodeMe=474987,Equipment=1,rack=1,shelf=1,board=9""}, {""title"": ""设备掉电"", ""location"": ""sbn=7312,NodeMe=474987,Equipment=1,rack=52,shelf=1,board=1""}, {""title"": ""设备掉电"", ""location"": ""sbn=7312,NodeMe=474987,Equipment=1,rack=51,shelf=1,board=1""}]}"
9ee3d03f-a00d-4a46-b88a-eeb857a937a6,"{""rootcause"": [{""title"": ""单板硬件故障告警"", ""location"": ""柜号:0; 框号:0; 槽号:6; 类型:UMPT; :""}]}"
9eec9654-7969-4790-a16e-c2c16bb0c961,"{""rootcause"": [{""title"": ""设备掉电"", ""location"": ""SubNetwork=5308,ManagedElement=832633,Equipment=1,Rack=51,SubRack=1,Slot=1,PlugInUnit=1,SdrDeviceGroup=1""}, {""title"": ""LTE小区退出服务"", ""location"": ""SubNetwork=5308,ManagedElement=832633,ENBFunctionTDD=832633,EUtranCellTDD=11""}, {""title"": ""LTE小区退出服务"", ""location"": ""SubNetwork=5308,ManagedElement=832633,ENBFunctionTDD=832633,EUtranCellTDD=12""}]}"
9f309a7d-e211-451b-975d-f25463fff535,"{""rootcause"": [{""title"": ""射频单元IR接口异常告警"", ""location"": ""柜号:0; 框号:224; 槽号:0; 端口号:端口1; 类型:MRRU; :IR接口异常""}, {""title"": ""射频单元IR接口异常告警"", ""location"": ""柜号:0; 框号:224; 槽号:0; 端口号:端口1; 类型:MRRU; :IR接口异常""}]}"
9fa641f5-aac4-48a7-9e23-cc83981f5b87,"{""rootcause"": [{""title"": ""射频单元驻波告警"", ""location"": ""柜号:0; 框号:91; 槽号:0; :0; 类型:MRRU; 告警(0.1):18; (0.1):18; 输出(0.1dBm):341; 端口:NULL""}]}"
a033b4cb-5ec3-4780-a4ef-5cc479367980,"{""rootcause"": [{""title"": ""RRU链路断"", ""location"": ""sbn=7312,NodeMe=984391,Equipment=1,rack=52,shelf=1,board=1""}, {""title"": ""基带单元处于初始化状态"", ""location"": ""sbn=7312,NodeMe=984391,Equipment=1,rack=1""}]}"
a06225c6-4076-4c8a-b0aa-f9ea4a2f8fd6,"{""rootcause"": [{""title"": ""[衍生告警]设备商甲5G基站退服"", ""location"": "":东;\n名称:;\n告警:[告警]5G;\n告警:；2\n告警时间:2026-01-17 08:49:12;""}, {""title"": ""[衍生告警]设备商甲5G小区退服"", ""location"": ""{\""alarmSeq\"":2824550,\""alarmTitle\"":\""网元链路\"",\""alarmStatus\"":1,\""alarmType\"":\""communicationsAlarm\"",\""origSeverity\"":1,\""eventTime\"":\""2026-01-17 08:49:12\"",\""alarmId\"":\""1750759262287\"",\""specificProblemID\"":\""1014\"",\""specificProblem\"":\""网元链路\"",\""neUID\"":\""4401ZTWX4NCP0000000012784132\"",\""neName\"":\""东2D-ZRW\"",\""neType\"":\""GNB\"",\""objectUID\"":\""4401ZTWX4NCP0000000012784132\"",\""objectName\"":\""东2D-ZRW\"",\""objectType\"":\""GNBCUCPFunction\"",\""locationInfo\"":\""SubNetwork=CMCC-GZ-03,ManagedElement=12784132\"",\""addInfo\"":\""LDN:;PLMNList:;Radio:LTE,NR;Aid:;Cause:566;OfficeId:12784132;OfficeName:东2D-ZRW;DeviceType:ITBBU;DeviceId:12784132;DeviceName:东2D-ZRW(12784132);BoardType:;Remark:\\\\: 异常，时\\nPING网元\\\\: 10.120.108.2 \\\\: [0], timed out (NaN avg, 100% loss)\\n10.120.108.2 \\\\: [1], timed out (NaN avg, 100% loss)\\n10.120.108.2 \\\\: [2], timed out (NaN avg, 100% loss)\\n10.120.108.2 \\\\: [3], timed out (NaN avg, 100% loss)\\n10.120.108.2 \\\\: xmt/rcv/%loss = 4/0/100%\\r\\nPING网关\\\\: 188.23.22.129 \\\\: [0], 64 bytes, 0.209 ms (0.209 avg, 0% loss)\\n188.23.22.129 \\\\: [1], 64 bytes, 0.275 ms (0.242 avg, 0% loss)\\n188.23.22.129 \\\\: [2], 64 bytes, 0.162 ms (0.215 avg, 0% loss)\\n188.23.22.129 \\\\: [3], 64 bytes, 0.146 ms (0.198 avg, 0% loss)\\n188.23.22.129 \\\\: xmt/rcv/%loss = 4/4/0%, min/avg/max = 0.146/0.198/0.275\\nPING网元网关\\\\: 10.120.108.1 \\\\: [0], timed out (NaN avg, 100% loss)\\n10.120.108.1 \\\\: [1], timed out (NaN avg, 100% loss)\\n10.120.108.1 \\\\: [2], timed out (NaN avg, 100% loss)\\n10.120.108.1 \\\\: [3], timed out (NaN avg, 100% loss)\\n10.120.108.1 \\\\: xmt/rcv/%loss = 4/0/100%\\nPOD名称\\\\: onac-netconfadapter-netconfadapter-ms-2-mwxtz\\nLTE eNBId\\\\:117073,NR gNBId\\\\:12784132;deployment:SA_NSA\"",\""rNeUID\"":\""\"",\""rNeName\"":\""\"",\""rNeType\"":\""\""}\n告警：""}]}"
a1441770-8bb4-4b23-8c05-c243b34050d1,"{""rootcause"": [{""title"": ""RRU链路断"", ""location"": ""SubNetwork=5300,ManagedElement=706966,Equipment=1,Rack=53,SubRack=1,Slot=1,PlugInUnit=1,SdrDeviceGroup=1""}, {""title"": ""LTE小区退出服务"", ""location"": ""SubNetwork=5300,ManagedElement=706966,ENBFunctionFDD=706966,EUtranCellFDD=66""}]}"
a1a04472-308e-4c63-9eba-28ae00fb426c,"{""rootcause"": [{""title"": ""BBU CPRI接口异常告警"", ""location"": ""柜号:0; 框号:0; 槽号:0; 端口号:2; 端口号:0; 类型:UBBP; :""}]}"
a1aec670-550d-4abb-bd10-dadfd29f6635,"{""rootcause"": [{""title"": ""TOD时钟异常告警"", ""location"": ""TOD时:0; :TOD时1PPS输入""}, {""title"": ""射频单元直流掉电告警"", ""location"": ""柜号:0; 框号:92; 槽号:0; 类型:MRRU""}, {""title"": ""射频单元直流掉电告警"", ""location"": ""柜号:0; 框号:91; 槽号:0; 类型:MRRU""}, {""title"": ""射频单元直流掉电告警"", ""location"": ""柜号:0; 框号:93; 槽号:0; 类型:MRRU""}]}"
a21013ce-d5b6-49a0-a7be-91166817cf6c,"{""rootcause"": [{""title"": ""射频单元IR接口异常告警"", ""location"": ""柜号:0; 框号:206; 槽号:0; 端口号:端口0; 类型:MRRU; :IR接口异常""}]}"
a3645153-27f5-4b8c-9e3a-bc84cfd7c653,"{""rootcause"": [{""title"": ""射频单元交流掉电告警"", ""location"": ""柜号:0; 框号:113; 槽号:0; 类型:MRRU""}, {""title"": ""射频单元交流掉电告警"", ""location"": ""柜号:0; 框号:112; 槽号:0; 类型:MRRU""}, {""title"": ""射频单元交流掉电告警"", ""location"": ""柜号:0; 框号:111; 槽号:0; 类型:MRRU""}, {""title"": ""射频单元直流掉电告警"", ""location"": ""柜号:0; 框号:151; 槽号:0; 类型:AIRU""}, {""title"": ""射频单元直流掉电告警"", ""location"": ""柜号:0; 框号:150; 槽号:0; 类型:AIRU""}]}"
a55e5ceb-3ee4-43ea-9893-8c9394e436c8,"{""rootcause"": [{""title"": ""网元连接中断"", ""location"": ""网元名称:5G南1H; 网元IP地址:10.178.8.146; 网元IP地址(IP Mode):NULL; 端口:6007; 错误:N/A; 信息:端口时; 分:MediationService5809; OMC IP:10.224.27.36""}]}"
a55f3313-8f2d-40b7-8566-723924868ef8,"{""rootcause"": [{""title"": ""输入电源断"", ""location"": ""SubNetwork=CMCC-GZ-02,ManagedElement=12651741,Equipment=1,ReplaceableUnit=53""}, {""title"": ""输入电源断"", ""location"": ""SubNetwork=CMCC-GZ-02,ManagedElement=12651741,Equipment=1,ReplaceableUnit=52""}, {""title"": ""输入电源断"", ""location"": ""SubNetwork=CMCC-GZ-02,ManagedElement=12651741,Equipment=1,ReplaceableUnit=51""}]}"
a65f5b2f-3ce9-4019-bf17-38e197a652ea,"{""rootcause"": [{""title"": ""光口链路故障"", ""location"": ""SubNetwork=1004,ManagedElement=1390983,Equipment=1,ReplaceableUnit=VBP_1_8,RiPort=OF1""}]}"
a6ae9c3c-c787-47e0-abf0-d610533dc2a0,"{""rootcause"": [{""title"": ""光模块接收光功率异常"", ""location"": ""SubNetwork=CMCC-GZ-02,ManagedElement=12588010,Equipment=1,ReplaceableUnit=B_1_8,RiPort=OF2""}, {""title"": ""光模块接收光功率异常"", ""location"": ""SubNetwork=CMCC-GZ-02,ManagedElement=12588010,Equipment=1,ReplaceableUnit=B_1_8,RiPort=OF3""}, {""title"": ""光口链路故障"", ""location"": ""SubNetwork=CMCC-GZ-02,ManagedElement=12588010,Equipment=1,ReplaceableUnit=B_1_8,RiPort=OF1""}, {""title"": ""光模块接收光功率异常"", ""location"": ""SubNetwork=CMCC-GZ-02,ManagedElement=12588010,Equipment=1,ReplaceableUnit=A_4,RiPort=OPT1""}, {""title"": ""光模块接收光功率异常"", ""location"": ""SubNetwork=CMCC-GZ-02,ManagedElement=12588010,Equipment=1,ReplaceableUnit=A_6,RiPort=OPT1""}]}"
a889ab21-690a-4a7b-91e5-81f3e79d0ff1,"{""rootcause"": [{""title"": ""RRU链路断"", ""location"": ""SubNetwork=5304,ManagedElement=177646,Equipment=1,Rack=55,SubRack=1,Slot=1,PlugInUnit=1,SdrDeviceGroup=1""}]}"
aa321b94-f3d9-45cf-b1ee-f3a1fe38da68,"{""rootcause"": [{""title"": ""光口接收链路故障"", ""location"": ""SubNetwork=1003,ManagedElement=78839,Equipment=1,Rack=51,SubRack=1,Slot=1,PlugInUnit=1,SdrDeviceGroup=1,FiberDeviceSet=1,FiberDevice=1""}]}"
aa47b8a9-39e3-4a8f-8ab7-717dfe994ec9,"{""rootcause"": [{""title"": ""射频单元IR接口异常告警"", ""location"": ""柜号:0; 框号:175; 槽号:0; 端口号:端口0; 类型:MRRU; :IR接口异常""}]}"
aa54ba78-924a-45c7-a182-d8d100b3d130,"{""rootcause"": [{""title"": ""设备掉电"", ""location"": ""SubNetwork=5307,ManagedElement=295505,Equipment=1,Rack=58,SubRack=1,Slot=1,PlugInUnit=1,SdrDeviceGroup=1""}, {""title"": ""设备掉电"", ""location"": ""SubNetwork=5307,ManagedElement=295505,Equipment=1,Rack=57,SubRack=1,Slot=1,PlugInUnit=1,SdrDeviceGroup=1""}, {""title"": ""设备掉电"", ""location"": ""SubNetwork=5300,ManagedElement=594711,Equipment=1,Rack=56,SubRack=1,Slot=1,PlugInUnit=1,SdrDeviceGroup=1""}, {""title"": ""设备掉电"", ""location"": ""SubNetwork=5307,ManagedElement=295505,Equipment=1,Rack=56,SubRack=1,Slot=1,PlugInUnit=1,SdrDeviceGroup=1""}, {""title"": ""设备掉电"", ""location"": ""SubNetwork=5300,ManagedElement=594711,Equipment=1,Rack=61,SubRack=1,Slot=1,PlugInUnit=1,SdrDeviceGroup=1""}]}"
aa6004a0-dce5-4a51-87dd-9efcbf1abd8b,"{""rootcause"": [{""title"": ""设备掉电"", ""location"": ""SubNetwork=1003,ManagedElement=495545,Equipment=1,Rack=54,SubRack=1,Slot=1,PlugInUnit=1,SdrDeviceGroup=1""}, {""title"": ""设备掉电"", ""location"": ""SubNetwork=1003,ManagedElement=495545,Equipment=1,Rack=51,SubRack=1,Slot=1,PlugInUnit=1,SdrDeviceGroup=1""}, {""title"": ""设备掉电"", ""location"": ""SubNetwork=1003,ManagedElement=495545,Equipment=1,Rack=52,SubRack=1,Slot=1,PlugInUnit=1,SdrDeviceGroup=1""}]}"
aa7337a0-2a49-47c6-8993-3e31dfc29af9,"{""rootcause"": [{""title"": ""设备掉电"", ""location"": ""SubNetwork=5308,ManagedElement=715351,Equipment=1,Rack=55,SubRack=1,Slot=1,PlugInUnit=1,SdrDeviceGroup=1""}]}"
aa73aeaa-5b9f-4c19-a29d-2ee4bb6e333c,"{""rootcause"": [{""title"": ""输入电源断"", ""location"": ""SubNetwork=1004,ManagedElement=1394761,Equipment=1,ReplaceableUnit=65""}, {""title"": ""输入电源断"", ""location"": ""SubNetwork=1004,ManagedElement=1394761,Equipment=1,ReplaceableUnit=64""}, {""title"": ""输入电源断"", ""location"": ""SubNetwork=1004,ManagedElement=1394761,Equipment=1,ReplaceableUnit=66""}]}"
aae39450-f882-42ce-a9d6-f8289720d3b8,"{""rootcause"": [{""title"": ""射频单元交流掉电告警"", ""location"": ""柜号:0; 框号:200; 槽号:0; 类型:MRRU""}, {""title"": ""射频单元业务不可用告警"", ""location"": ""eNodeB名称:4G1HM; 本地:201; :TDD; 柜号:0; 框号:200; 槽号:0; NB-IoT:FALSE; eNodeB分:NULL; 名称:4G1HMTE-201; eNodeB:89799; :201; :电源异常""}]}"
aafb8ca2-c233-4106-a5a7-36dff0af242e,"{""rootcause"": [{""title"": ""射频单元驻波告警"", ""location"": ""柜号:0; 框号:174; 槽号:0; :0; 类型:MRRU; 告警(0.1):18; (0.1):18; 输出(0.1dBm):387; 端口:NULL""}]}"
ab02ed9d-74ea-4fc1-8935-9e5396cf94ba,"{""rootcause"": [{""title"": ""时钟源之间的相位差过大"", ""location"": ""sbn=0,NodeMe=473946,Equipment=1,rack=1,shelf=1,board=1""}]}"
ab3c6be5-b196-41e0-8dac-118c6ee0b6a7,"{""rootcause"": [{""title"": ""射频单元IR接口异常告警"", ""location"": ""柜号:0; 框号:237; 槽号:0; 端口号:端口0; 类型:MRRU; :""}]}"
ab462860-55cd-41c4-97b1-1bd896a14d2b,"{""rootcause"": [{""title"": ""RHUB CPRI接口异常告警"", ""location"": ""柜号:2; 框号:60; 槽号:0; 端口:4; 端口类型:CPRI_O; 类型:RHUB; :CPRI接口异常""}, {""title"": ""射频单元维护链路异常告警"", ""location"": ""柜号:2; 框号:65; 槽号:0; 类型:MPMU; :""}]}"
abe0d010-6809-4a4d-9ae6-ee7f320f699d,"{""rootcause"": [{""title"": ""ETH_LOS"", ""location"": ""5-D2EG2-2(PORT-2)-MAC:1""}, {""title"": ""ETH_LOS"", ""location"": ""6-D2EG2-2(PORT-2)-MAC:1""}, {""title"": ""网元连接中断"", ""location"": ""网元名称:5G南北1H; 网元IP地址:10.153.217.162; 网元IP地址(IP Mode):NULL; 端口:6007; 错误:N/A; 信息:端口时; 分:MediationService5709; OMC IP:10.224.27.35""}]}"
ac076280-1985-4063-9bdf-0ae052d4cc3f,"{""rootcause"": [{""title"": ""BBU CPRI接口异常告警"", ""location"": ""柜号:0; 框号:0; 槽号:5; 端口号:0; 端口号:0; 类型:UBBP; :""}]}"
aced56bf-7f76-4307-b842-921d9846754a,"{""rootcause"": [{""title"": ""输入电源断"", ""location"": ""SubNetwork=1004,ManagedElement=1403152,Equipment=1,ReplaceableUnit=65""}, {""title"": ""输入电源断"", ""location"": ""SubNetwork=1004,ManagedElement=1403152,Equipment=1,ReplaceableUnit=64""}, {""title"": ""输入电源断"", ""location"": ""SubNetwork=1004,ManagedElement=1403152,Equipment=1,ReplaceableUnit=66""}, {""title"": ""DU小区退服"", ""location"": ""SubNetwork=1004,ManagedElement=1403152,GNBDUFunction=460-00_1403152,NRCellDU=22""}, {""title"": ""DU小区退服"", ""location"": ""SubNetwork=1004,ManagedElement=1403152,GNBDUFunction=460-00_1403152,NRCellDU=23""}]}"
ad608a8f-ab02-4c09-af66-693b27c7476c,"{""rootcause"": [{""title"": ""BBU IR接口异常告警"", ""location"": ""柜号:0; 框号:0; 槽号:2; 端口号:0; 端口号:0; 类型:UBBP; :""}]}"
ae536348-d795-4096-9a1f-c6c22ce2484b,"{""rootcause"": [{""title"": ""输入电源断"", ""location"": ""SubNetwork=5300,ManagedElement=2621944,Equipment=1,ReplaceableUnit=56""}]}"
ae84a2de-1619-4b79-a24b-a3e88d27dcab,"{""rootcause"": [{""title"": ""射频单元直流掉电告警"", ""location"": ""柜号:0; 框号:151; 槽号:0; 类型:AIRU""}, {""title"": ""BBU CPRI接口异常告警"", ""location"": ""柜号:0; 框号:0; 槽号:0; 端口号:1; 端口号:0; 类型:UBBP; :CPRI接口异常""}]}"
ae8bd38d-0bef-4f6a-8ffc-b828ee69e3c6,"{""rootcause"": [{""title"": ""射频单元驻波告警"", ""location"": ""柜号:0; 框号:112; 槽号:0; :3; 类型:MRRU; 告警(0.1):30; (0.1):250; 输出(0.1dBm):306; 端口:NULL""}, {""title"": ""射频单元驻波告警"", ""location"": ""柜号:0; 框号:112; 槽号:0; :2; 类型:MRRU; 告警(0.1):30; (0.1):250; 输出(0.1dBm):305; 端口:NULL""}, {""title"": ""射频单元驻波告警"", ""location"": ""柜号:0; 框号:112; 槽号:0; :1; 类型:MRRU; 告警(0.1):30; (0.1):250; 输出(0.1dBm):304; 端口:NULL""}, {""title"": ""射频单元驻波告警"", ""location"": ""柜号:0; 框号:113; 槽号:0; :1; 类型:MRRU; 告警(0.1):18; (0.1):18; 输出(0.1dBm):379; 端口:NULL""}, {""title"": ""射频单元驻波告警"", ""location"": ""柜号:0; 框号:112; 槽号:0; :0; 类型:MRRU; 告警(0.1):30; (0.1):250; 输出(0.1dBm):303; 端口:NULL""}]}"
ae8dcac8-c426-4334-93d1-d8ac43d1e561,"{""rootcause"": [{""title"": ""射频单元直流掉电告警"", ""location"": ""柜号:0; 框号:63; 槽号:0; 类型:MRRU""}, {""title"": ""射频单元直流掉电告警"", ""location"": ""柜号:0; 框号:60; 槽号:0; 类型:MRRU""}, {""title"": ""射频单元直流掉电告警"", ""location"": ""柜号:0; 框号:66; 槽号:0; 类型:MRRU""}]}"
ae91f8d5-41c5-4c48-871e-744b8283706c,"{""rootcause"": [{""title"": ""射频单元CPRI接口异常告警"", ""location"": ""柜号:0; 框号:227; 槽号:0; 端口号:端口0; 端口号:NULL; 类型:MRRU; :CPRI接口异常""}]}"
af26c607-3f9d-4a37-8d4d-a809bfccd1f6,"{""rootcause"": [{""title"": ""小区关断告警"", ""location"": ""SubNetwork=60,ManagedElement=856758,ENBFunctionFDD=856758,EUtranCellFDD=92""}, {""title"": ""小区关断告警"", ""location"": ""SubNetwork=60,ManagedElement=856758,ENBFunctionFDD=856758,EUtranCellFDD=93""}]}"
af2e1e25-2772-484c-8c96-84e89e97b467,"{""rootcause"": [{""title"": ""射频单元IR接口异常告警"", ""location"": ""柜号:0; 框号:203; 槽号:0; 端口号:端口0; 类型:MRRU; :IR接口异常""}]}"
af374848-7bd9-44f9-bfb8-4c087a74d016,"{""rootcause"": [{""title"": ""网元连接中断"", ""location"": ""网元名称:()HL-D3900472103PT; 网元IP地址:10.249.230.185; 网元IP地址(IP Mode):NULL; 端口:6007; 错误:N/A; 信息:状态异常; 分:MediationService1005; OMC IP:10.154.18.18""}, {""title"": ""网元连接中断"", ""location"": ""网元名称:D59002496942PT-H5H; 网元IP地址:10.250.233.213; 网元IP地址(IP Mode):NULL; 端口:6007; 错误:N/A; 信息:状态异常; 分:MediationService0706; OMC IP:10.154.18.15""}]}"
af614073-0139-45cc-82d0-97e02af80b2d,"{""rootcause"": [{""title"": ""射频单元业务不可用告警"", ""location"": ""eNodeB名称:A3西HL-D3900986602TF; 本地:132; :TDD; 柜号:0; 框号:104; 槽号:0; NB-IoT:FALSE; eNodeB分:NULL; 名称:A3西HL-D3900986602TF-132; eNodeB:986602; :132; :CPRI""}, {""title"": ""RHUB与pRRU间链路异常告警"", ""location"": ""柜号:0; 框号:132; 槽号:0; 端口:4; 类型:RHUB; :传输异常""}]}"
afc551b1-5a25-4289-8ed8-1b390847ebc5,"{""rootcause"": [{""title"": ""时钟源之间的相位差过大"", ""location"": ""SubNetwork=5309,ManagedElement=594777,Equipment=1,Rack=1,SubRack=1,Slot=2,PlugInUnit=1,SdrDeviceGroup=1""}]}"
b0e9c2b6-1965-4b1b-9d6b-c0ac8dbb5821,"{""rootcause"": [{""title"": ""RRU链路断"", ""location"": ""SubNetwork=17,ManagedElement=566084,Equipment=1,Rack=56,SubRack=1,Slot=1,PlugInUnit=1,SdrDeviceGroup=1""}, {""title"": ""LTE小区退出服务"", ""location"": ""SubNetwork=17,ManagedElement=566084,ENBFunctionTDD=566084,EUtranCellTDD=134""}]}"
b1d58e4a-b781-41a2-a685-cf803f14d38f,"{""rootcause"": [{""title"": ""输入电源断"", ""location"": ""SubNetwork=CMCC-GZ-03,ManagedElement=12721667,Equipment=1,ReplaceableUnit=51""}]}"
b1e02c99-d2c4-4546-8324-74fdba3844ad,"{""rootcause"": [{""title"": ""射频单元直流掉电告警"", ""location"": ""柜号:0; 框号:151; 槽号:0; 类型:AIRU""}, {""title"": ""射频单元直流掉电告警"", ""location"": ""柜号:0; 框号:152; 槽号:0; 类型:AIRU""}, {""title"": ""射频单元直流掉电告警"", ""location"": ""柜号:0; 框号:150; 槽号:0; 类型:AIRU""}, {""title"": ""射频单元输入电源能力不足告警"", ""location"": ""柜号:0; 框号:150; 槽号:0; 电源端口:NULL; 类型:AIRU; :机柜异常""}, {""title"": ""BBU CPRI接口异常告警"", ""location"": ""柜号:0; 框号:0; 槽号:4; 端口号:1; 端口号:0; 类型:UBBP; :""}]}"
b27293ac-f32c-4b7e-aec1-636a41e7ab65,"{""rootcause"": [{""title"": ""射频单元直流掉电告警"", ""location"": ""柜号:0; 框号:152; 槽号:0; 类型:MRRU""}]}"
b28b0b0b-aae9-4b21-8d8c-e2c9dcb7a6cf,"{""rootcause"": [{""title"": ""射频单元发射通道增益异常告警"", ""location"": ""柜号:0; 框号:202; 槽号:0; :0; 类型:MRRU; 输入(0.1dBFs):-152; 输出(0.1dBm):65522""}]}"
b2abb784-3097-43bc-a2f2-f8f33a8f84ed,"{""rootcause"": [{""title"": ""射频单元驻波告警"", ""location"": ""柜号:0; 框号:150; 槽号:0; :3; 类型:MRRU; 告警(0.1):20; (0.1):20; 输出(0.1dBm):328; 端口:NULL""}]}"
b3973923-b7f0-4468-a356-4533636240fb,"{""rootcause"": [{""title"": ""射频单元直流掉电告警"", ""location"": ""柜号:0; 框号:151; 槽号:0; 类型:AIRU""}, {""title"": ""射频单元直流掉电告警"", ""location"": ""柜号:0; 框号:150; 槽号:0; 类型:AIRU""}, {""title"": ""射频单元直流掉电告警"", ""location"": ""柜号:0; 框号:152; 槽号:0; 类型:AIRU""}]}"
b3a0e872-a456-4cc0-9f60-978a50a045a3,"{""rootcause"": [{""title"": ""设备掉电"", ""location"": ""SubNetwork=5306,ManagedElement=296251,Equipment=1,Rack=61,SubRack=1,Slot=1,PlugInUnit=1,SdrDeviceGroup=1""}]}"
b4e7b9be-9d47-4ec1-b133-50d1a1587e18,"{""rootcause"": [{""title"": ""射频单元驻波告警"", ""location"": ""柜号:0; 框号:203; 槽号:0; :0; 类型:MRRU; 告警(0.1):20; (0.1):23; 输出(0.1dBm):359; 端口:NULL""}]}"
b522f43a-5cc4-4782-951a-761d6375f43f,"{""rootcause"": [{""title"": ""射频单元驻波告警"", ""location"": ""柜号:0; 框号:201; 槽号:0; :0; 类型:MRRU; 告警(0.1):30; (0.1):65; 输出(0.1dBm):311; 端口:NULL""}]}"
b5bd6adf-2f77-4ef7-9d98-ab861ed2e40d,"{""rootcause"": [{""title"": ""射频单元CPRI接口异常告警"", ""location"": ""柜号:0; 框号:200; 槽号:0; 端口号:端口1; 端口号:0; 类型:AIRU; :""}]}"
b5d743e4-1553-4de4-bcac-6898a6896c4a,"{""rootcause"": [{""title"": ""射频单元CPRI接口异常告警"", ""location"": ""柜号:0; 框号:204; 槽号:0; 端口号:端口0; 端口号:NULL; 类型:MRRU; :CPRI接口异常""}]}"
b60f3a8f-9f79-4965-b7fd-a5ac6ab4aec5,"{""rootcause"": [{""title"": ""射频单元IR接口异常告警"", ""location"": ""柜号:0; 框号:231; 槽号:0; 端口号:端口0; 类型:MRRU; :IR接口异常""}]}"
b7f97742-860b-4152-80f6-4fde0fdc6ea8,"{""rootcause"": [{""title"": ""设备掉电"", ""location"": ""SubNetwork=5300,ManagedElement=574885,Equipment=1,Rack=56,SubRack=1,Slot=1,PlugInUnit=1,SdrDeviceGroup=1""}]}"
b8a69d23-0082-4113-bc5c-b3d0262284d7,"{""rootcause"": [{""title"": ""输入电源断"", ""location"": ""SubNetwork=1004,ManagedElement=1433088,Equipment=1,ReplaceableUnit=66""}, {""title"": ""输入电源断"", ""location"": ""SubNetwork=1004,ManagedElement=1433088,Equipment=1,ReplaceableUnit=64""}, {""title"": ""输入电源断"", ""location"": ""SubNetwork=1004,ManagedElement=1433088,Equipment=1,ReplaceableUnit=65""}]}"
b90d6799-a2cb-401c-a1bd-8e1ec2204268,"{""rootcause"": [{""title"": ""DU小区退服"", ""location"": ""SubNetwork=1004,ManagedElement=1404684,GNBDUFunction=460-00_1404684,NRCellDU=1""}, {""title"": ""DU小区退服"", ""location"": ""SubNetwork=1004,ManagedElement=1404684,GNBDUFunction=460-00_1404684,NRCellDU=3""}]}"
b92c1c42-bc69-48fa-b5c6-7bbd2635a15b,"{""rootcause"": [{""title"": ""光口接收链路故障"", ""location"": ""SubNetwork=1003,ManagedElement=78839,Equipment=1,Rack=51,SubRack=1,Slot=1,PlugInUnit=1,SdrDeviceGroup=1,FiberDeviceSet=1,FiberDevice=1""}]}"
b934b0a8-4891-4cf3-b418-a9566c7ef074,"{""rootcause"": [{""title"": ""射频单元CPRI接口异常告警"", ""location"": ""柜号:0; 框号:202; 槽号:0; 端口号:端口1; 端口号:NULL; 类型:MRRU; :CPRI接口异常""}, {""title"": ""NR分布单元小区TRP不可用告警"", ""location"": ""gNodeB名称:CDD59002535156TF-H5W; NR DUTRP:3; 故障柜号:0; 故障框号:202; 故障槽号:0; 描述:NULL; :异常""}]}"
badf5098-f878-486f-9446-e6fe5daa4a10,"{""rootcause"": [{""title"": ""射频单元交流掉电告警"", ""location"": ""柜号:0; 框号:151; 槽号:0; 类型:AIRU""}, {""title"": ""射频单元交流掉电告警"", ""location"": ""柜号:0; 框号:150; 槽号:0; 类型:AIRU""}, {""title"": ""射频单元交流掉电告警"", ""location"": ""柜号:0; 框号:152; 槽号:0; 类型:AIRU""}]}"
bb269f15-62f5-496d-adea-7d94f2367dd8,"{""rootcause"": [{""title"": ""设备掉电"", ""location"": ""SubNetwork=5305,ManagedElement=715019,Equipment=1,Rack=53,SubRack=1,Slot=1,PlugInUnit=1,SdrDeviceGroup=1""}, {""title"": ""设备掉电"", ""location"": ""SubNetwork=5305,ManagedElement=715019,Equipment=1,Rack=51,SubRack=1,Slot=1,PlugInUnit=1,SdrDeviceGroup=1""}, {""title"": ""设备掉电"", ""location"": ""SubNetwork=5305,ManagedElement=715019,Equipment=1,Rack=52,SubRack=1,Slot=1,PlugInUnit=1,SdrDeviceGroup=1""}, {""title"": ""输入电压异常"", ""location"": ""SubNetwork=5305,ManagedElement=715019,Equipment=1,Rack=1,SubRack=1,Slot=16,PlugInUnit=1,SdrDeviceGroup=1""}]}"
bb26e0b0-996a-42cf-ba23-b62c3335e5fb,"{""rootcause"": [{""title"": ""输入电压异常"", ""location"": ""SubNetwork=1002,ManagedElement=82367,Equipment=1,Rack=1,SubRack=1,Slot=17,PlugInUnit=1,SdrDeviceGroup=1""}]}"
bb6e4b4f-dae3-4b5c-bb1d-57c3471ac75c,"{""rootcause"": [{""title"": ""设备掉电"", ""location"": ""SubNetwork=17,ManagedElement=832480,Equipment=1,Rack=51,SubRack=1,Slot=1,PlugInUnit=1,SdrDeviceGroup=1""}, {""title"": ""设备掉电"", ""location"": ""SubNetwork=17,ManagedElement=832480,Equipment=1,Rack=53,SubRack=1,Slot=1,PlugInUnit=1,SdrDeviceGroup=1""}]}"
bbca6b99-9b08-4c26-8fd6-477be7515ce3,"{""rootcause"": [{""title"": ""设备掉电"", ""location"": ""SubNetwork=5302,ManagedElement=177526,Equipment=1,Rack=53,SubRack=1,Slot=1,PlugInUnit=1,SdrDeviceGroup=1""}]}"
bbd84674-f75a-4409-84cd-4b2ac8098cd7,"{""rootcause"": [{""title"": ""光模块接收光功率异常"", ""location"": ""SubNetwork=1003,ManagedElement=17182,Equipment=1,Rack=52,SubRack=1,Slot=1,PlugInUnit=1,SdrDeviceGroup=1,FiberDeviceSet=1,FiberDevice=1""}, {""title"": ""ETH_LINK_DOWN"", ""location"": ""31-81EFG4-2(PORT-2)-MAC:1""}, {""title"": ""ETH_LINK_DOWN"", ""location"": ""3-81EG8-4(PORT-4)-MAC:1""}, {""title"": ""ETH_LINK_DOWN"", ""location"": ""15-81EG8-2(PORT-2)-MAC:1""}, {""title"": ""ETH_LINK_DOWN"", ""location"": ""26-81EFG4-1(PORT-1)-MAC:1""}]}"
bc299a87-a0c3-4391-a12e-c727e6190232,"{""rootcause"": [{""title"": ""射频单元驻波告警"", ""location"": ""柜号:0; 框号:208; 槽号:0; :1; 类型:MRRU; 告警(0.1):20; (0.1):20; 输出(0.1dBm):351; 端口:NULL""}]}"
bc29a020-25cb-40f0-a8a4-578f402bc7bd,"{""rootcause"": [{""title"": ""输入电源断"", ""location"": ""SubNetwork=1004,ManagedElement=1413538,Equipment=1,ReplaceableUnit=62""}, {""title"": ""输入电源断"", ""location"": ""SubNetwork=1004,ManagedElement=1413538,Equipment=1,ReplaceableUnit=63""}, {""title"": ""输入电源断"", ""location"": ""SubNetwork=1004,ManagedElement=1413538,Equipment=1,ReplaceableUnit=61""}, {""title"": ""DU小区退服"", ""location"": ""SubNetwork=1004,ManagedElement=1413538,GNBDUFunction=460-00_1413538,NRCellDU=5""}, {""title"": ""DU小区退服"", ""location"": ""SubNetwork=1004,ManagedElement=1413538,GNBDUFunction=460-00_1413538,NRCellDU=6""}]}"
bc39588e-5337-4d8a-88ad-6c240599003d,"{""rootcause"": [{""title"": ""RRU链路断"", ""location"": ""sbn=1,NodeMe=984234,Equipment=1,rack=54,shelf=1,board=1""}]}"
bc93c507-b193-4eda-9a76-f32ff878b47e,"{""rootcause"": [{""title"": ""网元连接中断"", ""location"": ""网元名称:1-HLW; 网元IP地址:100.92.253.20; 网元IP地址(IP Mode):NULL; 端口:6007; 错误:N/A; 信息:端口时; 分:MediationService5408; OMC IP:10.224.27.32""}]}"
bc9e592f-8d40-403b-a990-1c47587acedc,"{""rootcause"": [{""title"": ""射频单元IR接口异常告警"", ""location"": ""柜号:0; 框号:207; 槽号:0; 端口号:端口0; 类型:MRRU; :IR接口异常""}]}"
bccb900b-ec1a-4fd9-b2fe-e77b133c8585,"{""rootcause"": [{""title"": ""单板处于初始化状态"", ""location"": ""SubNetwork=1004,ManagedElement=1399007,Equipment=1,ReplaceableUnit=VBP_1_3""}]}"
bce0bbb9-ca87-4c0e-8c5c-d82417bd7cf8,"{""rootcause"": [{""title"": ""设备掉电"", ""location"": ""SubNetwork=5304,ManagedElement=802376,Equipment=1,Rack=57,SubRack=1,Slot=1,PlugInUnit=1,SdrDeviceGroup=1""}, {""title"": ""LTE小区退出服务"", ""location"": ""SubNetwork=5304,ManagedElement=802376,ENBFunctionTDD=802376,EUtranCellTDD=20""}]}"
bd159ea7-9075-4a99-a5de-4c16b7daff03,"{""rootcause"": [{""title"": ""输入电源断"", ""location"": ""SubNetwork=1004,ManagedElement=1416483,Equipment=1,ReplaceableUnit=74""}, {""title"": ""输入电源断"", ""location"": ""SubNetwork=1004,ManagedElement=1416483,Equipment=1,ReplaceableUnit=76""}, {""title"": ""输入电源断"", ""location"": ""SubNetwork=1004,ManagedElement=1416483,Equipment=1,ReplaceableUnit=75""}]}"
bd3ebb2c-3f72-459f-a2a6-2ff054ea96f2,"{""rootcause"": [{""title"": ""PB-pRRU链路误码率高"", ""location"": ""sbn=0,NodeMe=390141,Equipment=1,rack=58,shelf=1,board=1""}]}"
bd577981-6113-46c1-856c-3d692c39f277,"{""rootcause"": [{""title"": ""RRU链路断"", ""location"": ""SubNetwork=5303,ManagedElement=374177,Equipment=1,Rack=55,SubRack=1,Slot=1,PlugInUnit=1,SdrDeviceGroup=1""}]}"
bd95ee62-02c1-470d-a455-ac7610cd619f,"{""rootcause"": [{""title"": ""设备掉电"", ""location"": ""SubNetwork=1003,ManagedElement=78176,Equipment=1,Rack=52,SubRack=1,Slot=1,PlugInUnit=1,SdrDeviceGroup=1""}, {""title"": ""设备掉电"", ""location"": ""SubNetwork=1003,ManagedElement=78176,Equipment=1,Rack=53,SubRack=1,Slot=1,PlugInUnit=1,SdrDeviceGroup=1""}, {""title"": ""设备掉电"", ""location"": ""SubNetwork=1003,ManagedElement=78176,Equipment=1,Rack=51,SubRack=1,Slot=1,PlugInUnit=1,SdrDeviceGroup=1""}]}"
bdbb6a39-a21b-4893-a4c0-e3170fc6ea11,"{""rootcause"": [{""title"": ""单板电源关断"", ""location"": ""SubNetwork=1002,ManagedElement=82367,Equipment=1,Rack=1,SubRack=1,Slot=3,PlugInUnit=1,SdrDeviceGroup=1""}]}"
bf31ce67-c6d6-422d-abf2-4959ef15c63a,"{""rootcause"": [{""title"": ""射频单元CPRI接口异常告警"", ""location"": ""柜号:0; 框号:201; 槽号:0; 端口号:端口0; 端口号:NULL; 类型:MRRU; :CPRI接口异常""}]}"
bfd438f8-83d2-4bb1-889d-2797cbcee3a3,"{""rootcause"": [{""title"": ""NR分布单元小区TRP不可用告警"", ""location"": ""gNodeB名称:5G东东南1H; NR DUTRP:3; 故障柜号:0; 故障框号:152; 故障槽号:0; 描述:NULL; :异常""}]}"
c0145078-9d5e-4ef5-b491-c926a2b57edd,"{""rootcause"": [{""title"": ""输入电源断"", ""location"": ""SubNetwork=1004,ManagedElement=1404636,Equipment=1,ReplaceableUnit=134""}, {""title"": ""输入电源断"", ""location"": ""SubNetwork=1004,ManagedElement=1404636,Equipment=1,ReplaceableUnit=136""}, {""title"": ""输入电源断"", ""location"": ""SubNetwork=1004,ManagedElement=1404636,Equipment=1,ReplaceableUnit=135""}]}"
c199ce65-f577-40cc-bb6a-767f62b31dd6,"{""rootcause"": [{""title"": ""BBU CPRI接口异常告警"", ""location"": ""柜号:0; 框号:0; 槽号:3; 端口号:3; 端口号:0; 类型:UBBP; :""}, {""title"": ""BBU CPRI接口异常告警"", ""location"": ""柜号:0; 框号:0; 槽号:3; 端口号:4; 端口号:0; 类型:UBBP; :""}, {""title"": ""BBU CPRI接口异常告警"", ""location"": ""柜号:0; 框号:0; 槽号:3; 端口号:5; 端口号:0; 类型:UBBP; :""}]}"
c203d4a4-d47e-43c6-b030-10dc06fd0dfd,"{""rootcause"": [{""title"": ""射频单元CPRI接口异常告警"", ""location"": ""柜号:0; 框号:205; 槽号:0; 端口号:端口0; 端口号:NULL; 类型:MRRU; :CPRI接口异常""}]}"
c253a5fd-6156-4b39-98cb-b3b11c93b25a,"{""rootcause"": [{""title"": ""光口链路故障"", ""location"": ""SubNetwork=1004,ManagedElement=1398217,Equipment=1,ReplaceableUnit=VBP_1_3,RiPort=OF3""}]}"
c27a096b-576b-4fb7-9fb2-7f04feab066d,"{""rootcause"": [{""title"": ""BBU IR接口异常告警"", ""location"": ""柜号:0; 框号:0; 槽号:5; 端口号:1; 端口号:0; 类型:UBBP; :IR接口异常""}, {""title"": ""射频单元IR接口异常告警"", ""location"": ""柜号:0; 框号:225; 槽号:0; 端口号:端口1; 类型:MRRU; :IR接口异常""}]}"
c294843c-93bc-4500-a123-bb9c17897330,"{""rootcause"": [{""title"": ""设备掉电"", ""location"": ""SubNetwork=5300,ManagedElement=568757,Equipment=1,Rack=54,SubRack=1,Slot=1,PlugInUnit=1,SdrDeviceGroup=1""}, {""title"": ""LTE小区退出服务"", ""location"": ""SubNetwork=5300,ManagedElement=568757,ENBFunctionTDD=568757,EUtranCellTDD=195""}]}"
c2f7c036-aaf0-4a95-9bf4-3cae57b6e7d5,"{""rootcause"": [{""title"": ""网元连接中断"", ""location"": ""网元名称:HL-D3900473408TF; 网元IP地址:100.92.13.243; 网元IP地址(IP Mode):NULL; 端口:6007; 错误:N/A; 信息:端口时; 分:MediationService0405; OMC IP:10.154.18.12""}]}"
c50370fe-64b9-4997-8ad7-77f1d43957a2,"{""rootcause"": [{""title"": ""RRU链路断"", ""location"": ""SubNetwork=5300,ManagedElement=2622549,Equipment=1,ReplaceableUnit=51""}]}"
c519a1c6-e64c-451d-b6a6-198182719679,"{""rootcause"": [{""title"": ""DU小区退服"", ""location"": ""SubNetwork=1004,ManagedElement=1401016,GNBDUFunction=460-00_1401016,NRCellDU=1""}, {""title"": ""DU小区退服"", ""location"": ""SubNetwork=1004,ManagedElement=1401016,GNBDUFunction=460-00_1401016,NRCellDU=2""}]}"
c5a4dcc9-dc47-4143-aa67-aae914699008,"{""rootcause"": [{""title"": ""网元连接中断"", ""location"": ""网元名称:CBN-148D59002545916PT-H5H; 网元IP地址:10.183.38.229; 网元IP地址(IP Mode):NULL; 端口:6007; 错误:N/A; 信息:端口时; 分:MediationService0705; OMC IP:10.229.166.141""}, {""title"": ""[衍生告警]设备商乙5G小区退服"", ""location"": ""{\""addInfo\"":\"":MAE网元3分; :告警“”;; gNodeBId:2545916; gNodeBIdLogic:2545916; deployment:SA; PLMNList:46000,46015\"",\""alarmId\"":\""72214253\"",\""alarmSeq\"":38927282,\""alarmStatus\"":1,\""alarmTitle\"":\""网元\"",\""alarmType\"":\""内部\"",\""eventTime\"":\""2025-12-24 20:32:09\"",\""locationInfo\"":\""网元名称:CBN-148D59002545916PT-H5H; 网元IP地址:10.183.38.229; 网元IP地址(IP Mode):NULL; 端口:6007; 错误:N/A; 信息:端口时; 分:MediationService0705; OMC IP:10.229.166.141\"",\""neName\"":\""CBN-148D59002545916PT-H5H\"",\""neType\"":\""GNB\"",\""neUID\"":\""4300设备商乙WXDMNE2147496833\"",\""objectName\"":\""CBN-148D59002545916PT-H5H\"",\""objectType\"":\""ManagedElement\"",\""objectUID\"":\""4300设备商乙WXDMNE2147496833\"",\""origSeverity\"":1,\""rNeName\"":\""\"",\""rNeType\"":\""\"",\""rNeUID\"":\""\"",\""specificProblem\"":\""718\"",\""specificProblemID\"":\""40012\""}\n告警：""}]}"
c6558720-eeef-43f0-bd86-2f59afaa2dca,"{""rootcause"": [{""title"": ""设备掉电"", ""location"": ""SubNetwork=26,ManagedElement=856736,Equipment=1,Rack=53,SubRack=1,Slot=1,PlugInUnit=1,SdrDeviceGroup=1""}]}"
c6f82f1f-0479-48b7-a2a6-deb0d9a3acf0,"{""rootcause"": [{""title"": ""射频单元IR接口异常告警"", ""location"": ""柜号:0; 框号:212; 槽号:0; 端口号:端口1; 类型:MRRU; :IR接口异常""}]}"
c72b4d7b-fc9e-4318-ad69-70db8b828e1e,"{""rootcause"": [{""title"": ""设备掉电"", ""location"": ""sbn=2,NodeMe=474307,Equipment=1,rack=54,shelf=1,board=1""}, {""title"": ""设备掉电"", ""location"": ""sbn=2,NodeMe=474307,Equipment=1,rack=56,shelf=1,board=1""}, {""title"": ""设备掉电"", ""location"": ""sbn=2,NodeMe=474307,Equipment=1,rack=55,shelf=1,board=1""}]}"
c7599953-97f2-4a06-bda1-fedade5d71c1,"{""rootcause"": [{""title"": ""射频单元直流掉电告警"", ""location"": ""柜号:0; 框号:212; 槽号:0; 类型:MRRU""}, {""title"": ""射频单元直流掉电告警"", ""location"": ""柜号:0; 框号:206; 槽号:0; 类型:MRRU""}, {""title"": ""射频单元直流掉电告警"", ""location"": ""柜号:0; 框号:200; 槽号:0; 类型:MRRU""}]}"
c8687f66-bb51-4f28-a589-11dea79beb5d,"{""rootcause"": [{""title"": ""设备掉电"", ""location"": ""SubNetwork=13,ManagedElement=169916,Equipment=1,Rack=57,SubRack=1,Slot=1,PlugInUnit=1,SdrDeviceGroup=1""}, {""title"": ""设备掉电"", ""location"": ""SubNetwork=13,ManagedElement=169916,Equipment=1,Rack=55,SubRack=1,Slot=1,PlugInUnit=1,SdrDeviceGroup=1""}]}"
c90fbdec-4d8e-4282-9615-6515cf4d5c28,"{""rootcause"": [{""title"": ""设备掉电"", ""location"": ""SubNetwork=5306,ManagedElement=295631,Equipment=1,Rack=58,SubRack=1,Slot=1,PlugInUnit=1,SdrDeviceGroup=1""}, {""title"": ""设备掉电"", ""location"": ""SubNetwork=5306,ManagedElement=295631,Equipment=1,Rack=55,SubRack=1,Slot=1,PlugInUnit=1,SdrDeviceGroup=1""}, {""title"": ""设备掉电"", ""location"": ""SubNetwork=5306,ManagedElement=295631,Equipment=1,Rack=56,SubRack=1,Slot=1,PlugInUnit=1,SdrDeviceGroup=1""}, {""title"": ""设备掉电"", ""location"": ""SubNetwork=5306,ManagedElement=295631,Equipment=1,Rack=57,SubRack=1,Slot=1,PlugInUnit=1,SdrDeviceGroup=1""}, {""title"": ""设备掉电"", ""location"": ""SubNetwork=5306,ManagedElement=295631,Equipment=1,Rack=54,SubRack=1,Slot=1,PlugInUnit=1,SdrDeviceGroup=1""}]}"
c92159f0-ff4a-4ab3-8335-a33e384e12ea,"{""rootcause"": [{""title"": ""射频单元交流掉电告警"", ""location"": ""柜号:0; 框号:208; 槽号:0; 类型:MRRU""}]}"
c953c49e-0e7b-48f9-a8d1-24deed81a328,"{""rootcause"": [{""title"": ""射频单元维护链路异常告警"", ""location"": ""柜号:0; 框号:112; 槽号:0; 类型:MRRU; :""}]}"
c99e715d-2587-4dde-85df-e0e3adb391f7,"{""rootcause"": [{""title"": ""设备掉电"", ""location"": ""sbn=7310,NodeMe=985987,Equipment=1,rack=66,shelf=1,board=1""}, {""title"": ""设备掉电"", ""location"": ""sbn=7310,NodeMe=985987,Equipment=1,rack=69,shelf=1,board=1""}]}"
cae745ce-7f26-4428-8e39-e41f4afc7c6f,"{""rootcause"": [{""title"": ""输入电源断"", ""location"": ""SubNetwork=1004,ManagedElement=1430122,Equipment=1,ReplaceableUnit=74""}, {""title"": ""输入电源断"", ""location"": ""SubNetwork=1004,ManagedElement=1430122,Equipment=1,ReplaceableUnit=75""}, {""title"": ""输入电源断"", ""location"": ""SubNetwork=1004,ManagedElement=1430122,Equipment=1,ReplaceableUnit=76""}]}"
cc154efe-123e-463c-85be-6eba45656331,"{""rootcause"": [{""title"": ""射频单元交流掉电告警"", ""location"": ""柜号:0; 框号:174; 槽号:0; 类型:MRRU""}, {""title"": ""NR分布单元小区TRP不可用告警"", ""location"": ""gNodeB名称:1-H5W; NR DUTRP:6; 故障柜号:0; 故障框号:174; 故障槽号:0; 描述:NULL; :电源异常""}, {""title"": ""NR分布单元小区TRP不可用告警"", ""location"": ""gNodeB名称:1-H5W; NR DUTRP:7; 故障柜号:0; 故障框号:180; 故障槽号:0; 描述:NULL; :异常""}]}"
cdae01fa-ffeb-421d-bce8-020d92e0b8ab,"{""rootcause"": [{""title"": ""射频单元交流掉电告警"", ""location"": ""柜号:0; 框号:200; 槽号:0; 类型:MRRU""}, {""title"": ""射频单元交流掉电告警"", ""location"": ""柜号:0; 框号:90; 槽号:0; 类型:MRRU""}, {""title"": ""射频单元交流掉电告警"", ""location"": ""柜号:0; 框号:201; 槽号:0; 类型:MRRU""}, {""title"": ""BBU IR接口异常告警"", ""location"": ""柜号:0; 框号:0; 槽号:2; 端口号:0; 端口号:0; 类型:UBBP; :""}]}"
cefc0540-9428-4313-8a00-f1b04b7ea658,"{""rootcause"": [{""title"": ""射频单元驻波告警"", ""location"": ""柜号:0; 框号:226; 槽号:0; :1; 类型:MRRU; 告警(0.1):18; (0.1):18; 输出(0.1dBm):307; 端口:NULL""}]}"
cf15d7f2-07ec-4d3d-835b-d27f41637ebb,"{""rootcause"": [{""title"": ""以太网物理接口(ETPI) 信号丢失(LOS)"", ""location"": ""OIGE8A[0-1-1]-GE\\:6(LTE-B8300984505PT-ZFH)""}]}"
cf468c2e-951b-4c68-9820-5044c12c16ab,"{""rootcause"": [{""title"": ""输入电源断"", ""location"": ""SubNetwork=1004,ManagedElement=1430359,Equipment=1,ReplaceableUnit=72""}, {""title"": ""输入电源断"", ""location"": ""SubNetwork=1004,ManagedElement=1430359,Equipment=1,ReplaceableUnit=71""}, {""title"": ""输入电源断"", ""location"": ""SubNetwork=1004,ManagedElement=1430359,Equipment=1,ReplaceableUnit=73""}]}"
cf632584-38e3-4b19-a412-2d6f8f537a2d,"{""rootcause"": [{""title"": ""网元连接中断"", ""location"": ""网元名称:5G北1H; 网元IP地址:10.153.166.130; 网元IP地址(IP Mode):NULL; 端口:6007; 错误:N/A; 信息:端口时; 分:MediationService5608; OMC IP:10.224.27.34""}]}"
cf6edba4-a827-42ad-893f-fa4a34bb0f7d,"{""rootcause"": [{""title"": ""射频单元直流掉电告警"", ""location"": ""柜号:0; 框号:151; 槽号:0; 类型:AIRU""}, {""title"": ""射频单元直流掉电告警"", ""location"": ""柜号:0; 框号:150; 槽号:0; 类型:AIRU""}, {""title"": ""射频单元直流掉电告警"", ""location"": ""柜号:0; 框号:152; 槽号:0; 类型:AIRU""}]}"
cffb4a48-6fd7-4306-8d3b-5124e9d17c96,"{""rootcause"": [{""title"": ""天馈驻波比异常"", ""location"": ""SubNetwork=0,ManagedElement=3671641,Equipment=1,ReplaceableUnit=59,RfPort=ANT2""}, {""title"": ""天馈驻波比异常"", ""location"": ""SubNetwork=0,ManagedElement=3671641,Equipment=1,ReplaceableUnit=59,RfPort=ANT4""}]}"
d03066e3-edb6-4bd0-845a-d3c7a397f7b7,"{""rootcause"": [{""title"": ""射频单元交流掉电告警"", ""location"": ""柜号:0; 框号:151; 槽号:0; 类型:AIRU""}, {""title"": ""射频单元交流掉电告警"", ""location"": ""柜号:0; 框号:150; 槽号:0; 类型:AIRU""}]}"
d14a7ca0-eeb5-44b8-850a-fdc536f03f2c,"{""rootcause"": [{""title"": ""BBU CPRI线速率协商异常告警"", ""location"": "":1; (/秒):1.25; (/秒):9.8; 描述信息:UBBP\\:0-0-3 Port\\:1 Subport\\:0""}, {""title"": ""射频单元维护链路异常告警"", ""location"": ""柜号:0; 框号:62; 槽号:0; 类型:MRRU; :""}]}"
d276a9b3-bc6f-48ff-ab27-fd2e3d359b29,"{""rootcause"": [{""title"": ""射频单元IR接口异常告警"", ""location"": ""柜号:0; 框号:237; 槽号:0; 端口号:端口0; 类型:MRRU; :IR接口异常""}]}"
d2906204-8342-4348-af98-4608f8f335c3,"{""rootcause"": [{""title"": ""光口链路故障"", ""location"": ""SubNetwork=CMCC-GZ-02,ManagedElement=12588010,Equipment=1,ReplaceableUnit=B_1_8,RiPort=OF1""}, {""title"": ""光模块接收光功率异常"", ""location"": ""SubNetwork=CMCC-GZ-02,ManagedElement=12588010,Equipment=1,ReplaceableUnit=B_1_8,RiPort=OF1""}, {""title"": ""光模块接收光功率异常"", ""location"": ""SubNetwork=CMCC-GZ-02,ManagedElement=12588010,Equipment=1,ReplaceableUnit=B_1_8,RiPort=OF2""}, {""title"": ""光模块接收光功率异常"", ""location"": ""SubNetwork=CMCC-GZ-02,ManagedElement=12588010,Equipment=1,ReplaceableUnit=B_1_8,RiPort=OF3""}, {""title"": ""光模块接收光功率异常"", ""location"": ""SubNetwork=CMCC-GZ-02,ManagedElement=12588010,Equipment=1,ReplaceableUnit=A_4,RiPort=OPT1""}]}"
d36feb73-c761-43ea-9c40-114ff1a8a318,"{""rootcause"": [{""title"": ""GNSS星卡锁星不足告警"", ""location"": ""柜号:0; 框号:0; 槽号:6; 类型:UMPT; :""}]}"
d37febdc-5e69-4246-80b1-d2a0e0a8d3d8,"{""rootcause"": [{""title"": ""设备掉电"", ""location"": ""SubNetwork=5304,ManagedElement=595023,Equipment=1,Rack=62,SubRack=1,Slot=1,PlugInUnit=1,SdrDeviceGroup=1""}, {""title"": ""设备掉电"", ""location"": ""SubNetwork=5304,ManagedElement=595023,Equipment=1,Rack=59,SubRack=1,Slot=1,PlugInUnit=1,SdrDeviceGroup=1""}, {""title"": ""设备掉电"", ""location"": ""SubNetwork=5304,ManagedElement=595023,Equipment=1,Rack=61,SubRack=1,Slot=1,PlugInUnit=1,SdrDeviceGroup=1""}, {""title"": ""设备掉电"", ""location"": ""SubNetwork=5304,ManagedElement=595023,Equipment=1,Rack=63,SubRack=1,Slot=1,PlugInUnit=1,SdrDeviceGroup=1""}, {""title"": ""设备掉电"", ""location"": ""SubNetwork=5304,ManagedElement=595023,Equipment=1,Rack=60,SubRack=1,Slot=1,PlugInUnit=1,SdrDeviceGroup=1""}]}"
d3af2aee-7dc1-4e51-9412-857e58882314,"{""rootcause"": [{""title"": ""BBU IR接口异常告警"", ""location"": ""柜号:0; 框号:0; 槽号:2; 端口号:3; 端口号:0; 类型:UBBP; :""}]}"
d40e4051-cfb6-43e7-91ef-516cf3bedf62,"{""rootcause"": [{""title"": ""输入电源断"", ""location"": ""SubNetwork=1004,ManagedElement=1393254,Equipment=1,ReplaceableUnit=64""}, {""title"": ""输入电源断"", ""location"": ""SubNetwork=1004,ManagedElement=1393254,Equipment=1,ReplaceableUnit=65""}, {""title"": ""输入电源断"", ""location"": ""SubNetwork=1004,ManagedElement=1393254,Equipment=1,ReplaceableUnit=66""}]}"
d450cd63-3e5d-4c67-b11a-517c03d7e3e0,"{""rootcause"": [{""title"": ""天馈驻波比异常"", ""location"": ""SubNetwork=1004,ManagedElement=1427776,Equipment=1,ReplaceableUnit=132,RfPort=ANT1""}, {""title"": ""以太网物理接口(ETPI) Ethernet端口未连接"", ""location"": ""PXGA12T1[0-1-11]-10GE:4""}]}"
d45f9f72-d6bb-44b6-b618-66de07838f78,"{""rootcause"": [{""title"": ""BBU IR接口异常告警"", ""location"": ""柜号:0; 框号:0; 槽号:2; 端口号:2; 端口号:0; 类型:UBBP; :""}, {""title"": ""BBU IR接口异常告警"", ""location"": ""柜号:0; 框号:0; 槽号:2; 端口号:0; 端口号:0; 类型:UBBP; :""}, {""title"": ""BBU IR接口异常告警"", ""location"": ""柜号:0; 框号:0; 槽号:2; 端口号:1; 端口号:0; 类型:UBBP; :""}]}"
d5033a12-f57f-40c9-80f5-1477e2d6f716,"{""rootcause"": [{""title"": ""设备掉电"", ""location"": ""SubNetwork=5300,ManagedElement=296366,Equipment=1,Rack=51,SubRack=1,Slot=1,PlugInUnit=1,SdrDeviceGroup=1""}, {""title"": ""设备掉电"", ""location"": ""SubNetwork=5300,ManagedElement=296366,Equipment=1,Rack=56,SubRack=1,Slot=1,PlugInUnit=1,SdrDeviceGroup=1""}, {""title"": ""设备掉电"", ""location"": ""SubNetwork=5300,ManagedElement=296366,Equipment=1,Rack=57,SubRack=1,Slot=1,PlugInUnit=1,SdrDeviceGroup=1""}, {""title"": ""LTE小区退出服务"", ""location"": ""SubNetwork=5300,ManagedElement=296366,ENBFunctionTDD=296366,EUtranCellTDD=70""}, {""title"": ""LTE小区退出服务"", ""location"": ""SubNetwork=5300,ManagedElement=296366,ENBFunctionTDD=296366,EUtranCellTDD=69""}]}"
d51a4fe5-3721-4585-929c-0ca993c3a0be,"{""rootcause"": [{""title"": ""光模块不可用"", ""location"": ""SubNetwork=5308,ManagedElement=831172,Equipment=1,Rack=1,SubRack=1,Slot=11,PlugInUnit=1,SdrDeviceGroup=1,FiberDeviceSet=1,FiberDevice=1""}, {""title"": ""单板未配置"", ""location"": ""SubNetwork=5308,ManagedElement=831172,Equipment=1,Rack=1,SubRack=1""}, {""title"": ""单板不在位"", ""location"": ""SubNetwork=5308,ManagedElement=831172,Equipment=1,Rack=1,SubRack=1,Slot=10,PlugInUnit=1,SdrDeviceGroup=1""}, {""title"": ""单板处于初始化状态"", ""location"": ""SubNetwork=5308,ManagedElement=831172,Equipment=1,Rack=1,SubRack=1,Slot=10,PlugInUnit=1,SdrDeviceGroup=1""}, {""title"": ""LTE小区退出服务"", ""location"": ""SubNetwork=5308,ManagedElement=831172,ENBFunctionTDD=831172,EUtranCellTDD=11""}]}"
d5376a71-c48e-4351-ba60-f982778b3eb4,"{""rootcause"": [{""title"": ""网元连接中断"", ""location"": ""网元名称:()HL-D390053536PT; 网元IP地址:100.92.56.212; 网元IP地址(IP Mode):NULL; 端口:6007; 错误:N/A; 信息:端口时; 分:MediationService0606; OMC IP:10.154.18.14""}, {""title"": ""以太网物理接口(ETPI) 信号丢失(LOS)"", ""location"": ""R4EGC[0-1-3]-GE\\:3""}, {""title"": ""[衍生告警]PTN光缆中断，单报LOS"", ""location"": ""OIGE8A[0-1-9]-GE\\:1""}]}"
d572c05c-7b5b-4e09-96a3-b36ac0dc8923,"{""rootcause"": [{""title"": ""输入电源断"", ""location"": ""SubNetwork=1008,ManagedElement=1387934,Equipment=1,ReplaceableUnit=64""}]}"
d5e299a3-4a0c-4877-9436-36d761b7c3fe,"{""rootcause"": [{""title"": ""射频单元IR接口异常告警"", ""location"": ""柜号:0; 框号:203; 槽号:0; 端口号:端口0; 类型:MRRU; :IR接口异常""}]}"
d62da5f0-d182-404f-89d9-d9e4812d96c0,"{""rootcause"": [{""title"": ""输入电源断"", ""location"": ""SubNetwork=1004,ManagedElement=1416479,Equipment=1,ReplaceableUnit=61""}, {""title"": ""输入电源断"", ""location"": ""SubNetwork=1004,ManagedElement=1416479,Equipment=1,ReplaceableUnit=63""}, {""title"": ""输入电源断"", ""location"": ""SubNetwork=1004,ManagedElement=1416479,Equipment=1,ReplaceableUnit=62""}, {""title"": ""ETH_LOS"", ""location"": ""26-81EFG4-3(PORT-3)-MAC:1""}, {""title"": ""ETH_LOS"", ""location"": ""2-D2EG2-1(PORT-1)-MAC:1""}]}"
d74b307f-5792-4d8a-b419-ab3024ddb44a,"{""rootcause"": [{""title"": ""输入电源断"", ""location"": ""SubNetwork=1004,ManagedElement=1411064,Equipment=1,ReplaceableUnit=65""}, {""title"": ""输入电源断"", ""location"": ""SubNetwork=1004,ManagedElement=1411064,Equipment=1,ReplaceableUnit=66""}, {""title"": ""输入电源断"", ""location"": ""SubNetwork=1004,ManagedElement=1411064,Equipment=1,ReplaceableUnit=64""}]}"
d76f197c-0a39-4207-a819-0b55bdf0701c,"{""rootcause"": [{""title"": ""天馈驻波比异常"", ""location"": ""sbn=1001,NodeMe=394145,Equipment=1,rack=51,shelf=1,board=1""}]}"
d793d532-08ad-4410-a3fd-c09844eb67d0,"{""rootcause"": [{""title"": ""网元连接中断"", ""location"": ""网元名称:域HL-D3900473667TF; 网元IP地址:100.92.14.92; 网元IP地址(IP Mode):NULL; 端口:6007; 错误:N/A; 信息:端口时; 分:MediationService0406; OMC IP:10.154.18.12""}, {""title"": ""网元连接中断"", ""location"": ""网元名称:域HL-D3900473653TF; 网元IP地址:100.92.14.89; 网元IP地址(IP Mode):NULL; 端口:6007; 错误:N/A; 信息:端口时; 分:MediationService0406; OMC IP:10.154.18.12""}]}"
d7b73432-8545-486a-8820-7b7030be0af3,"{""rootcause"": [{""title"": ""射频单元直流掉电告警"", ""location"": ""柜号:0; 框号:151; 槽号:0; 类型:AIRU""}, {""title"": ""BBU CPRI接口异常告警"", ""location"": ""柜号:0; 框号:0; 槽号:0; 端口号:1; 端口号:0; 类型:UBBP; :CPRI接口异常""}]}"
d7bd64b0-e1e8-432f-a82f-9553af0b402e,"{""rootcause"": [{""title"": ""射频单元交流掉电告警"", ""location"": ""柜号:0; 框号:61; 槽号:0; 类型:MRRU""}, {""title"": ""射频单元交流掉电告警"", ""location"": ""柜号:0; 框号:62; 槽号:0; 类型:MRRU""}, {""title"": ""射频单元交流掉电告警"", ""location"": ""柜号:0; 框号:60; 槽号:0; 类型:MRRU""}]}"
d7cc47a5-d53c-4987-b0d2-1971d58257b4,"{""rootcause"": [{""title"": ""射频单元直流掉电告警"", ""location"": ""柜号:0; 框号:63; 槽号:0; 类型:MRRU""}, {""title"": ""射频单元直流掉电告警"", ""location"": ""柜号:0; 框号:60; 槽号:0; 类型:MRRU""}, {""title"": ""BBU CPRI接口异常告警"", ""location"": ""柜号:0; 框号:0; 槽号:2; 端口号:0; 端口号:0; 类型:UBBP; :CPRI接口异常""}, {""title"": ""射频单元直流掉电告警"", ""location"": ""柜号:0; 框号:66; 槽号:0; 类型:MRRU""}]}"
d7f62d3d-01fb-4f27-9403-384978cf2164,"{""rootcause"": [{""title"": ""输入电源断"", ""location"": ""SubNetwork=5308,ManagedElement=2622047,Equipment=1,ReplaceableUnit=54""}, {""title"": ""输入电源断"", ""location"": ""SubNetwork=5308,ManagedElement=2622047,Equipment=1,ReplaceableUnit=53""}, {""title"": ""输入电源断"", ""location"": ""SubNetwork=5308,ManagedElement=2622047,Equipment=1,ReplaceableUnit=51""}, {""title"": ""输入电源断"", ""location"": ""SubNetwork=5308,ManagedElement=2622047,Equipment=1,ReplaceableUnit=52""}, {""title"": ""设备掉电"", ""location"": ""SubNetwork=5301,ManagedElement=373782,Equipment=1,Rack=61,SubRack=1,Slot=1,PlugInUnit=1,SdrDeviceGroup=1""}]}"
d93f86ee-6a65-4403-a4ac-383980928726,"{""rootcause"": [{""title"": ""输入电源断"", ""location"": ""SubNetwork=1004,ManagedElement=1430502,Equipment=1,ReplaceableUnit=61""}, {""title"": ""输入电源断"", ""location"": ""SubNetwork=1004,ManagedElement=1430502,Equipment=1,ReplaceableUnit=62""}, {""title"": ""输入电源断"", ""location"": ""SubNetwork=1004,ManagedElement=1430502,Equipment=1,ReplaceableUnit=63""}, {""title"": ""DU小区退服"", ""location"": ""SubNetwork=1004,ManagedElement=1430502,GNBDUFunction=460-00_1430502,NRCellDU=3""}, {""title"": ""DU小区退服"", ""location"": ""SubNetwork=1004,ManagedElement=1430502,GNBDUFunction=460-00_1430502,NRCellDU=2""}]}"
d9ab3147-40ee-49d6-ac3e-78f887cebdfd,"{""rootcause"": [{""title"": ""天馈驻波比异常"", ""location"": ""SubNetwork=0,ManagedElement=2550129,Equipment=1,ReplaceableUnit=54,RfPort=ANT1""}]}"
da04e704-0eed-4b25-858a-dd8b456430cf,"{""rootcause"": [{""title"": ""设备掉电"", ""location"": ""sbn=7318,NodeMe=459716,Equipment=1,rack=53,shelf=1,board=1""}]}"
da635df4-e0d2-427b-b901-498139f148cd,"{""rootcause"": [{""title"": ""射频单元驻波告警"", ""location"": ""柜号:0; 框号:62; 槽号:0; :1; 类型:MRRU; 告警(0.1):18; (0.1):250; 输出(0.1dBm):361; 端口:NULL""}]}"
da6db3a8-9bae-463f-816b-f774519352cd,"{""rootcause"": [{""title"": ""传输光接口异常告警"", ""location"": ""柜号:0; 框号:0; 槽号:6; 端口号:1; 类型:UMPT; :""}]}"
db30f766-72b3-4f28-b29e-56db1f3e7c64,"{""rootcause"": [{""title"": ""网元连接中断"", ""location"": ""网元名称:HL-D3900459515PT; 网元IP地址:100.92.11.47; 网元IP地址(IP Mode):NULL; 端口:6007; 错误:N/A; 信息:端口时; 分:MediationService0305; OMC IP:10.154.18.11""}, {""title"": ""[衍生告警]设备商乙4G基站退服"", ""location"": "":南;\n名称:;\n告警:[告警]4G;\n告警:；2\n告警时间:2025-12-24 00:33:33;""}]}"
dba4993c-3ccd-4113-bf19-70a4abfb1266,"{""rootcause"": [{""title"": ""射频单元驻波告警"", ""location"": ""柜号:0; 框号:206; 槽号:0; :1; 类型:MRRU; 告警(0.1):20; (0.1):24; 输出(0.1dBm):240; 端口:NULL""}]}"
dc8df7d5-edb9-4849-a7d5-f34a911a3107,"{""rootcause"": [{""title"": ""射频单元交流掉电告警"", ""location"": ""柜号:0; 框号:177; 槽号:0; 类型:MRRU""}, {""title"": ""射频单元交流掉电告警"", ""location"": ""柜号:0; 框号:160; 槽号:0; 类型:MRRU""}, {""title"": ""射频单元交流掉电告警"", ""location"": ""柜号:0; 框号:152; 槽号:0; 类型:MRRU""}, {""title"": ""射频单元交流掉电告警"", ""location"": ""柜号:0; 框号:151; 槽号:0; 类型:MRRU""}, {""title"": ""射频单元交流掉电告警"", ""location"": ""柜号:0; 框号:174; 槽号:0; 类型:MRRU""}]}"
dca88556-da81-4fea-b5bc-537fd61e5b1f,"{""rootcause"": [{""title"": ""射频单元驻波告警"", ""location"": ""柜号:0; 框号:201; 槽号:0; :1; 类型:MRRU; 告警(0.1):18; (0.1):20; 输出(0.1dBm):338; 端口:NULL""}, {""title"": ""射频单元驻波告警"", ""location"": ""柜号:0; 框号:201; 槽号:0; :1; 类型:MRRU; 告警(0.1):18; (0.1):27; 输出(0.1dBm):343; 端口:NULL""}]}"
dd29409d-298e-451b-8231-e0c53c0e420a,"{""rootcause"": [{""title"": ""射频单元交流掉电告警"", ""location"": ""柜号:0; 框号:152; 槽号:0; 类型:MRRU""}, {""title"": ""射频单元业务不可用告警"", ""location"": ""eNodeB名称:2-HFM; 本地:187; :FDD; 柜号:0; 框号:152; 槽号:0; NB-IoT:FALSE; eNodeB分:NULL; 名称:2-HFM-FD-187; eNodeB:42512; :187; :电源异常""}]}"
ddbf6564-e7e3-4562-9c4b-237fd58dcf00,"{""rootcause"": [{""title"": ""射频单元驻波告警"", ""location"": ""柜号:0; 框号:62; 槽号:0; :1; 类型:MRRU; 告警(0.1):18; (0.1):188; 输出(0.1dBm):163; 端口:NULL""}]}"
dea57ec0-cb96-4c26-9710-cbe850478faf,"{""rootcause"": [{""title"": ""光口链路故障"", ""location"": ""SubNetwork=CMCC-GZ-04,ManagedElement=12584876,Equipment=1,ReplaceableUnit=VBP_1_8,RiPort=OF3""}, {""title"": ""光口链路故障"", ""location"": ""SubNetwork=CMCC-GZ-04,ManagedElement=12584876,Equipment=1,ReplaceableUnit=A_2,RiPort=OPT1""}, {""title"": ""光口链路故障"", ""location"": ""SubNetwork=CMCC-GZ-04,ManagedElement=12584876,Equipment=1,ReplaceableUnit=A_3,RiPort=OPT1""}]}"
df6cbfdb-c0f8-48dd-b4cf-f0e8205fbe39,"{""rootcause"": [{""title"": ""RRU链路断"", ""location"": ""SubNetwork=1003,ManagedElement=16469,Equipment=1,Rack=53,SubRack=1,Slot=1,PlugInUnit=1,SdrDeviceGroup=1""}, {""title"": ""4G基站断小区事件"", ""location"": ""SubNetwork=1003,ManagedElement=16469,ENBFunctionTDD=16469,EUtranCellTDD=3""}]}"
dfe51067-16d9-4d80-bdae-ce2e4645b739,"{""rootcause"": [{""title"": ""输入电压异常"", ""location"": ""SubNetwork=5306,ManagedElement=2622386,Equipment=1,ReplaceableUnit=VPD_1_5""}]}"
e1300d1c-b631-40d9-ac85-ffc3c9e3b42d,"{""rootcause"": [{""title"": ""射频单元交流掉电告警"", ""location"": ""柜号:0; 框号:151; 槽号:0; 类型:AIRU""}, {""title"": ""射频单元交流掉电告警"", ""location"": ""柜号:0; 框号:150; 槽号:0; 类型:AIRU""}]}"
e257ed84-3b99-4e85-adda-b047d33555ed,"{""rootcause"": [{""title"": ""射频单元交流掉电告警"", ""location"": ""柜号:0; 框号:200; 槽号:0; 类型:MRRU""}]}"
e29d9749-8013-4997-a158-295facbae560,"{""rootcause"": [{""title"": ""网元连接中断"", ""location"": ""网元名称:CBN-1-H5H; 网元IP地址:10.184.163.190; 网元IP地址(IP Mode):NULL; 端口:6007; 错误:N/A; 信息:端口时; 分:MediationService5808; OMC IP:10.224.27.36""}]}"
e325369b-cb75-4da1-af8d-90c4c192cbff,"{""rootcause"": [{""title"": ""RRU链路断"", ""location"": ""SubNetwork=5300,ManagedElement=2621453,Equipment=1,ReplaceableUnit=53""}]}"
e343acff-4e06-471a-bf9f-027c6dec3731,"{""rootcause"": [{""title"": ""RRU链路断"", ""location"": ""SubNetwork=5307,ManagedElement=2591344,Equipment=1,ReplaceableUnit=52""}]}"
e35160ec-b305-4fd7-aa5e-5a79c30be440,"{""rootcause"": [{""title"": ""LTE小区退出服务"", ""location"": ""SubNetwork=1003,ManagedElement=357998,ENBFunctionFDD=357998,EUtranCellFDD=253""}, {""title"": ""ETH_LOS"", ""location"": ""32-TPA1EG24-24(时)-MAC:1""}]}"
e3fac97b-b244-438e-b6e4-7bd8dce938e0,"{""rootcause"": [{""title"": ""射频单元CPRI接口异常告警"", ""location"": ""柜号:0; 框号:153; 槽号:0; 端口号:端口1; 端口号:NULL; 类型:MRRU; :CPRI接口异常""}]}"
e4320016-8daa-4ec3-986a-b6a3a74f8cb8,"{""rootcause"": [{""title"": ""射频单元直流掉电告警"", ""location"": ""柜号:0; 框号:220; 槽号:0; 类型:MRRU""}]}"
e539135d-8bba-4486-be89-ed22900c1ec5,"{""rootcause"": [{""title"": ""射频单元驻波告警"", ""location"": ""柜号:0; 框号:231; 槽号:0; :0; 类型:MRRU; 告警(0.1):18; (0.1):19; 输出(0.1dBm):355; 端口:NULL""}, {""title"": ""射频单元驻波告警"", ""location"": ""柜号:0; 框号:231; 槽号:0; :0; 类型:MRRU; 告警(0.1):18; (0.1):19; 输出(0.1dBm):361; 端口:NULL""}]}"
e57d1093-5203-4573-a09d-fcb4c415e26a,"{""rootcause"": [{""title"": ""RRU链路断"", ""location"": ""sbn=0,NodeMe=474953,Equipment=1,rack=57,shelf=1,board=1""}, {""title"": ""RRU链路断"", ""location"": ""sbn=0,NodeMe=474953,Equipment=1,rack=58,shelf=1,board=1""}]}"
e6a573e7-a759-459c-b3ad-db9f5758a171,"{""rootcause"": [{""title"": ""输入电源断"", ""location"": ""SubNetwork=5309,ManagedElement=2646159,Equipment=1,ReplaceableUnit=52""}, {""title"": ""输入电源断"", ""location"": ""SubNetwork=5309,ManagedElement=2646159,Equipment=1,ReplaceableUnit=51""}]}"
e74096c8-61c6-4daf-974e-077655f8534b,"{""rootcause"": [{""title"": ""BBU CPRI接口异常告警"", ""location"": ""柜号:0; 框号:0; 槽号:2; 端口号:0; 端口号:0; 类型:UBBP; :""}]}"
e74c6963-9943-4a35-9c45-0d7bb1af61a6,"{""rootcause"": [{""title"": ""天馈驻波比异常"", ""location"": ""sbn=7311,NodeMe=985406,Equipment=1,rack=63,shelf=1,board=1""}]}"
e7593119-f707-48db-916e-785a1f677381,"{""rootcause"": [{""title"": ""设备掉电"", ""location"": ""sbn=7312,NodeMe=462150,Equipment=1,rack=53,shelf=1,board=1""}, {""title"": ""设备掉电"", ""location"": ""sbn=7312,NodeMe=462150,Equipment=1,rack=51,shelf=1,board=1""}]}"
e76c811b-0dcb-4e64-806d-3c649cb0eca1,"{""rootcause"": [{""title"": ""设备掉电"", ""location"": ""sbn=7318,NodeMe=459720,Equipment=1,rack=55,shelf=1,board=1""}]}"
e7700f4a-e97e-40ad-bda5-afd0f92e7509,"{""rootcause"": [{""title"": ""光口接收链路故障"", ""location"": ""SubNetwork=5305,ManagedElement=595908,Equipment=1,Rack=1,SubRack=1,Slot=12,PlugInUnit=1,SdrDeviceGroup=1,FiberDeviceSet=1,FiberDevice=1""}]}"
e7c0c3fe-f81e-494f-8faa-edcee9a23ce3,"{""rootcause"": [{""title"": ""射频单元直流掉电告警"", ""location"": ""柜号:0; 框号:92; 槽号:0; 类型:MRRU""}, {""title"": ""射频单元直流掉电告警"", ""location"": ""柜号:0; 框号:91; 槽号:0; 类型:MRRU""}, {""title"": ""射频单元直流掉电告警"", ""location"": ""柜号:0; 框号:90; 槽号:0; 类型:MRRU""}]}"
e84c37b0-5a87-4d8c-861f-83ab270e4744,"{""rootcause"": [{""title"": ""BBU CPRI接口异常告警"", ""location"": ""柜号:0; 框号:0; 槽号:0; 端口号:0; 端口号:0; 类型:UBBP; :MAC""}, {""title"": ""BBU CPRI接口异常告警"", ""location"": ""柜号:0; 框号:0; 槽号:0; 端口号:0; 端口号:0; 类型:UBBP; :CPRI接口异常""}]}"
e84dea47-7eab-4682-b981-3ab6f358ef57,"{""rootcause"": [{""title"": ""[衍生告警]设备商甲4G小区退服"", ""location"": "":东;\n名称:;\n告警:[告警]4G;\n告警:；2\n告警时间:2026-01-18 11:36:44;""}, {""title"": ""[衍生告警]设备商甲4G小区退服"", ""location"": "":东;\n名称:;\n告警:[告警]4G;\n告警:；2\n告警时间:2026-01-18 11:20:50;""}]}"
e8dcd7dc-771c-4366-a5b1-8a1ea25c54e3,"{""rootcause"": [{""title"": ""BBU CPRI接口异常告警"", ""location"": ""柜号:0; 框号:0; 槽号:0; 端口号:2; 端口号:0; 类型:UBBP; :MAC""}, {""title"": ""BBU CPRI接口异常告警"", ""location"": ""柜号:0; 框号:0; 槽号:0; 端口号:2; 端口号:0; 类型:UBBP; :CPRI接口异常""}]}"
e90ab54c-d993-48e5-b0a2-74e278a3dca4,"{""rootcause"": [{""title"": ""设备掉电"", ""location"": ""SubNetwork=1003,ManagedElement=499529,Equipment=1,Rack=52,SubRack=1,Slot=1,PlugInUnit=1,SdrDeviceGroup=1""}, {""title"": ""设备掉电"", ""location"": ""SubNetwork=1003,ManagedElement=499529,Equipment=1,Rack=53,SubRack=1,Slot=1,PlugInUnit=1,SdrDeviceGroup=1""}, {""title"": ""设备掉电"", ""location"": ""SubNetwork=1003,ManagedElement=499529,Equipment=1,Rack=51,SubRack=1,Slot=1,PlugInUnit=1,SdrDeviceGroup=1""}]}"
e91d27cd-b255-48d5-908a-4e0e50789845,"{""rootcause"": [{""title"": ""光口接收链路故障"", ""location"": ""SubNetwork=1003,ManagedElement=495549,Equipment=1,Rack=1,SubRack=1,Slot=9,PlugInUnit=1,SdrDeviceGroup=1,FiberDeviceSet=1,FiberDevice=0""}]}"
e9e4ea30-88f7-42c0-8ca0-4643f9ad623b,"{""rootcause"": [{""title"": ""设备掉电"", ""location"": ""SubNetwork=1003,ManagedElement=495354,Equipment=1,Rack=69,SubRack=1,Slot=1,PlugInUnit=1,SdrDeviceGroup=1""}, {""title"": ""设备掉电"", ""location"": ""SubNetwork=1003,ManagedElement=495354,Equipment=1,Rack=71,SubRack=1,Slot=1,PlugInUnit=1,SdrDeviceGroup=1""}, {""title"": ""设备掉电"", ""location"": ""SubNetwork=1003,ManagedElement=495354,Equipment=1,Rack=63,SubRack=1,Slot=1,PlugInUnit=1,SdrDeviceGroup=1""}, {""title"": ""设备掉电"", ""location"": ""SubNetwork=1003,ManagedElement=495354,Equipment=1,Rack=65,SubRack=1,Slot=1,PlugInUnit=1,SdrDeviceGroup=1""}, {""title"": ""设备掉电"", ""location"": ""SubNetwork=1003,ManagedElement=495354,Equipment=1,Rack=61,SubRack=1,Slot=1,PlugInUnit=1,SdrDeviceGroup=1""}]}"
ea15f98c-3910-4c05-b01e-4cb162ab518b,"{""rootcause"": [{""title"": ""射频单元交流掉电告警"", ""location"": ""柜号:0; 框号:200; 槽号:0; 类型:MRRU""}]}"
eaad37d6-1779-4a23-9ba8-620008df08ce,"{""rootcause"": [{""title"": ""单板处于初始化状态"", ""location"": ""SubNetwork=1004,ManagedElement=1399007,Equipment=1,ReplaceableUnit=VBP_1_3""}]}"
eac28a99-2650-4dee-9f74-7054f480be19,"{""rootcause"": [{""title"": ""[衍生告警]设备商甲5G小区退服"", ""location"": "":东;\n名称:;\n告警:[告警]5G;\n告警:；2\n告警时间:2026-01-20 21:52:48;""}, {""title"": ""[衍生告警]设备商甲5G小区退服"", ""location"": "":东;\n名称:;\n告警:[告警]5G;\n告警:；2\n告警时间:2026-01-20 21:25:03;""}]}"
ec29e918-14f2-401c-b325-87eabc53504f,"{""rootcause"": [{""title"": ""输入电源断"", ""location"": ""SubNetwork=1004,ManagedElement=1430603,Equipment=1,ReplaceableUnit=67""}, {""title"": ""DU小区退服"", ""location"": ""SubNetwork=1004,ManagedElement=1430603,GNBDUFunction=1430603,NRCellDU=7""}]}"
ed52fdc5-fce4-4fb1-a76e-bf6732d6360f,"{""rootcause"": [{""title"": ""射频单元交流掉电告警"", ""location"": ""柜号:0; 框号:151; 槽号:0; 类型:AIRU""}, {""title"": ""射频单元交流掉电告警"", ""location"": ""柜号:0; 框号:151; 槽号:0; 类型:AIRU""}, {""title"": ""射频单元交流掉电告警"", ""location"": ""柜号:0; 框号:150; 槽号:0; 类型:AIRU""}, {""title"": ""射频单元交流掉电告警"", ""location"": ""柜号:0; 框号:150; 槽号:0; 类型:AIRU""}, {""title"": ""射频单元交流掉电告警"", ""location"": ""柜号:0; 框号:152; 槽号:0; 类型:AIRU""}]}"
edcaa16f-fee4-415e-88ac-ba68e7aa0087,"{""rootcause"": [{""title"": ""BBU CPRI接口异常告警"", ""location"": ""柜号:0; 框号:0; 槽号:2; 端口号:1; 端口号:0; 类型:UBBP; :CPRI接口异常""}, {""title"": ""BBU CPRI接口异常告警"", ""location"": ""柜号:0; 框号:0; 槽号:2; 端口号:2; 端口号:0; 类型:UBBP; :CPRI接口异常""}]}"
edf35c43-b3c6-4ee0-b82e-b19e942bec89,"{""rootcause"": [{""title"": ""BBU IR接口异常告警"", ""location"": ""柜号:0; 框号:0; 槽号:2; 端口号:2; 端口号:0; 类型:UBBP; :""}, {""title"": ""BBU IR接口异常告警"", ""location"": ""柜号:0; 框号:0; 槽号:2; 端口号:0; 端口号:0; 类型:UBBP; :""}, {""title"": ""射频单元直流掉电告警"", ""location"": ""柜号:0; 框号:112; 槽号:0; 类型:MRRU""}, {""title"": ""BBU IR接口异常告警"", ""location"": ""柜号:0; 框号:0; 槽号:2; 端口号:1; 端口号:0; 类型:UBBP; :""}, {""title"": ""射频单元直流掉电告警"", ""location"": ""柜号:0; 框号:151; 槽号:0; 类型:AIRU""}]}"
ee2076f5-485f-4b8e-8448-ef880056c413,"{""rootcause"": [{""title"": ""单板硬件故障告警"", ""location"": ""柜号:0; 框号:0; 槽号:6; 类型:UMPT; :""}]}"
ee243b83-b1d5-46e1-83d1-3cb8ed568a53,"{""rootcause"": [{""title"": ""射频单元交流掉电告警"", ""location"": ""柜号:0; 框号:200; 槽号:0; 类型:MRRU""}]}"
ee3543ef-79bf-4b28-8c2a-33b6375ed4a0,"{""rootcause"": [{""title"": ""射频单元交流掉电告警"", ""location"": ""柜号:0; 框号:63; 槽号:0; 类型:MRRU""}, {""title"": ""射频单元交流掉电告警"", ""location"": ""柜号:0; 框号:151; 槽号:0; 类型:MRRU""}]}"
ee6048ef-5cdc-4364-978b-51df5d8eb467,"{""rootcause"": [{""title"": ""GNSS星卡锁星不足告警"", ""location"": ""柜号:0; 框号:0; 槽号:7; 类型:UMPT; :""}]}"
ee87780c-0622-43c1-9b73-9a5cfe46dd0a,"{""rootcause"": [{""title"": ""射频单元直流掉电告警"", ""location"": ""柜号:0; 框号:67; 槽号:0; 类型:MRRU""}, {""title"": ""射频单元直流掉电告警"", ""location"": ""柜号:0; 框号:61; 槽号:0; 类型:MRRU""}, {""title"": ""射频单元直流掉电告警"", ""location"": ""柜号:0; 框号:64; 槽号:0; 类型:MRRU""}]}"
ef6ed502-c16d-487f-afba-1b83ba645fdd,"{""rootcause"": [{""title"": ""BBU IR接口异常告警"", ""location"": ""柜号:0; 框号:0; 槽号:4; 端口号:0; 端口号:0; 类型:UBBP; :""}]}"
ef88c529-5cdb-49b2-9a7a-11fdd4f1b867,"{""rootcause"": [{""title"": ""光口链路故障"", ""location"": ""SubNetwork=CMCC-GZ-02,ManagedElement=12589867,Equipment=1,ReplaceableUnit=B_1_8,RiPort=OF2""}]}"
ef8a43ec-0d62-4662-9035-53072e7efa12,"{""rootcause"": [{""title"": ""输入电源断"", ""location"": ""SubNetwork=1004,ManagedElement=1404656,Equipment=1,ReplaceableUnit=76""}, {""title"": ""输入电源断"", ""location"": ""SubNetwork=1004,ManagedElement=1404656,Equipment=1,ReplaceableUnit=75""}, {""title"": ""输入电源断"", ""location"": ""SubNetwork=1004,ManagedElement=1404656,Equipment=1,ReplaceableUnit=74""}]}"
ef9521a6-f6f6-4d15-bfe5-0c315d9e7e97,"{""rootcause"": [{""title"": ""设备掉电"", ""location"": ""SubNetwork=1003,ManagedElement=507267,Equipment=1,Rack=62,SubRack=1,Slot=1,PlugInUnit=1,SdrDeviceGroup=1""}, {""title"": ""设备掉电"", ""location"": ""SubNetwork=1003,ManagedElement=507267,Equipment=1,Rack=61,SubRack=1,Slot=1,PlugInUnit=1,SdrDeviceGroup=1""}, {""title"": ""设备掉电"", ""location"": ""SubNetwork=1003,ManagedElement=507267,Equipment=1,Rack=64,SubRack=1,Slot=1,PlugInUnit=1,SdrDeviceGroup=1""}, {""title"": ""设备掉电"", ""location"": ""SubNetwork=1003,ManagedElement=507209,Equipment=1,Rack=61,SubRack=1,Slot=1,PlugInUnit=1,SdrDeviceGroup=1""}, {""title"": ""设备掉电"", ""location"": ""SubNetwork=1003,ManagedElement=507267,Equipment=1,Rack=63,SubRack=1,Slot=1,PlugInUnit=1,SdrDeviceGroup=1""}]}"
efad42e2-5cfc-4305-a609-9562397e7bb6,"{""rootcause"": [{""title"": ""射频单元驻波告警"", ""location"": ""柜号:0; 框号:159; 槽号:0; :0; 类型:MRRU; 告警(0.1):20; (0.1):20; 输出(0.1dBm):376; 端口:NULL""}]}"
efe635c8-8368-41be-8fa8-4b1ec7a5e1a4,"{""rootcause"": [{""title"": ""射频单元CPRI接口异常告警"", ""location"": ""柜号:0; 框号:201; 槽号:0; 端口号:端口0; 端口号:NULL; 类型:MRRU; :CPRI接口异常""}]}"
eff0e6e2-1dd6-47de-a4c9-90ab1599c283,"{""rootcause"": [{""title"": ""射频单元驻波告警"", ""location"": ""柜号:0; 框号:91; 槽号:0; :3; 类型:MRRU; 告警(0.1):15; (0.1):15; 输出(0.1dBm):343; 端口:NULL""}, {""title"": ""射频单元驻波告警"", ""location"": ""柜号:0; 框号:91; 槽号:0; :3; 类型:MRRU; 告警(0.1):15; (0.1):15; 输出(0.1dBm):373; 端口:NULL""}]}"
eff8f9b6-1cb4-483c-9128-cf8a4985dbf4,"{""rootcause"": [{""title"": ""BBU CPRI接口异常告警"", ""location"": ""柜号:0; 框号:0; 槽号:1; 端口号:2; 端口号:0; 类型:UBBP; :CPRI接口异常""}, {""title"": ""BBU CPRI接口异常告警"", ""location"": ""柜号:0; 框号:0; 槽号:1; 端口号:1; 端口号:0; 类型:UBBP; :""}, {""title"": ""BBU CPRI接口异常告警"", ""location"": ""柜号:0; 框号:0; 槽号:1; 端口号:2; 端口号:0; 类型:UBBP; :MAC""}]}"
f0361adb-bb30-44b3-8152-a04b328205f4,"{""rootcause"": [{""title"": ""射频单元直流掉电告警"", ""location"": ""柜号:0; 框号:201; 槽号:0; 类型:MRRU""}, {""title"": ""射频单元直流掉电告警"", ""location"": ""柜号:0; 框号:152; 槽号:0; 类型:AIRU""}]}"
f11b9469-743e-44d1-b27c-8d1a3cf0bd3a,"{""rootcause"": [{""title"": ""光口链路故障"", ""location"": ""SubNetwork=5307,ManagedElement=2572991,Equipment=1,ReplaceableUnit=51,RiPort=OPT1""}, {""title"": ""RRU链路断"", ""location"": ""SubNetwork=5307,ManagedElement=2572991,Equipment=1,ReplaceableUnit=51""}]}"
f131b77a-0283-4e0e-bb40-2908925bb750,"{""rootcause"": [{""title"": ""输入电源断"", ""location"": ""SubNetwork=1004,ManagedElement=1404729,Equipment=1,ReplaceableUnit=62""}, {""title"": ""输入电源断"", ""location"": ""SubNetwork=1004,ManagedElement=1404729,Equipment=1,ReplaceableUnit=63""}, {""title"": ""输入电源断"", ""location"": ""SubNetwork=1004,ManagedElement=1404729,Equipment=1,ReplaceableUnit=61""}]}"
f146cc93-287c-4e04-b2ea-b59e1ad4484c,"{""rootcause"": [{""title"": ""射频单元业务不可用告警"", ""location"": ""eNodeB名称:(6分)D5900984716TF-HLW; 本地:133; :TDD; 柜号:0; 框号:230; 槽号:0; NB-IoT:FALSE; eNodeB分:NULL; 名称:(6分)D5900984716TF-HLW-133; eNodeB:984716; :133; :异常""}]}"
f1f18c6f-7dd9-4ca9-b882-258667ae03d4,"{""rootcause"": [{""title"": ""设备掉电"", ""location"": ""sbn=7312,NodeMe=983895,Equipment=1,rack=52,shelf=1,board=1""}, {""title"": ""设备掉电"", ""location"": ""sbn=7312,NodeMe=983895,Equipment=1,rack=53,shelf=1,board=1""}, {""title"": ""以太网物理接口(ETPI) 信号丢失(LOS)"", ""location"": ""OIGE8A[0-1-1]-GE\\:2(LTE-()-1854)""}]}"
f20af7b2-5a14-4aa1-9f8b-50384c3be0bc,"{""rootcause"": [{""title"": ""输入电源断"", ""location"": ""SubNetwork=1004,ManagedElement=1397953,Equipment=1""}]}"
f380a755-1ab4-4d0f-98b9-a5e62135af92,"{""rootcause"": [{""title"": ""RRU链路断"", ""location"": ""sbn=7311,NodeMe=475107,Equipment=1,rack=51,shelf=1,board=1""}]}"
f3ae265e-dee6-44b6-9848-33c435f5eb76,"{""rootcause"": [{""title"": ""射频单元CPRI接口异常告警"", ""location"": ""柜号:0; 框号:204; 槽号:0; 端口号:端口0; 端口号:NULL; 类型:MRRU; :CPRI接口异常""}]}"
f4d02f27-f4f4-4203-af46-823db56c0901,"{""rootcause"": [{""title"": ""输入电源断"", ""location"": ""SubNetwork=1004,ManagedElement=1396905,Equipment=1,ReplaceableUnit=65""}, {""title"": ""输入电源断"", ""location"": ""SubNetwork=1004,ManagedElement=1396905,Equipment=1,ReplaceableUnit=66""}, {""title"": ""输入电源断"", ""location"": ""SubNetwork=1004,ManagedElement=1396905,Equipment=1,ReplaceableUnit=64""}]}"
f4e3affa-e61b-4f4c-851b-bd41565a8b4f,"{""rootcause"": [{""title"": ""射频单元驻波告警"", ""location"": ""柜号:0; 框号:200; 槽号:0; :0; 类型:MRRU; 告警(0.1):18; (0.1):18; 输出(0.1dBm):348; 端口:NULL""}, {""title"": ""[衍生告警]PTN光缆中断，单报LOS"", ""location"": ""12-TPA2EG24-4(PORT-4)-MAC:1""}]}"
f57b8fbe-bd33-4dc7-95ef-fbffa4552754,"{""rootcause"": [{""title"": ""光模块接收光功率异常"", ""location"": ""SubNetwork=1004,ManagedElement=1390908,Equipment=1,ReplaceableUnit=VBP_1_6,RiPort=OF3""}, {""title"": ""光口链路故障"", ""location"": ""SubNetwork=1004,ManagedElement=1390908,Equipment=1,ReplaceableUnit=81,RiPort=OPT1""}, {""title"": ""光口链路故障"", ""location"": ""SubNetwork=1004,ManagedElement=1390908,Equipment=1,ReplaceableUnit=VBP_1_8,RiPort=OF1""}, {""title"": ""光口链路故障"", ""location"": ""SubNetwork=1004,ManagedElement=1390908,Equipment=1,ReplaceableUnit=VBP_1_6,RiPort=OF3""}]}"
f5d8607f-a5da-4be8-8786-b8cab1152cec,"{""rootcause"": [{""title"": ""输入电源断"", ""location"": ""SubNetwork=1004,ManagedElement=1393551,Equipment=1,ReplaceableUnit=61""}, {""title"": ""输入电源断"", ""location"": ""SubNetwork=1004,ManagedElement=1393551,Equipment=1,ReplaceableUnit=63""}, {""title"": ""输入电源断"", ""location"": ""SubNetwork=1004,ManagedElement=1393551,Equipment=1,ReplaceableUnit=62""}]}"
f619be81-5da5-4ab0-aa30-4a3b69eecb57,"{""rootcause"": [{""title"": ""射频单元交流掉电告警"", ""location"": ""柜号:0; 框号:212; 槽号:0; 类型:MRRU""}]}"
f638f6f3-5b9d-4197-a126-6c75a2fdde18,"{""rootcause"": [{""title"": ""RRU链路断"", ""location"": ""SubNetwork=1003,ManagedElement=55381,Equipment=1,Rack=65,SubRack=1,Slot=1,PlugInUnit=1,SdrDeviceGroup=1""}]}"
f6a6325f-450b-426e-a0d9-505b9996adfc,"{""rootcause"": [{""title"": ""射频单元直流掉电告警"", ""location"": ""柜号:0; 框号:152; 槽号:0; 类型:MRRU""}, {""title"": ""射频单元交流掉电告警"", ""location"": ""柜号:0; 框号:113; 槽号:0; 类型:AIRU""}]}"
f6ba07c1-8b94-49dc-83a1-33198a6fc316,"{""rootcause"": [{""title"": ""RRU链路断"", ""location"": ""SubNetwork=5308,ManagedElement=594317,Equipment=1,Rack=57,SubRack=1,Slot=1,PlugInUnit=1,SdrDeviceGroup=1""}, {""title"": ""RRU链路断"", ""location"": ""SubNetwork=5308,ManagedElement=831536,Equipment=1,ReplaceableUnit=52""}]}"
f6f3960b-9fe9-4c79-bf74-9d18b405cd00,"{""rootcause"": [{""title"": ""设备掉电"", ""location"": ""sbn=0,NodeMe=474024,Equipment=1,rack=62,shelf=1,board=1""}, {""title"": ""设备掉电"", ""location"": ""sbn=0,NodeMe=474024,Equipment=1,rack=63,shelf=1,board=1""}]}"
f715e5bc-38b1-4db9-b863-0642125d72be,"{""rootcause"": [{""title"": ""RRU链路断"", ""location"": ""SubNetwork=1004,ManagedElement=1408257,Equipment=1,ReplaceableUnit=51""}, {""title"": ""RRU链路断"", ""location"": ""SubNetwork=1004,ManagedElement=1408257,Equipment=1,ReplaceableUnit=53""}]}"
f85240db-96a5-407f-8ff3-b0af3d8f6d05,"{""rootcause"": [{""title"": ""BBU CPRI接口异常告警"", ""location"": ""柜号:0; 框号:0; 槽号:0; 端口号:0; 端口号:0; 类型:UBBP; :""}, {""title"": ""BBU CPRI接口异常告警"", ""location"": ""柜号:0; 框号:0; 槽号:0; 端口号:0; 端口号:0; 类型:UBBP; :CPRI接口异常""}]}"
f8dbff61-d6e7-47ce-b008-10b25273066a,"{""rootcause"": [{""title"": ""射频单元驻波告警"", ""location"": ""柜号:0; 框号:200; 槽号:0; :0; 类型:MRRU; 告警(0.1):18; (0.1):41; 输出(0.1dBm):303; 端口:NULL""}]}"
f914327c-c695-4ca4-abf8-f60a6b960120,"{""rootcause"": [{""title"": ""射频单元直流掉电告警"", ""location"": ""柜号:0; 框号:152; 槽号:0; 类型:MRRU""}, {""title"": ""射频单元直流掉电告警"", ""location"": ""柜号:0; 框号:150; 槽号:0; 类型:MRRU""}, {""title"": ""射频单元直流掉电告警"", ""location"": ""柜号:0; 框号:151; 槽号:0; 类型:MRRU""}]}"
fa82abed-1394-4701-b303-e3a5371d30af,"{""rootcause"": [{""title"": ""传输光接口异常告警"", ""location"": ""柜号:0; 框号:0; 槽号:7; 端口号:1; 类型:UMPT; :""}, {""title"": ""网元连接中断"", ""location"": ""网元名称:4G时1HM; 网元IP地址:10.150.137.66; 网元IP地址(IP Mode):NULL; 端口:6007; 错误:N/A; 信息:端口时; 分:MediationService5309; OMC IP:10.224.27.31""}, {""title"": ""小区不可用告警"", ""location"": ""eNodeB名称:4G时1HM; 本地:202; :TDD; NB-IoT:FALSE; 名称:4G时1HMTE-202; eNodeB:891950; :202; :外部链路故障""}, {""title"": ""小区不可用告警"", ""location"": ""eNodeB名称:4G时1HM; 本地:201; :TDD; NB-IoT:FALSE; 名称:4G时1HMTE-201; eNodeB:891950; :201; :外部链路故障""}, {""title"": ""基站S1控制面传输中断告警"", ""location"": ""eNodeB名称:4G时1HM; :0""}]}"
faa00ed5-c0b9-445e-98ac-671035a4a239,"{""rootcause"": [{""title"": ""ETH_LOS"", ""location"": ""1-D2EG2-1(PORT-1)-MAC:1""}, {""title"": ""ETH_LOS"", ""location"": ""1-D2EG2-1(PORT-1)-MAC:1""}, {""title"": ""ETH_LOS"", ""location"": ""6-EG2-2(PORT-2)-MAC:1""}, {""title"": ""ETH_LOS"", ""location"": ""6-EG2-2(PORT-2)-MAC:1""}, {""title"": ""网元链路断"", ""location"": ""SubNetwork=1003,ManagedElement=70828""}]}"
fad26f6d-c956-4598-9639-39fef649b32c,"{""rootcause"": [{""title"": ""设备掉电"", ""location"": ""SubNetwork=5309,ManagedElement=594580,Equipment=1,Rack=53,SubRack=1,Slot=1,PlugInUnit=1,SdrDeviceGroup=1""}, {""title"": ""设备掉电"", ""location"": ""SubNetwork=5309,ManagedElement=594580,Equipment=1,Rack=63,SubRack=1,Slot=1,PlugInUnit=1,SdrDeviceGroup=1""}, {""title"": ""设备掉电"", ""location"": ""SubNetwork=5309,ManagedElement=594580,Equipment=1,Rack=59,SubRack=1,Slot=1,PlugInUnit=1,SdrDeviceGroup=1""}, {""title"": ""设备掉电"", ""location"": ""SubNetwork=5309,ManagedElement=594580,Equipment=1,Rack=56,SubRack=1,Slot=1,PlugInUnit=1,SdrDeviceGroup=1""}]}"
faeeeb88-468e-485d-b71b-d3f799baaaf0,"{""rootcause"": [{""title"": ""RRU链路断"", ""location"": ""SubNetwork=1003,ManagedElement=52617,Equipment=1,Rack=92,SubRack=1,Slot=1,PlugInUnit=1,SdrDeviceGroup=1""}]}"
fb16c2f2-bfd5-4485-a7c9-4c2ece56f669,"{""rootcause"": [{""title"": ""射频单元CPRI接口异常告警"", ""location"": ""柜号:0; 框号:60; 槽号:0; 端口号:端口0; 端口号:0; 类型:AIRU; :""}]}"
fb7d9c49-95ba-458e-9828-59d5a3479ac8,"{""rootcause"": [{""title"": ""光口链路故障"", ""location"": ""SubNetwork=1004,ManagedElement=1393650,Equipment=1,ReplaceableUnit=VBP_1_4,RiPort=OF3""}, {""title"": ""光口链路故障"", ""location"": ""SubNetwork=1004,ManagedElement=1393650,Equipment=1,ReplaceableUnit=VBP_1_4,RiPort=OF2""}, {""title"": ""光口链路故障"", ""location"": ""SubNetwork=1004,ManagedElement=1393650,Equipment=1,ReplaceableUnit=VBP_1_4,RiPort=OF1""}, {""title"": ""DU小区退服"", ""location"": ""SubNetwork=1004,ManagedElement=1393650,GNBDUFunction=460-00_1393650,NRCellDU=2""}]}"
fbf932cc-30d5-46cd-b979-b5d969cb1689,"{""rootcause"": [{""title"": ""射频单元维护链路异常告警"", ""location"": ""柜号:0; 框号:155; 槽号:0; 类型:MRRU; :""}, {""title"": ""小区服务能力下降告警"", ""location"": ""eNodeB名称:HL-D3900471189PT; 本地:13; :FDD; NB-IoT:FALSE; :2; :2; 名称:()D3900471189PT-HLW-13; eNodeB:471189; :13; :""}]}"
fc783f28-fab6-4728-a2e2-c150c115f40f,"{""rootcause"": [{""title"": ""[衍生告警]设备商甲5G小区退服"", ""location"": "":东;\n名称:;\n告警:[告警]5G;\n告警:；2\n告警时间:2026-01-20 16:45:48;""}, {""title"": ""[衍生告警]设备商甲5G小区退服"", ""location"": "":东;\n名称:;\n告警:[告警]5G;\n告警:；2\n告警时间:2026-01-20 16:01:33;""}]}"
fcead0b1-a014-4436-9e49-8041559471da,"{""rootcause"": [{""title"": ""光模块不可用"", ""location"": ""SubNetwork=1003,ManagedElement=498193,Equipment=1,Rack=1,SubRack=1,Slot=9,PlugInUnit=1,SdrDeviceGroup=1,FiberDeviceSet=1,FiberDevice=0""}, {""title"": ""RRU链路断"", ""location"": ""SubNetwork=1003,ManagedElement=498193,Equipment=1,Rack=53,SubRack=1,Slot=1,PlugInUnit=1,SdrDeviceGroup=1""}, {""title"": ""RRU链路断"", ""location"": ""SubNetwork=1003,ManagedElement=498193,Equipment=1,Rack=51,SubRack=1,Slot=1,PlugInUnit=1,SdrDeviceGroup=1""}, {""title"": ""RRU链路断"", ""location"": ""SubNetwork=1003,ManagedElement=498193,Equipment=1,Rack=52,SubRack=1,Slot=1,PlugInUnit=1,SdrDeviceGroup=1""}]}"
fd60e083-8de7-42ac-b51d-cb48b6924b72,"{""rootcause"": [{""title"": ""[衍生告警]PTN光缆中断，单报LOS"", ""location"": ""PXGA[0-1-18]-10GE\\:1""}, {""title"": ""网元连接中断"", ""location"": ""网元名称:西南HL-D390053449PT; 网元IP地址:100.94.192.119; 网元IP地址(IP Mode):NULL; 端口:6007; 错误:N/A; 信息:端口时; 分:MediationService0605; OMC IP:10.154.18.14""}]}"
fde23762-9d4c-48a7-ade0-2fc4ed9af9f8,"{""rootcause"": [{""title"": ""输入电源断"", ""location"": ""SubNetwork=1004,ManagedElement=1397189,Equipment=1,ReplaceableUnit=66""}, {""title"": ""输入电源断"", ""location"": ""SubNetwork=1004,ManagedElement=1397189,Equipment=1,ReplaceableUnit=64""}, {""title"": ""输入电源断"", ""location"": ""SubNetwork=1004,ManagedElement=1397189,Equipment=1,ReplaceableUnit=65""}]}"
fea408ae-3b8a-4cbc-8ad5-bfbb5ba61b83,"{""rootcause"": [{""title"": ""射频单元驻波告警"", ""location"": ""柜号:0; 框号:218; 槽号:0; :0; 类型:MRRU; 告警(0.1):18; (0.1):18; 输出(0.1dBm):377; 端口:NULL""}]}"
ff74c578-a27f-4abb-9715-2eaf3753cdb4,"{""rootcause"": [{""title"": ""RRU链路断"", ""location"": ""SubNetwork=1100,ManagedElement=1427874,Equipment=1,ReplaceableUnit=184""}]}"
ff760551-d2f8-492a-aebf-77f185724db0,"{""rootcause"": [{""title"": ""RHUB与pRRU间链路异常告警"", ""location"": ""柜号:0; 框号:120; 槽号:0; 端口:0; 类型:RHUB; :传输异常""}]}"
ff9fc57f-0b6c-49af-9a8a-0abb73dc262d,"{""rootcause"": [{""title"": ""射频单元IR接口异常告警"", ""location"": ""柜号:0; 框号:206; 槽号:0; 端口号:端口0; 类型:MRRU; :IR接口异常""}]}"
