order_id,removed_rid,added_rid,removed_score,added_score,margin,seed_margins,seed_min_margin,high_conflict,label_delta,order_index,meta_mean,meta_seed_min,meta_seed_scores
fc0bece9-a300-40b5-9c99-362067089b62,#-1:39700c2d-12ab-42bc-af05-7713dec2c94c,#-1:3c54c700-2d8a-4cf1-a1b5-b2eecdf19ec5,0.008366168920259614,0.8801066508087062,0.8717404818884466,"[0.8538571941557905, 0.8815640566812952, 0.8798001948282541]",0.8538571941557905,True,1,1608,-0.5613888648388646,-0.5898276223776225,"[-0.5516268065268063, -0.5427121656121654, -0.5898276223776225]"
6a0c87ed-d5c7-4927-b23c-eb103d11575e,#-1:dc3c6603-13b0-482a-8433-d41f274b719c,#-1:ddf81045-42be-422a-9016-ed0f5cdaf620,0.028247338541166896,0.8207041451187286,0.7924568065775617,"[0.7928429087850771, 0.7891063380582988, 0.795421172889309]",0.7891063380582988,True,1,702,-0.35746683592984924,-0.37415871704643483,"[-0.3266877930051251, -0.37415871704643483, -0.37155399773798786]"
c7d2bf39-5096-4abf-8398-80bb8b2da291,#-1:6fe392e4-411f-4699-8f6d-89e6e186f631,#-1:b0456f86-160c-4adb-8f29-418c44607318,0.022199212613452063,0.7988018677110272,0.7766026550975752,"[0.7705574771846362, 0.7971741048403219, 0.7620763832677673]",0.7620763832677673,True,0,1265,0.0053042554667554614,-0.03568084138084139,"[-0.03568084138084139, 0.017399368686868685, 0.03419423909423909]"
5f793514-b11f-4f9d-91e8-ced3c4a4c4f3,#-1:420b5fc9-beaf-4ed7-9396-b1ef6641f2a1,#-1:cd3619ad-905b-47cf-ac45-0dd17b9c5d66,0.0,0.7623234800794366,0.7623234800794366,"[0.7529724654502067, 0.7525302885679699, 0.7814676862201332]",0.7525302885679699,True,1,638,-0.26633992751076097,-0.2850352577977579,"[-0.26411950919450927, -0.24986501554001572, -0.2850352577977579]"
f5530993-a82a-41cb-b48a-0f60a04b2ad8,#-1:0b66796a-3479-49f7-b4bd-a6c486a3ca30,#-1:50ea63b8-cfdd-4cea-904e-536b96d315ea,0.11974975542492095,0.8853164757412019,0.7655667203162809,"[0.7360489383945445, 0.7761203951530959, 0.7845308274012024]",0.7360489383945445,True,1,1572,-0.45128827051327064,-0.4657854825354828,"[-0.45517420357420363, -0.43290512543012555, -0.4657854825354828]"
1d898400-50f3-4a6f-ae2e-54ce26245f2a,#-1:d5a82a1d-896b-436d-95c6-e6b57a1109d8,#-1:5c4098bc-52ef-440a-af5a-c6013a25cbfc,0.049317937173128934,0.7102954566126302,0.6609775194395012,"[0.6468815347702926, 0.6695232595186061, 0.6665277640296049]",0.6468815347702926,True,0,207,0.09797972638637986,0.07634175269175265,"[0.07634175269175265, 0.12530169675849928, 0.09229572970888764]"
a1fc930f-40ee-4dcf-817a-f114e848ffc0,#-1:fab74810-0f8f-4838-91bc-d310e541d6d0,#-1:03fed556-f541-4327-9fae-808a528f727b,0.04774239597160403,0.714741408791443,0.666999012819839,"[0.6857681479051513, 0.6455685291861057, 0.66966036136826]",0.6455685291861057,True,1,1059,-0.3491551620332909,-0.3815877304228959,"[-0.3284699267414202, -0.3815877304228959, -0.3374078289355566]"
27a8c334-1074-446b-9a15-752cc3735e0b,#-1:bbf2f9da-ac3f-408c-9736-324dc7d5eb33,#-1:edf2bd5a-760e-4d53-8a6d-766a398bf416,0.13633143999207212,0.7551425989263826,0.6188111589343105,"[0.6236665511541303, 0.609191407164255, 0.6235755184845463]",0.609191407164255,True,-1,264,0.29385631468061796,0.28084015706515686,"[0.28550195155721464, 0.3152268354194823, 0.28084015706515686]"
5778a5c3-eabd-44b4-b759-eaaacf11241c,#-1:d1b73800-cecf-4551-b2db-dec3c0ee1815,#-1:c0f35e03-ce1d-4a71-b10d-31958ee3b1a8,0.28528284399054143,0.8970225021052016,0.6117396581146601,"[0.616027135830423, 0.617179984483845, 0.6020118540297128]",0.6020118540297128,True,0,580,0.023778267132161662,-0.004964163614163604,"[-0.004964163614163604, 0.035902222863906444, 0.04039674214674215]"
13ed39bb-e5e6-4592-a1b0-a1db08d8995c,#-1:3a040345-549e-47fe-80bb-4bb55a7eb536,#-1:c495d0be-6e46-40b9-bbc2-4adf7d2c0d9d,0.19822279247635047,0.7954960367236762,0.5972732442473258,"[0.562582450809715, 0.6179832713769925, 0.6112540105552701]",0.562582450809715,True,0,146,-0.2042905747386027,-0.23361935810238438,"[-0.23361935810238438, -0.18698139930245694, -0.1922709668109668]"
f2247806-7921-4683-ae40-1db22df9e58d,#-1:cbf4caf0-60f2-481f-87af-c7ccf5728e6c,#-1:647cee27-2012-4608-8dc6-65dc424d02e0,0.19146716953536524,0.7005023338659709,0.5090351643306057,"[0.5114092869097495, 0.5008367726060349, 0.5148594334760326]",0.5008367726060349,True,-1,1551,-0.1625994422244421,-0.19724773282273267,"[-0.19724773282273267, -0.1300839577089576, -0.16046663614163603]"
d726e907-bbec-4d5e-a073-c43b085e646f,#-1:67327bff-07a4-41a8-b79d-c7f57f55d980,#-1:843157ad-2e4d-4555-b8b8-310113f917f2,0.21937939075758228,0.7391817836219866,0.5198023928644043,"[0.49256689599991943, 0.5573494821878585, 0.5094908004054353]",0.49256689599991943,True,-1,1362,-0.28509955262588543,-0.31091736718572754,"[-0.2820347899087944, -0.31091736718572754, -0.2623465007831342]"
255082bb-10ed-4c16-8fd6-d45076d0769e,#-1:7aaac5f7-b95f-4a54-aea1-f39c4f67ceef,#-1:3807d353-6e86-4056-968a-8aac2aaf18a3,0.23835251411525474,0.7415665176997127,0.503214003584458,"[0.5158190732700678, 0.4851684971660277, 0.5086544403172784]",0.4851684971660277,True,-1,254,-0.6022240321759602,-0.6073408130397295,"[-0.605010784202038, -0.6073408130397295, -0.5943204992861131]"
5bfc8b74-4485-405e-81e6-bea934176cbf,#-1:3b1f24df-c151-4373-b634-968228a7e2b5,#-1:de0e9565-641e-42a4-b912-ce0dfc8f92d3,0.24621779867756058,0.7141623140345587,0.4679445153569981,"[0.477798789162743, 0.4618900391984997, 0.4641447177097515]",0.4618900391984997,True,0,608,-0.6219496180409158,-0.6289942557442556,"[-0.6264452051573334, -0.6289942557442556, -0.6104093932211583]"
e81d40e7-b4a5-4509-9d9f-64a658bcc714,#-1:dcc8bbb8-079d-47ce-af2d-ef22051bd047,#-1:3ca9bc38-4f24-414f-881d-d83dc52517bb,0.25533091927122437,0.7221316104698255,0.4668006911986012,"[0.47445446097536775, 0.4457485782743339, 0.4801990343461018]",0.4457485782743339,True,-1,1483,-0.6933076429504563,-0.7092008627571297,"[-0.6940693420408336, -0.7092008627571297, -0.6766527240534057]"
31933c97-86d6-497a-87c9-f2f895e380e5,#-1:b7298f10-c0ab-40fb-b5db-0a13317f857e,#-1:49a3625d-c776-41dd-9505-4369022a389d,0.32950331667523763,0.7011920545870285,0.37168873791179086,"[0.3802802020669516, 0.3518510992973821, 0.38293491237103905]",0.3518510992973821,True,-1,334,0.06027037499537504,0.03341694694194695,"[0.05419015429015439, 0.09320402375402378, 0.03341694694194695]"
208b5234-d29d-412a-b437-b30c9fecf438,#-1:0a66d4f9-16b9-46b2-9109-c85d189b958c,#-1:57232358-9625-4b9b-98d9-70d6ab2024d4,0.04676214628653163,0.6578703224142165,0.6111081761276849,"[0.6066402251559635, 0.6053500413245905, 0.6213342619025009]",0.6053500413245905,False,1,226,0.0017595261289789041,-0.009318829255036142,"[-0.009318829255036142, 0.01560161505161505, -0.0010042074096421954]"
e04482a5-0124-4f3f-aad4-7bd5216a8ad7,#-1:a55c65c8-bc9f-4664-8e1f-065d919b37dc,#-1:a85c0f22-0c29-469f-b94f-e5a6994caa9f,0.10827670565962182,0.6986329856140179,0.5903562799543961,"[0.5801427264102812, 0.5871220132533154, 0.6038041001995917]",0.5801427264102812,False,1,1431,0.24395753963835085,0.230689482485806,"[0.24788004507615521, 0.2533030913530913, 0.230689482485806]"
620aa746-57b0-4690-b8f9-447c32cfbd18,#-1:a2b4f6b0-1ed6-4f39-9ad3-b225cc904d1a,#-1:16b67646-d272-4ae5-968a-4b1538d4aa5b,0.4565382020249138,0.9136355715740049,0.4570973695490911,"[0.44017185365963457, 0.46239352836358955, 0.468726726624049]",0.44017185365963457,False,1,651,-0.5137542513042513,-0.537704997779998,"[-0.5011704822954821, -0.5023872738372739, -0.537704997779998]"
6c4f2c20-29b9-4eb2-8514-9acce2ffa588,#-1:7669f56e-8014-49d0-b912-7ddc11ebeca6,#-1:feac8db4-1d3d-444f-ab7e-aafa684074c3,0.5298110717604878,0.9869153457795062,0.45710427401901843,"[0.45589888809172285, 0.4321080078613875, 0.48330592610394507]",0.4321080078613875,False,-1,714,-0.2881882780509249,-0.3079856566635976,"[-0.2778932245532244, -0.3079856566635976, -0.27868595293595266]"
e4c89c05-b23d-4639-a4a7-0708538b617a,#-1:7e264717-82cf-462a-bdf0-06d5ae85261e,#-1:90df29d2-a0da-4b2c-94a6-e1bd72529c21,0.01824938288598117,0.461218207248433,0.44296882436245183,"[0.4630691706086584, 0.4234810233761605, 0.44235627910253666]",0.4234810233761605,False,-1,1458,-0.48649136219138595,-0.49531382958539294,"[-0.49531382958539294, -0.4849642926742923, -0.4791959643144724]"
ef448c63-320e-4381-84f6-6bd3cf401de7,#-1:89016006-06a4-4e5d-bcec-6939ea66aa4e,#-1:424b4a4d-6b8a-489b-b40b-166f0c1908bd,0.4271724599308752,0.8434741420073871,0.4163016820765119,"[0.4197512119185205, 0.41233456650716555, 0.41681926780384987]",0.41233456650716555,False,0,1533,-0.3250381879523695,-0.35940361214236705,"[-0.3114719008272173, -0.35940361214236705, -0.3042390508875241]"
d9c91c03-727e-4bc8-ab89-f0beecdb4fce,#-1:c52992e4-e438-480d-bc51-c428156b9e51,#-1:7c314220-5686-4ef2-a30a-131985981429,0.5545746569583426,0.9539606188570898,0.3993859618987472,"[0.39999382316205245, 0.39033616341190813, 0.40782789912228123]",0.39033616341190813,False,0,1382,-0.31397239974668634,-0.34432458792988274,"[-0.2957834653090358, -0.34432458792988274, -0.3018091460011405]"
faa229a7-2739-431d-bdcf-1ec1c59a2e6c,#-1:5811b3e5-beb2-47ef-b00a-b2af11b8033f,#-1:35599d6d-46ed-442e-b706-73f876861238,0.15285222812504043,0.5136653794882905,0.3608131513632501,"[0.3670188216219491, 0.3563265863593796, 0.35909404610842166]",0.3563265863593796,False,-1,1602,-0.5974184989039256,-0.5990219087521486,"[-0.5990219087521486, -0.5976476847359651, -0.5955859032236633]"
e38dafc7-06b7-43df-ad54-cd464f48588c,#-1:eeae3a0b-fcee-42e9-a928-a784aca8ca19,#-1:a70b90b2-8186-4523-95ea-2d159c0ab5a4,0.6463837984319377,0.9890146550623804,0.3426308566304427,"[0.3419836564426457, 0.3449742885997843, 0.3409346248488976]",0.3409346248488976,False,-1,1456,-0.5912286121470112,-0.6111614807070918,"[-0.594328054975877, -0.5681963007580648, -0.6111614807070918]"
a5b33b40-5c96-434a-a969-bbc65e09c5f6,#-1:b970a7c0-c693-4723-ab80-91c23951ecea,#-1:e4b31bf0-3acd-4b0f-a8eb-0e56403a381a,0.09734073681657728,0.4463473428516734,0.3490066060350961,"[0.33059060622271175, 0.3599556450606012, 0.3564735668219754]",0.33059060622271175,False,-1,1079,-0.6260643593801438,-0.6295602813852812,"[-0.6295602813852812, -0.6223319617419623, -0.626300835013188]"
8b485d6c-b8f5-4c46-a436-6738266446e5,#-1:47fcddf7-aace-43b4-b07f-4d3e63e59798,#-1:84eddaed-5609-4f0d-acdb-ef0717fdf9eb,0.5084317955374873,0.8560606216919696,0.3476288261544823,"[0.3570347972155379, 0.35823501700854343, 0.32761666423936553]",0.32761666423936553,False,-1,905,-0.271184669195709,-0.2758284048467874,"[-0.27414543419543425, -0.2758284048467874, -0.2635801685449053]"
d50dbdca-fd02-427c-b338-a67882eaea7b,#-1:1f282f90-913c-4dc1-b8e9-610222c8fb60,#-1:d2b76dbe-7452-4204-9806-66e0d57a6434,0.49850739984737436,0.8519777039035582,0.35347030405618385,"[0.3744525460980306, 0.3609398099443083, 0.32501855612621233]",0.32501855612621233,False,-1,1350,-0.09929804447186796,-0.10726648296148292,"[-0.09662991452991451, -0.09399773592420643, -0.10726648296148292]"
e33b30ce-c7fe-4f07-932a-018cb56e9291,#-1:92149008-190c-4faa-afd4-81f6cd32070b,#-1:3a6a6445-d699-4979-90bb-326be88ad3db,0.15014736628460304,0.46912705532931015,0.3189796890447071,"[0.316384127795018, 0.3256653678993108, 0.3148895714397928]",0.3148895714397928,False,-1,1453,-0.7858643157768159,-0.7916023074148074,"[-0.7916023074148074, -0.783325313575314, -0.7826653263403265]"
a435ca90-76d4-4476-8766-0ffab4f912eb,#-1:e78e4b9e-15c3-462a-8a49-4f2d3c2df8a0,#-1:4ae39542-5c31-4a1d-b65e-99fe074d67d5,0.32839817527167764,0.6471178306162142,0.31871965534453656,"[0.30232166875721495, 0.3299743512784814, 0.3238629459979134]",0.30232166875721495,False,0,1069,-0.4779893893143894,-0.48606493783993787,"[-0.4704768093018094, -0.48606493783993787, -0.47742642080142095]"
86288eaf-b17f-4aaa-bd74-2644486bf9b3,#-1:318bf428-4490-4f22-8454-e14662f6ec8c,#-1:3140f297-7100-4030-a49a-42230a69796a,0.28320364123860825,0.5921963573848608,0.3089927161462525,"[0.2796792637714545, 0.33593064007215595, 0.31136824459514734]",0.2796792637714545,False,-1,867,-0.5213801208051206,-0.5368878399378398,"[-0.5150246281496278, -0.5368878399378398, -0.5122278943278944]"
1f10e213-6723-4011-a5f0-ee492c872467,#-1:77e9b430-7883-49e1-b0fc-fa6d93a1222c,#-1:19cbbcbe-1467-468e-8c4f-b95883ce5649,0.6744699870735542,0.9394269141573378,0.2649569270837836,"[0.25166206358187804, 0.27215730867475685, 0.2710514089947156]",0.25166206358187804,False,1,216,-0.29134928312428326,-0.31057761405261397,"[-0.3033018093018098, -0.26016842601842605, -0.31057761405261397]"
4e1f420f-94e5-4c41-91e6-0f124e140e67,#-1:867e0504-6965-42f4-b356-0818d1eac9f2,#-1:7124a178-3ff9-402e-a087-a6451b85c639,0.6462064687997603,0.9181756600213435,0.27196919122158325,"[0.2492511067797315, 0.2870588590294898, 0.27959760785552834]",0.2492511067797315,False,-1,529,-0.3239873161792239,-0.35440578315475385,"[-0.29365083157583133, -0.35440578315475385, -0.3239053338070864]"
308c7872-a46b-4f67-a61d-c519492b4dd2,#-1:f01cab1c-81b4-476c-b2aa-3538ec8c66fa,#-1:d918e5f5-4ec2-47c2-b4e9-67e0167f0efd,0.09392862297372662,0.3386935424231825,0.2447649194494559,"[0.2529412278227148, 0.2447215508320063, 0.23663197969364663]",0.23663197969364663,False,0,325,-0.11730204427320072,-0.13140735566176742,"[-0.13140735566176742, -0.11165688200688206, -0.10884189515095266]"
7dcc88fd-7c67-4337-a812-e4b6b2cdf0f6,#-1:7cd4cd2d-7975-4c4e-b3d0-64ec0577da7d,#-1:34ddb04a-e3d2-4bc0-a93d-d155f5d8b088,0.705890320956124,0.9574996811382048,0.2516093601820808,"[0.2334635500476253, 0.2526195227123559, 0.2687450077862613]",0.2334635500476253,False,1,824,0.030172003174005244,0.01452453668284946,"[0.030976644040514, 0.045014828798652276, 0.01452453668284946]"
33456559-c6b2-4e39-bfa6-c7cdd6d4c9d1,#-1:921bec4e-fae1-4cdc-8c41-55b7d019e9bf,#-1:9c4c7fbb-3ea3-4ebb-8f58-6a0733b2c08d,0.30924194171471314,0.5536946626897338,0.24445272097502063,"[0.2570412753885276, 0.24440947100554888, 0.2319074165309853]",0.2319074165309853,False,0,345,-0.2905348622893994,-0.3098673267514783,"[-0.3098673267514783, -0.28869406208400017, -0.2730431980327197]"
311e4ca9-6515-4909-95db-6119cc119443,#-1:ee16ba57-95a3-4f9f-851c-380262e9f52e,#-1:7da8c39c-732b-4425-95aa-d52136558881,0.6067370178506911,0.8551807828473316,0.24844376499664045,"[0.2525692570254954, 0.2655690494729187, 0.22719298849150682]",0.22719298849150682,False,0,329,-0.10624236827144033,-0.1289744188500781,"[-0.09704065641436509, -0.1289744188500781, -0.09271202954987778]"
9c6bfce8-95e8-4bd1-8f12-80c808cb7c79,#-1:fccf7401-edb1-497c-84d3-482e27a42f31,#-1:18604660-2d58-490c-af95-f2ffb1c54c7a,0.6476984382359939,0.8803012153796709,0.23260277714367694,"[0.22278340395417484, 0.23393763690705205, 0.24108729056980405]",0.22278340395417484,False,-1,1013,-0.3046033265462078,-0.3196505322020028,"[-0.29460246951116464, -0.299556977925456, -0.3196505322020028]"
ed884883-78ee-467f-9c70-7d4bc1f3c1d9,#-1:349ab025-acac-40f5-bdd9-37a0432186c3,#-1:936ae97e-08e9-4504-a786-e6aa338b975c,0.612289818347784,0.8543175313114327,0.24202771296364878,"[0.2220492650677106, 0.24809161885377906, 0.255942254969457]",0.2220492650677106,False,-1,1521,-0.001438365871762895,-0.04435418013123764,"[0.06269447605002736, -0.022655393534078402, -0.04435418013123764]"
699ced0d-c3c7-4147-858c-41bbd2443a0b,#-1:03838272-34ad-4dd1-93cc-cbdfb7dab40f,#-1:199a3223-91f6-45ae-a751-ac36b48ac4fa,0.34966892816837997,0.5801857274072653,0.2305167992388853,"[0.24520559906804185, 0.23293252782308294, 0.2134122708255311]",0.2134122708255311,False,0,696,0.199316390702879,0.1830047922665568,"[0.2052248479971593, 0.20971953184492087, 0.1830047922665568]"
69fe4a44-f267-4176-b10a-549001f9393b,#-1:b28c325b-283e-46a3-a248-271dfea05227,#-1:a9eabc2f-44e3-49ab-9c7a-91b7553fbe98,0.2536826295376479,0.4764128051171796,0.22273017557953168,"[0.22403325144561742, 0.2066626959284032, 0.23749457936457422]",0.2066626959284032,False,-1,700,-0.7664515170169252,-0.7792187828913969,"[-0.7409540720593923, -0.7791816960999863, -0.7792187828913969]"
97a813ef-6a6b-415a-baba-27449618df30,#-1:bf27a46e-d320-4c6d-bc1a-c42e64f161ab,#-1:dbda97aa-dbac-4520-83f4-58164019ef05,0.44468338802514173,0.661100830782698,0.21641744275755626,"[0.21714395327175773, 0.2268625395062941, 0.20524583549461678]",0.20524583549461678,False,-1,978,-0.4209741693491695,-0.4311381701631703,"[-0.4092520424020425, -0.4225322954822957, -0.4311381701631703]"
a1abd551-2d7d-4150-b94f-b9250800b32b,#-1:ead768a3-2005-473d-b085-7f406065a842,#-1:bba96523-5c88-417e-808f-39451a3c4251,0.6211977763214954,0.836396939686225,0.21519916336472955,"[0.22952359613056406, 0.199924540735803, 0.21614935322782147]",0.199924540735803,False,1,1055,-0.08486024660111302,-0.0911054386434821,"[-0.0911054386434821, -0.07936939721818237, -0.08410590394167462]"
6c71bc87-5237-4899-94ab-3ae8f91cc503,#-1:27141935-41f6-4e86-b3e2-ac5f19afacd2,#-1:e1a95b0d-f7c7-4180-8d3e-583fae4086ab,0.2871706958641499,0.5046788126235989,0.21750811675944903,"[0.2194380140217861, 0.19425924710346287, 0.23882708915309814]",0.19425924710346287,False,-1,715,-0.5854328283318962,-0.6178865113440093,"[-0.5807896732396732, -0.6178865113440093, -0.5576223004120062]"
3fe224d7-0b0c-49a1-8f58-0f8b3529f68b,#-1:305ff065-1ef9-49db-8f76-160f2b3ccfc7,#-1:4bf7fa8a-2f2e-4897-974f-d306de63cc03,0.3366486735826247,0.5532236342153157,0.21657496063269105,"[0.24803139991737694, 0.21233265790115324, 0.18936082407954286]",0.18936082407954286,False,1,441,-0.3193009233253445,-0.3362995261622639,"[-0.30138372426985527, -0.3202195195439143, -0.3362995261622639]"
10086cb6-af43-471e-b84f-bdb7eaa12b30,#-1:3dfb0e17-231e-4414-97c2-8d2c4447df03,#-1:6cc51540-1ae0-4822-97a8-68662fe78d9e,0.6872778972151647,0.8806943092453222,0.19341641203015747,"[0.1887817378954032, 0.1966416195706736, 0.19482587862439515]",0.1887817378954032,False,0,116,0.11468669676734823,0.09835716533801553,"[0.09835716533801553, 0.11271549156162744, 0.13298743340240174]"
78fb0a1a-fee8-431c-8705-a532f993f3f5,#-1:f72ea6e7-a943-45a1-a9be-62b81ca4c599,#-1:cab518fb-a653-4338-9840-13fae48a7760,0.07589670314240272,0.26749311387163943,0.19159641072923672,"[0.1877324618518471, 0.19653255869805925, 0.1905242116378037]",0.1877324618518471,False,0,789,-0.24986636803208814,-0.2630940701455407,"[-0.2630940701455407, -0.23655606060606063, -0.24994897334466298]"
a17cb12d-6f93-4a40-acd4-057d9823a9ac,#-1:bb0ba7c0-3176-44c7-a113-012e6eb01440,#-1:e84c8f37-a7cb-4c91-aa9f-33edb09b42c3,0.3303603679969304,0.5473769920574449,0.21701662406051453,"[0.2335520803669066, 0.2301919631103801, 0.187305828704257]",0.187305828704257,False,1,1053,-0.4822065265692332,-0.49109585930269034,"[-0.49109585930269034, -0.4798792650237897, -0.47564445538121947]"
dce807d7-f9df-46ed-af78-28cda2d89459,#-1:f2993b17-fffa-41f3-a350-7bac44f833b2,#-1:396be83b-fe9a-4151-95dc-0f6e7f062e2c,0.40331639949910686,0.6037342095683229,0.20041781006921605,"[0.21801235468495356, 0.19916617121094166, 0.18407490431175283]",0.18407490431175283,False,-1,1409,-0.541036468114544,-0.5469010665747662,"[-0.5469010665747662, -0.5464375376773759, -0.5297708000914898]"
981975db-6472-4884-ae36-81495e7aee04,#-1:96b9eda6-8185-45bd-bae0-6b20942b1ee2,#-1:8260e2b5-5fea-4aae-917f-e65765e925b2,0.5046716880797024,0.6969951699624222,0.19232348188271975,"[0.19961689397947052, 0.18193072935998655, 0.19542282230870223]",0.18193072935998655,False,0,980,-0.39532260170586414,-0.414952517720868,"[-0.38964420155008395, -0.414952517720868, -0.3813710858466403]"
180fee2f-e14e-496a-bbe6-4964f7c3e864,#-1:a5adae29-24f2-4107-b291-bf3a764bcd9d,#-1:a508fa9b-eda0-4e59-885b-7f7dd9b1670f,0.31373498650052295,0.5369585285744568,0.22322354207393386,"[0.18059586474377454, 0.24444848807740882, 0.24462627340061832]",0.18059586474377454,False,-1,178,-0.5775816332163989,-0.5882525526093836,"[-0.5882525526093836, -0.5592344299568962, -0.585257917082917]"
79f45748-074b-44b1-a357-66851583a9f8,#-1:1d99bb89-0930-4ee9-bf33-0deb359a8354,#-1:06f9fbca-76b2-444a-83d3-5dc052c49f3c,0.386026412026375,0.5847275233102474,0.19870111128387236,"[0.2090993835892372, 0.2123221103192759, 0.174681839943104]",0.174681839943104,False,1,798,-0.33804179722110206,-0.3536764514094309,"[-0.3536764514094309, -0.3231076119487474, -0.33734132830512786]"
cecc7871-7740-44da-a70a-9c8b3e0e9705,#-1:90bc99eb-9be9-4cff-a4fc-0f9905104ffa,#-1:8d22447a-3bbb-4207-bfef-072f787685e8,0.7286277854765916,0.9207581432192548,0.19213035774266318,"[0.2232532048606517, 0.17081394875675682, 0.18232391961058103]",0.17081394875675682,False,-1,1311,-0.19636019305431432,-0.2122140542464071,"[-0.19882680730749774, -0.2122140542464071, -0.1780397176090381]"
f62aa922-07cc-4a19-859c-376ba2071a88,#-1:2b852ebf-6f58-4243-a5ac-3b11f39ab5cc,#-1:cf37fa9a-a907-4454-b788-ffd9a9c1e717,0.2282394705145441,0.4337388529543573,0.20549938243981322,"[0.24667594095027565, 0.1680784668637511, 0.20174373950541302]",0.1680784668637511,False,-1,1580,-0.24557819310319315,-0.2571122793872794,"[-0.2571122793872794, -0.24070579143079127, -0.23891650849150878]"
29fca0cc-86b2-43cf-95aa-83ae7e5f8025,#-1:8f9a2531-ad55-4cef-bfda-9c1495e04c02,#-1:c52e702c-689e-4095-839c-877ad7f0267a,0.19435819263302542,0.34928804372631533,0.1549298510932899,"[0.1561418201973294, 0.1399771834623123, 0.16867054962022807]",0.1399771834623123,False,1,281,-0.5327090366605072,-0.553582113311525,"[-0.553582113311525, -0.5192524836274837, -0.5252925130425129]"
02c65a99-78c2-47a3-b67b-99ff1d24c206,#-1:c55e6cc7-9ff5-48e2-a7f8-12271716ce89,#-1:c1b55265-00c0-444f-8460-8e9bdacb72b9,0.18452106493173961,0.32331224474078896,0.13879117980904934,"[0.13301133619183605, 0.1507512754019459, 0.132610927833366]",0.132610927833366,False,1,20,-0.18245400596232883,-0.19425069991852598,"[-0.1727252313279571, -0.19425069991852598, -0.18038608664050332]"
9fbb0b6d-9ee1-4694-b180-8e07fef1a112,#-1:4b6a9077-fa51-4df5-a87e-d19e4f1a542a,#-1:42a58ee0-b802-430c-b535-c05575bdc129,0.17146153623840554,0.320159039083927,0.14869750284552147,"[0.12955683611660399, 0.1380830933177955, 0.178452579102165]",0.12955683611660399,False,1,1040,-0.24466505718533935,-0.2825157207173494,"[-0.2096558018336291, -0.2825157207173494, -0.24182364900503955]"
c30edab5-76e5-4c20-a4cb-6cc0312b9596,#-1:a438800b-6d42-439d-83e4-94dbf01746d5,#-1:3fc4af52-0682-477a-b9be-7ec27d9b99e8,0.11677981768429818,0.2602209651661583,0.1434411474818601,"[0.1694286519358414, 0.13296965939339905, 0.12792513111633996]",0.12792513111633996,False,-1,1241,0.06667757169028767,0.03177870740370738,"[0.03177870740370738, 0.08089739424662028, 0.08735661342053537]"
dcce6094-7273-4c12-a49c-e2d059257f33,#-1:2e4b621e-d3f7-4235-a625-45c986e686d2,#-1:35cc3313-997c-4add-be55-a3442b5329f9,0.6094356996690332,0.749919759932273,0.14048406026323979,"[0.1357552154260505, 0.12545402996978783, 0.16024293539388113]",0.12545402996978783,False,1,1408,-0.030124481320314655,-0.0476709728209728,"[-0.011590363802863818, -0.03111210733710733, -0.0476709728209728]"
c5c9298f-ef09-4236-a129-6b523314b0c2,#-1:1d065ab7-8691-4e6b-94d9-5b835f4727b3,#-1:90db21f7-9859-4d55-8b6d-24adf999a101,0.7739901373028054,0.9028804595920638,0.12889032228925834,"[0.11201686996801552, 0.1455796243899402, 0.12907447250981918]",0.11201686996801552,False,1,1255,-0.328203245779917,-0.33744687846333943,"[-0.3271306055056054, -0.32003225337080615, -0.33744687846333943]"
f390f510-6765-470d-9945-f406d184e9c0,#-1:5e677031-fd58-46fb-ba1a-721ebdada247,#-1:1af729f1-6fa2-4fc7-a986-0c19364bfc56,0.19462429659211278,0.30944579352539353,0.11482149693328075,"[0.11163976905066272, 0.11473763625427089, 0.11808708549490865]",0.11163976905066272,False,-1,1559,-0.0011766870928635771,-0.02787637281019635,"[0.037599289109583205, -0.02787637281019635, -0.013252977577977585]"
c04982b7-8d7f-4ea7-b57a-60e9113d53fc,#-1:f9335475-9b01-41d0-9395-99d4f6cc36be,#-1:5bdadf7b-0a60-48f5-9d6c-315dcc87b8d1,0.8087437782414025,0.9338207977641545,0.12507701952275196,"[0.1476249261956013, 0.10882414355380077, 0.11878198881885338]",0.10882414355380077,False,-1,1223,-0.7071623430749653,-0.7181071923690343,"[-0.6929531236604409, -0.7181071923690343, -0.7104267131954208]"
1f20782e-7e60-4156-9975-967db34e1f7b,#-1:659a2724-a917-4373-8617-ca3ebb63d39c,#-1:24dfb3b7-13a5-4b5a-a93a-ca9ff949130e,0.7363921143470183,0.8734439790972913,0.13705186475027298,"[0.10878580548043137, 0.12907981347233788, 0.1732899752980498]",0.10878580548043137,False,0,217,-0.3106294925553748,-0.33879763292263293,"[-0.3039937973464441, -0.33879763292263293, -0.2890970473970474]"
015fdca4-2b7a-4365-97ae-01dc07801f11,#-1:5a3ace5b-b82e-4ad1-998b-c6e467859751,#-1:de881442-424f-4991-b489-5921c5ebe349,0.45929074700596534,0.5743237282190682,0.11503298121310285,"[0.11253300967685637, 0.1245961221301719, 0.10796981183228033]",0.10796981183228033,False,0,10,-0.5257682094445846,-0.5398315803244375,"[-0.5241190404938336, -0.5398315803244375, -0.5133540075154827]"
f1292151-74e6-47db-8423-2749e0aaad65,#-1:d14a3ee9-7fdf-4c71-a26a-c6248f027da9,#-1:488ef110-6b4c-4bc8-941e-31c9f8d834c2,0.6802744422228644,0.7824126560686487,0.10213821384578436,"[0.10084513394364802, 0.10454923765150681, 0.10102026994219782]",0.10084513394364802,False,0,1545,-0.054514861640770684,-0.07638238344238336,"[-0.052766841473023705, -0.03439536000690497, -0.07638238344238336]"
debea268-c46e-4e2a-91ea-9803cc30f2bd,#-1:08fde4a2-2dc8-46c9-8f99-684bd09f1ef1,#-1:1aee5649-614b-45f9-b515-6c5b3de13fd1,0.6472708619602305,0.7510456354805144,0.10377477352028386,"[0.09956260437868825, 0.09955708710527111, 0.11220462907689188]",0.09955708710527111,False,-1,1418,-0.3123463340673159,-0.3160862765026957,"[-0.3160862765026957, -0.31500483031085313, -0.30594789538839884]"
196d8d42-4ad2-403a-b4af-82ce0f3ec24f,#-1:ca86cc35-2642-431b-80b1-6cca122b5695,#-1:fadd9a14-9ab6-40e0-8981-7338dca2b22e,0.2936027573187907,0.3996280455121555,0.10602528819336482,"[0.12203242358792527, 0.10265031527604507, 0.09339312571612424]",0.09339312571612424,False,0,186,-0.3133624895043991,-0.3353190141206585,"[-0.3113946623571687, -0.29337379203537, -0.3353190141206585]"
6576a929-1d0b-4983-a2f6-b0daa4ff73d0,#-1:a72249e5-73a2-4f4c-aa12-25d180d3ba62,#-1:9c337340-db4c-4e32-8379-0b46055b5fef,0.8390223928943694,0.9382614357398443,0.09923904284547491,"[0.0996676689626328, 0.09338747811558423, 0.10466198145820771]",0.09338747811558423,False,0,667,-0.4452784438509925,-0.45244795694501533,"[-0.4506497576497575, -0.45244795694501533, -0.43273761695820484]"
adddc66d-32b7-4236-9738-be5db14a80b2,#-1:005c1c43-446a-40bb-99e3-cd69c02eb8e2,#-1:ac608da2-5d8f-47b3-a6f7-60b8e9037b62,0.14280970970190507,0.2450563178421552,0.10224660814025013,"[0.09321556256513494, 0.11227073964590392, 0.10125352220971148]",0.09321556256513494,False,-1,1125,-0.2998618962511433,-0.31911406262819286,"[-0.29657992541334, -0.2838917007118969, -0.31911406262819286]"
aa5efd9f-8cd2-4d7e-ba49-c6a3de4d56aa,#-1:1a5f3c76-e387-4367-ae15-d5913d2f2f16,#-1:2b9111b5-9587-42ab-bdaa-422ddc81aa64,0.2902555604159071,0.40860319858679467,0.11834763817088756,"[0.1103687163725498, 0.15377388352725935, 0.09090031461285353]",0.09090031461285353,False,-1,1103,-0.02608767441708618,-0.05490382395382396,"[-0.02058180708180708, -0.05490382395382396, -0.002777392215627505]"
d0c6208e-e764-4142-a1e0-34c1fa18d47e,#-1:35737e17-ceb0-4e6b-b5a7-0439c7b6ea5f,#-1:e0f3e52e-fe3a-4acd-9ddc-13f62560029a,0.5587180564058406,0.6666612198352014,0.10794316342936083,"[0.10901641565361264, 0.08834095026509214, 0.12647212436937738]",0.08834095026509214,False,-1,1323,-0.7562932255106523,-0.7697022488654602,"[-0.7440572775770881, -0.7551201500894082, -0.7697022488654602]"
5753cdfb-9b41-476b-beca-19c69e883726,#-1:d57dc926-835f-43cf-89a6-e78933299ccf,#-1:971c8e7c-acfd-419f-ae41-cca6e658c68b,0.7113935443235748,0.804558901627764,0.09316535730418918,"[0.0886097780168349, 0.08490859486630697, 0.10597769902942578]",0.08490859486630697,False,-1,577,-0.43729423631923653,-0.4486940281940284,"[-0.4279445804195804, -0.4486940281940284, -0.4352441003441007]"
efa13aa3-36e5-4bd0-ac08-f9f683e6984a,#-1:89df57b3-2a59-49dd-8845-e7c4cc3f6c4e,#-1:ab472904-faca-4cea-9775-a53329567823,0.5351515375724021,0.6217226394246324,0.08657110185223027,"[0.08515153187578017, 0.07850341175489184, 0.09605836192601847]",0.07850341175489184,False,1,1536,-0.2076695367863518,-0.22358120895932376,"[-0.1987121216382516, -0.22358120895932376, -0.20071527976148007]"
06c2400f-c027-4383-b422-49d6138bb5e8,#-1:77da063b-5f35-4e7b-b717-f72637cfecf4,#-1:7f6c8607-e7ff-4a10-8c3c-f053320ddd09,0.17544443763800702,0.2562015899714949,0.08075715233348787,"[0.08410178906177776, 0.07849906366958317, 0.07967060426910269]",0.07849906366958317,False,0,45,-0.3779552991017898,-0.4013820382130217,"[-0.375588829122318, -0.3568950299700298, -0.4013820382130217]"
da1dedea-36e5-4459-b178-c94561d04aaa,#-1:55de07a2-d106-43cc-9803-7951e5b1b492,#-1:58f0a1d8-78c7-4b11-a957-6c41d84eaa1f,0.47083407978157227,0.5590580224899707,0.08822394270839845,"[0.07836898300962275, 0.08957400286069361, 0.09672884225487904]",0.07836898300962275,False,-1,1385,-0.6131681017546508,-0.6365710095460088,"[-0.6365710095460088, -0.5896615273615277, -0.6132717683564156]"
50889ffb-a59a-428e-a7ae-bbff1934a8f1,#-1:93aef151-7142-4ac4-8284-060b3d1a6ebd,#-1:34514059-53d7-4c3e-a658-249c8b2ae962,0.43673808412061615,0.5344935312975921,0.09775544717697598,"[0.1299037366648167, 0.0904215942565435, 0.07294101060956781]",0.07294101060956781,False,-1,537,-0.5879968186427248,-0.617112005445129,"[-0.5641688478268183, -0.617112005445129, -0.582709602656227]"
9502e025-a97e-45e8-b1e3-24efe8327e2f,#-1:ceb1cf0b-e46a-4d6f-971e-c88aedcef3f2,#-1:cd028010-d73e-4eac-ab79-67a8b22c5fb0,0.17848080845963343,0.26124097820217,0.08276016974253658,"[0.08684592284892473, 0.07279423554276804, 0.08864035083591693]",0.07279423554276804,False,0,960,-0.4834291134791133,-0.48911070596070594,"[-0.48792403707403664, -0.47325259740259745, -0.48911070596070594]"
48b5dd7c-d423-4aed-b454-f894ccaf8143,#-1:106e64f6-c7fd-48f1-88c2-a921810c62d9,#-1:07443972-9dfb-4f55-a104-6482d856b10e,0.4625278961018459,0.5429508345765734,0.08042293847472753,"[0.0722106040785973, 0.10061542020017167, 0.06844279114541368]",0.06844279114541368,False,-1,489,-0.5319813702211501,-0.5550700573972251,"[-0.5215295962621284, -0.5550700573972251, -0.5193444570040968]"
8218ff9a-ebbf-41d9-87ae-b4cc0b070198,#-1:7b87f376-5e67-4d8c-9114-54690392ce40,#-1:45a074ad-ea0b-4906-be88-7e68731cbdaf,0.643594195468146,0.7182081687317364,0.07461397326359043,"[0.08645017783788012, 0.06564769059851305, 0.07174405135437834]",0.06564769059851305,False,1,841,-0.12730194311209983,-0.14445963636095774,"[-0.11833578286353226, -0.14445963636095774, -0.11911041011180944]"
ab7a69a7-e2e8-4162-89d0-e64c2a205f3a,#-1:8f64b91c-9294-4919-8894-65a81754a148,#-1:13b79b1a-b0f5-4dd3-be44-a042dbdbe23f,0.19173591986424995,0.2636074633891629,0.07187154352491296,"[0.06201656612868761, 0.08605173526049928, 0.067546329185552]",0.06201656612868761,False,1,1109,0.2149866332927479,0.19814287379287376,"[0.19814287379287376, 0.23263777494435395, 0.21417925114101596]"
09535c0e-655d-4fed-aded-bb40c3c2ddf3,#-1:9a492765-fc81-45d6-afe3-4ea80030d828,#-1:96b21bee-4d3d-42f7-b379-d5dd91a76250,0.7312124522196632,0.8037292564668744,0.07251680424721119,"[0.07170904240863629, 0.059613012817837374, 0.08622835751516]",0.059613012817837374,False,1,69,0.20019694394613743,0.19677230547230545,"[0.19998117205375263, 0.2038373543123542, 0.19677230547230545]"
d1421e9b-688b-41ca-8968-c636bfe3c057,#-1:ca0bc8e1-82d6-476c-aaaa-ff8ca1d87286,#-1:5f537ab6-58ac-40c8-9419-5aa70ac23d1c,0.8999543541725431,0.9628492819594207,0.06289492778687755,"[0.07034914444337625, 0.06196907071732205, 0.056366568199934464]",0.056366568199934464,False,-1,1326,-0.6304403184552313,-0.6463163203806344,"[-0.6463163203806344, -0.6231869867262316, -0.621817648258828]"
1839790f-7bef-431f-9b53-e934a500b367,#-1:89c2c694-4416-4ce7-a86c-a483f9d66afa,#-1:18d7f262-4eb4-4a5e-8fb1-ab48eddb3e16,0.13390500218417736,0.2025723590755418,0.06866735689136444,"[0.07554378923921047, 0.055760035540854264, 0.07469824589402846]",0.055760035540854264,False,-1,180,-0.5304310344418215,-0.5507665831789448,"[-0.5193723387723387, -0.5507665831789448, -0.5211541813741812]"
3539c98e-c84a-4300-84ff-ae150ba893a2,#-1:b830e278-f985-451b-8884-411c4ab38a44,#-1:7c7095b0-5401-4c20-aadc-f3e834ac196b,0.18312840261112093,0.24403832402368694,0.060909921412566015,"[0.06807516705281536, 0.06322450865740109, 0.05143008852748163]",0.05143008852748163,False,0,361,-0.03351096496096496,-0.060510364635364654,"[-0.00909320956820958, -0.060510364635364654, -0.03092932067932065]"
ddbdded2-2062-4b56-b793-5c18c93eca34,#-1:bc268d33-a456-4242-8338-41a6ff48111b,#-1:1e348a27-b819-4fcb-8272-e06baf92be3e,0.4579271640377976,0.5323555667014652,0.07442840266366763,"[0.09551519174853512, 0.04690709481551786, 0.08086292142694951]",0.04690709481551786,False,-1,1413,-0.66644446986638,-0.6810704802703903,"[-0.6537447280855483, -0.6810704802703903, -0.6645182012432014]"
02655ab3-b384-4278-8d03-684347fb6e8f,#-1:0c177b6e-bf7a-43da-90f8-de3fa7122e75,#-1:06043d57-a0dd-4a8c-9b1a-22b5073a7806,0.08683489824327491,0.15556831127027412,0.06873341302699922,"[0.07101875344913623, 0.08838223880886155, 0.04679924682299984]",0.04679924682299984,False,1,16,-0.3284495295278111,-0.3412060452303335,"[-0.3412060452303335, -0.331415460274201, -0.31272708307889874]"
bf20f0fe-f234-4068-b8cc-57f5b69be9b4,#-1:c4f8fe24-52f6-4723-beb3-2d9083183795,#-1:7037c3c6-30b4-43e6-a940-e68e8a45fc9e,0.11145142899450626,0.17205226504661733,0.06060083605211107,"[0.045365794753244953, 0.06586388672702825, 0.07057282667605996]",0.045365794753244953,False,0,1216,-0.4520212084212085,-0.46326457986457975,"[-0.46326457986457975, -0.4391647352647354, -0.45363431013431044]"
01ae591e-5b79-461f-ac12-fbdd2c3c92e4,#-1:e6ed22a7-9c56-4738-9e8e-2f3055af8ee9,#-1:1f677ea0-7077-44e7-8955-caaf3e71e5fe,0.9416756312305821,0.9912485652556611,0.04957293402507901,"[0.05087043598493779, 0.054460075357034565, 0.04338829073326478]",0.04338829073326478,False,0,12,-0.09639693111126962,-0.10735620514683647,"[-0.10735620514683647, -0.08087169213324144, -0.10096289605373096]"
e7e64f8f-accc-486d-8731-9a5277bd7a0f,#-1:843f08c2-0d01-4998-9096-0aabe4808cde,#-1:889b59e7-6b1d-4037-99c5-137b0de61b11,0.7278152591635031,0.778016047854829,0.05020078869132594,"[0.050216321215280524, 0.057501801751257964, 0.042884243107439435]",0.042884243107439435,False,0,1477,-0.25576891938864843,-0.265062838272838,"[-0.26188846507809366, -0.265062838272838, -0.24035545481501366]"
e804d8ce-25a3-44d5-81cb-8827acdfc90b,#-1:2fbc66ce-75d2-4489-bb86-994db8506c8b,#-1:c135edc8-792e-4a6f-9705-a8a5afc074a6,0.7735297675338648,0.8301757040891576,0.05664593655529282,"[0.03787789245168838, 0.08039897524028439, 0.05166094197390558]",0.03787789245168838,False,0,1480,-0.9032083178556074,-0.9113347781443966,"[-0.9019580420602217, -0.9113347781443966, -0.8963321333622041]"
847fb7bc-7494-4a39-bdc3-527f20f32b80,#-1:58a642a8-4ae5-4d94-a0b2-a855c6a8a478,#-1:abcacb4c-1482-4652-8065-84c03bada938,0.6823125205610362,0.7455979364826654,0.06328541592162917,"[0.09177406535846144, 0.03722431210567734, 0.06085787030074896]",0.03722431210567734,False,-1,852,-0.4304123142634,-0.45740475388350266,"[-0.45740475388350266, -0.416760615344376, -0.41707157356232144]"
d2db7302-0519-4d54-8fea-de412540fcb7,#-1:5510e6b5-0f8c-4a10-b23a-ebdf00063a47,#-1:c7052874-4d79-464e-ac23-8b13abf2841b,0.6300906064922944,0.6761618531790643,0.04607124668676987,"[0.04515061459009839, 0.03585868284357041, 0.057204442626640595]",0.03585868284357041,False,-1,1339,-0.3371873992514906,-0.3412696598336307,"[-0.3379141996891994, -0.3412696598336307, -0.3323783382316416]"
76eb2fe7-6c4d-4c0a-973c-bfc383fb94fe,#-1:17c3b1e1-1cdf-4a20-894d-d88fd724508c,#-1:f124cfa2-25d9-4dcd-ba0b-30f0179e50e0,0.253284219483159,0.30904409665497073,0.055759877171811745,"[0.09626988319111116, 0.033945431581344276, 0.03706431674297994]",0.033945431581344276,False,-1,782,-0.6279754878343793,-0.6476135170101286,"[-0.6346081484833724, -0.6017047980096369, -0.6476135170101286]"
0f646d11-af37-4f7a-b61a-0bbbe2ae00e1,#-1:4bc10e65-d236-4667-b4ca-6400d4d95dc1,#-1:26886b07-ae5d-4546-b1d6-5fe77be43481,0.2476609939982319,0.29990214853599434,0.05224115453776243,"[0.04717961092884804, 0.07676260708544422, 0.03278124559899509]",0.03278124559899509,False,-1,110,-0.6075460382210379,-0.6221692418692415,"[-0.596075729825729, -0.6221692418692415, -0.6043931429681433]"
17946e9a-e4f1-48e8-b360-c65ef44dff22,#-1:3a105c8a-9e8f-4f62-8e80-0f15fbd3d2bc,#-1:6f377c53-6e9b-48cb-8b89-f156de868b30,0.3050084596944447,0.35449753868647543,0.049489078992030755,"[0.03055668219213803, 0.054635000122897404, 0.06327555466105661]",0.03055668219213803,False,-1,174,-0.892320235898855,-0.8986969645932549,"[-0.8881945884386829, -0.8900691546646273, -0.8986969645932549]"
f7e5a887-a962-4c57-9581-865ca16282ff,#-1:af694dc8-526c-4822-bf8c-a357cac580a6,#-1:c12904a8-1fb7-4893-bcd5-2122f7a05624,0.8090068867807555,0.8539395868968652,0.044932700116109725,"[0.026952174526206796, 0.059348264742635215, 0.04849766107948772]",0.026952174526206796,False,-1,1590,-0.4661389046133167,-0.47285308287526673,"[-0.46376246817560335, -0.47285308287526673, -0.46180116278908007]"
994c821c-7116-4dea-a75d-3ffe639b0fc7,#-1:4d0e12c1-4810-4fc4-a5de-b679f68213f7,#-1:b5b009c7-05ed-4bbb-b24b-a25bd17bb328,0.34577539536948865,0.398400641084254,0.052625245714765345,"[0.025661657732913623, 0.05937271106807562, 0.07284136834330684]",0.025661657732913623,False,1,988,-0.4228182108094993,-0.44016147295506863,"[-0.4105679406036221, -0.417725218869807, -0.44016147295506863]"
85e32e02-ad20-4e3e-bef5-a06f41874a3c,#-1:00ca6cc8-90b1-4bd1-9694-83a1756ae515,#-1:f05f61bd-bea5-47f3-8c12-8e28cca0407b,0.049484357420597085,0.07658620949804182,0.027101852077444734,"[0.024694057965710184, 0.03188164912640831, 0.024729849140215726]",0.024694057965710184,False,0,865,-0.0737212582366218,-0.09350983792085016,"[-0.04973979993504743, -0.07791413685396781, -0.09350983792085016]"
082985f8-6d1b-49a8-965c-4ee7d73318e1,#-1:57d472bf-7dcb-4f88-9414-bcee592b8dd3,#-1:bbf33530-a788-4052-bfe5-39269f34c4b0,0.9379614049006264,0.9652071748171333,0.027245769916506846,"[0.02344761597112477, 0.0279530011003164, 0.030336692678079702]",0.02344761597112477,False,0,56,-0.42534773119037794,-0.446333059261,"[-0.4173447996447994, -0.4123653346653345, -0.446333059261]"
3ceb47c8-e8b1-4268-8f73-6c4195fae310,#-1:9bc6ee20-5f2f-44c6-97c4-7d7e64b214f5,#-1:1893410f-cbef-4827-9208-09ca65d2fe71,0.8250026423959737,0.8505249370455533,0.02552229464957967,"[0.02514221314968479, 0.028774993025143303, 0.022649677773910915]",0.022649677773910915,False,0,426,-0.5771370947570947,-0.5896616783216784,"[-0.558133122433122, -0.5896616783216784, -0.5836164835164838]"
9941b7e6-3f2e-4f07-899e-8d45928643c6,#-1:ea04290b-4de1-4c9a-8471-d65dbe6bd9cf,#-1:77d0435a-4331-4ff9-ab5e-87e4af62c621,0.9668191192832923,0.9912675168004524,0.024448397517160103,"[0.022327849454639837, 0.02404316210163393, 0.026974180995206543]",0.022327849454639837,False,0,987,-0.1643099452937569,-0.17634803916148306,"[-0.17634803916148306, -0.15120882003823263, -0.16537297668155504]"
72f0675b-a055-4c0e-b699-7e649c528be0,#-1:6e5cf402-57b1-4748-a4a0-4f197a7ddc2c,#-1:a8026196-f0b0-4d8d-aac5-44485027beec,0.16228018651364987,0.2000518647674395,0.03777167825378963,"[0.022837957822963273, 0.06908954736523362, 0.021387529573171943]",0.021387529573171943,False,0,763,-0.31986742329101714,-0.3284197701421383,"[-0.3284197701421383, -0.31147785303258235, -0.31970464669833076]"
d67811bd-9926-4240-95ad-f8cca35914a1,#-1:4f8f2743-0d12-4b0d-91ab-14ca176d0c2c,#-1:fab337cd-9b6b-47ec-a3bd-0db1ba979939,0.8582161854977611,0.8809985224746185,0.022782336976857387,"[0.0318916745361707, 0.0199861502784221, 0.016469186115979473]",0.016469186115979473,False,-1,1360,0.08495638107044372,0.06128327389040934,"[0.0764544501332001, 0.1171314191877217, 0.06128327389040934]"
29317b9c-281a-40c5-adbd-70ea2d2f1b9b,#-1:deadbfe7-52b8-43cd-bd83-c236bffdcb96,#-1:e3d9c7f5-ed4b-4815-b03f-e151bc193910,0.0050083991648352125,0.024919968363497257,0.019911569198662046,"[0.016204163943143873, 0.01839707921990575, 0.02513346443293651]",0.016204163943143873,False,-1,273,0.1088154697991009,0.08436024376208592,"[0.13171005950616954, 0.08436024376208592, 0.11037610612904723]"
4c3ae55e-cd5d-4962-b783-357088469f1e,#-1:cdf4ad2d-e246-4148-af53-70803fb0f751,#-1:0d7b52f1-82d0-4dfe-99ec-333817fb2008,0.6384270971817839,0.662287209644625,0.023860112462841032,"[0.026178661725297925, 0.013777292715577816, 0.03162438294764758]",0.013777292715577816,False,0,514,-0.1380421384138686,-0.14730008227096436,"[-0.12486350371658039, -0.14730008227096436, -0.14196282925406098]"
a8a56894-61aa-4d39-ab96-d5dab4a64856,#-1:7d49561d-dbb3-4d5e-9808-bcbc7f9aa9d6,#-1:a4a1a6bc-b95e-4137-aca5-4bc9d468e5f9,0.41088540133282825,0.431242891087225,0.020357489754396774,"[0.0118175117683737, 0.03136395322861041, 0.017891004266206323]",0.0118175117683737,False,-1,1098,-0.6912783247820075,-0.7002681178277662,"[-0.6879848271080651, -0.7002681178277662, -0.6855820294101911]"
a1f7dc95-d0b0-41f4-847a-d7110e3cc277,#-1:88760931-e761-467b-9508-39238a7f33bd,#-1:7a40a197-8753-446e-9c7a-5c04ad818e07,0.5703565726295704,0.5851950307789209,0.014838458149350475,"[0.014558366237466314, 0.010232639629831453, 0.019724368580753437]",0.010232639629831453,False,0,1058,-0.1734952300840413,-0.20012938492850293,"[-0.1339827782530256, -0.20012938492850293, -0.18637352707059535]"
c0936f8b-de15-49ac-8e9c-69a4b7dc9080,#-1:b420b098-3e7b-418c-b840-2f311bcce04d,#-1:6d73751c-d597-4dcb-9640-753ffe1cbc0b,0.6836412442910523,0.7026298532991618,0.018988609008109503,"[0.005734095026865504, 0.034451537485393535, 0.0167801945120698]",0.005734095026865504,False,0,1226,-0.1521079045033222,-0.15858962935212934,"[-0.1547715300452832, -0.14296255411255407, -0.15858962935212934]"
1dec2698-e921-4850-a5f1-2f06bd6a41e7,#-1:1d840740-fb3b-4ee6-8825-366166e75293,#-1:df276998-796f-4911-905a-a6013606769a,0.9536426278391964,0.9601733721917564,0.0065307443525599584,"[0.005359221083822474, 0.008876376467664482, 0.0053566355061935855]",0.0053566355061935855,False,-1,211,-0.6438601460804857,-0.656133934137052,"[-0.656133934137052, -0.6333520390711448, -0.6420944650332603]"
2bca2270-8245-431c-9889-b43e05d4af33,#-1:43edc78f-d96e-4ad1-ac81-65abfa5410fd,#-1:7146e035-eb68-4296-8d2a-707c5b0c17c3,0.6776926856502506,0.7072839616885336,0.029591276038282932,"[0.0374468863940941, 0.002523159021913468, 0.048803782698841225]",0.002523159021913468,False,1,292,-0.23144413689559684,-0.23978864638231195,"[-0.223538246013246, -0.23100551829123264, -0.23978864638231195]"
6fa0bad6-2851-466a-95af-f8f249185b47,#-1:8bff4e04-8eb9-418e-a14a-68e31577517e,#-1:340c098d-81dc-45bc-a08a-9557300c030c,0.9380731423921023,0.9415583634740008,0.0034852210818985263,"[0.00125986549442747, 0.00477067413986676, 0.004425123611401238]",0.00125986549442747,False,0,738,-0.26467019905484485,-0.2793166533493631,"[-0.2405802950903336, -0.2793166533493631, -0.2741136487248379]"
9180c386-6cdf-436a-9f8a-0fb1269596aa,#-1:4bdaf80b-f6b5-4fe5-8ed5-5c901c71550d,#-1:6d90b54b-ed0a-4c3f-882e-1195f472c030,0.3510821168545187,0.3527782049244254,0.0016960880699067316,"[0.0024564110722239962, 0.0026318531374960874, 0.0]",0.0,False,0,939,-0.18156868135803403,-0.20836170238597368,"[-0.15936445909842484, -0.1769798825897035, -0.20836170238597368]"
fd650287-4596-40f8-9756-e623d841f08a,#-1:2fd03a78-47b5-4f8e-a612-a7720bd77818,#-1:ecb91c2a-0124-4142-a9b3-7cf9b4f1ac0e,0.9390255187816882,0.9390255187816882,0.0,"[0.0, 0.0, 0.0]",0.0,False,0,1618,-0.25494634413388434,-0.2727205078780271,"[-0.2727205078780271, -0.2527718561900147, -0.23934666833361112]"
ada65362-75e4-4701-956f-67377b3924ae,#-1:d97a493e-fde8-499f-be16-3e9140114c11,#-1:b119d6bc-a575-4fec-8174-3d3e5c4e5df2,0.7388084518143471,0.7388084518143471,0.0,"[0.0, 0.0, 0.0]",0.0,False,0,1122,-0.41722215483672326,-0.43209656019843184,"[-0.43209656019843184, -0.40155380496696247, -0.4180160993447755]"
ac257a7f-a392-4289-a962-ccf1713c5575,#-1:5ab89131-b6ae-4098-8440-edd8246c323a,#-1:5ad61229-55c8-4745-b959-b525887090ba,0.23597833313455308,0.23597833313455308,0.0,"[0.0, 0.0, 0.0]",0.0,False,-1,1114,-0.14305249370798906,-0.1513466916124811,"[-0.12922611783641177, -0.14858467167507428, -0.1513466916124811]"
d730c009-5ea7-4de2-bdf4-17b41ab4cf10,#-1:a5abdd11-f87b-4d64-9876-9ed710e396e9,#-1:b64f1577-7cd0-40be-ae7f-5d319b931ff0,0.3219779932706664,0.32259724592230915,0.0006192526516427543,"[0.0, -0.00014224204507168325, 0.0020000000000000018]",-0.00014224204507168325,False,0,1363,-0.5504595869272341,-0.5597382617382616,"[-0.5451837918617327, -0.5464567071817078, -0.5597382617382616]"
098b59d1-698a-4354-b75b-771be1719210,#-1:55cb1252-c3a5-48fe-832d-47a0eb038eec,#-1:9b2ff7fe-b125-46b3-a12c-39f9b6d53d67,0.3297225655365557,0.3357610317781188,0.0060384662415630674,"[-0.006449451270905127, 0.018138804615238924, 0.00642604538035535]",-0.006449451270905127,False,-1,70,-0.6600866611186675,-0.6651543479537848,"[-0.6509466822525892, -0.6641589531496288, -0.6651543479537848]"
995fe6d3-82a8-40d7-9ef3-c33b04145927,#-1:e427dcfb-b5bf-4d43-a5d3-fedaa90cf7a8,#-1:c784ddd4-e4e3-43c1-9f07-83039404fa0a,0.9546573776873676,0.9596561371572939,0.004998759469926339,"[0.011568879434153745, 0.010249506898689864, -0.00682210792306448]",-0.00682210792306448,False,0,989,-0.27122899806309025,-0.29790202635954577,"[-0.29790202635954577, -0.2595747228388531, -0.25621024499087186]"
adde13a4-572c-4bca-832d-e9465690ee50,#-1:14960c00-fc3e-4eaf-822f-5c3532aaf27b,#-1:0c3c60a8-d97c-439d-a32e-50c41ba226d7,0.5911305100594244,0.6159322622189877,0.024801752159563262,"[-0.00732211866279775, 0.06001450206303205, 0.021712873078455375]",-0.00732211866279775,False,-1,1126,0.028119955338058503,0.014659985930264558,"[0.03439584768735885, 0.0353040323965521, 0.014659985930264558]"
62389558-c44d-4a49-b726-211bcc463da0,#-1:ba720ae1-311a-43bb-9cd5-5fef1e52a31c,#-1:ce8b5827-8cf3-4130-9a94-88bb2f5d725f,0.7363471624316548,0.7430646108404625,0.006717448408807725,"[-0.005939569007403445, -0.008917869131058964, 0.03500978336488558]",-0.008917869131058964,False,-1,652,-0.21868227013873473,-0.22326087124015528,"[-0.22326087124015528, -0.2196032092090915, -0.2131827299669574]"
1920340c-0cbe-4d86-8ad3-363c38ca35c7,#-1:63787849-696f-40ba-ab6e-287a0f7404f4,#-1:186159df-5e23-4205-9ce5-253ccf28c629,0.517758521787553,0.536789687388699,0.01903116560114604,"[0.06055352368083189, 0.007088569594006056, -0.010548596471400051]",-0.010548596471400051,False,-1,183,-0.6813107091537791,-0.7114656458848886,"[-0.6566384898620357, -0.7114656458848886, -0.6758279917144132]"
fd591a1b-80c4-4548-a460-eb396e632b52,#-1:5679ed28-34ba-407e-8204-56dd19260ef0,#-1:f956240d-1b7e-495e-8ffa-e52868f8576e,0.013985514627804415,0.01042729552770612,-0.0035582191000982956,"[-0.0031083797836239623, -0.011306321710083281, 0.0037400441934123552]",-0.011306321710083281,False,-1,1617,-0.41521748691921084,-0.42013966033966016,"[-0.418165508820681, -0.4073472915972913, -0.42013966033966016]"
f6fa9a49-7ef9-44d0-b80f-465db7901dd0,#-1:5c8a23de-5eea-44d6-83e7-e2292522426e,#-1:de43515a-2865-4c1f-8d9b-e6e87a230c74,0.9824094326043188,0.9783748331496934,-0.004034599454625365,"[-0.012593198930205829, 0.0006949383350759453, -0.0002055377687461002]",-0.012593198930205829,False,1,1587,-0.38998924158681564,-0.4003410316483353,"[-0.4003410316483353, -0.37250290017635557, -0.397123792935756]"
36ca4db7-7eab-4b44-aebc-69ebfc94d393,#-1:1a9cf398-5f13-4b56-9cc3-bf3daf91bd90,#-1:7ed6b4e6-80bc-422f-bd39-f6647c6fafb0,0.5572128210872281,0.5994889045991584,0.04227608351193024,"[-0.01286268725012274, 0.06708526432679529, 0.07260567345911828]",-0.01286268725012274,False,1,369,-0.27521858147939376,-0.2930411292232986,"[-0.2720988963838355, -0.2930411292232986, -0.26051571883104707]"
c6837095-1f13-434c-8fea-ee76e025513f,#-1:8cb90318-7b87-4879-9084-ce937ff14413,#-1:dd60c2aa-07ca-4fb6-981d-6a1c0bbf2ea3,0.9770235070924286,0.9658345989171416,-0.011188908175286949,"[-0.006584258185741376, -0.01592580270981847, -0.01105666363030089]",-0.01592580270981847,False,-1,1259,-0.6490301536823746,-0.66074573206135,"[-0.66074573206135, -0.6409811182521362, -0.6453636107336375]"
9703763f-bb2a-4ea3-b650-a8f80d7c2506,#-1:435374d9-569c-4e04-b179-2c213c305116,#-1:0150efb3-607f-47d7-b33d-7a5a9702e6d1,0.9758262041579157,0.9648583972208368,-0.010967806937078883,"[-0.0068636330689004765, -0.016111068967394226, -0.009928718774942391]",-0.016111068967394226,False,-1,973,-0.6487224613746823,-0.66074573206135,"[-0.66074573206135, -0.6400580413290593, -0.6453636107336375]"
8c961230-7edd-4fd8-865d-5622139bebbb,#-1:72dc431e-6a1a-4d03-b7e6-c5f1a12b639c,#-1:45d4dc56-466e-417e-b9a1-f63c081b86bb,0.8845546253937503,0.879384198086823,-0.005170427306927294,"[-0.0002467273635232692, 0.0010544296460754943, -0.016318984203333775]",-0.016318984203333775,False,-1,914,-0.3328960391460391,-0.3382217171717175,"[-0.3382217171717175, -0.3282236624486623, -0.3322427378177375]"
f6535c9d-704f-488f-982e-ad9d1cfb48d3,#-1:3f0ea675-4e07-494a-b1d4-78665f1ebd3b,#-1:e6cc1294-7e18-4934-a939-b0a575f6f067,0.6224435153580439,0.6140087332168246,-0.008434782141219288,"[-0.0046531220333924095, -0.003581435612580397, -0.017069788777685058]",-0.017069788777685058,False,0,1582,-0.6759917776018919,-0.6909934755474724,"[-0.6743120550062274, -0.6909934755474724, -0.6626698022519758]"
bc584619-1b1d-413e-a00a-a9d200638e5f,#-1:f4651c48-4035-4907-a1c4-a0cc5a8ce798,#-1:185029bd-79a7-4997-8ecb-edf188cabe8b,0.8359336132181091,0.8366503037803311,0.000716690562222011,"[-0.019436591077002907, 0.018498135259611526, 0.0030885275040573035]",-0.019436591077002907,False,-1,1208,-0.8876749551070849,-0.8940702676450133,"[-0.8926435345224498, -0.8940702676450133, -0.8763110631537918]"
90ff96b1-bebc-445f-ae2a-e3779ad8eabc,#-1:1adab265-0b5a-40a5-9fa3-8b26b4e432a1,#-1:5c761825-bd3f-4fe5-b0fa-595d961be1b3,0.9753311582379616,0.9601120757583977,-0.015219082479563828,"[-0.007817155484471705, -0.01749108587558801, -0.020349006078632104]",-0.020349006078632104,False,0,935,-0.2196197721384062,-0.24878075403195993,"[-0.2216694014624345, -0.24878075403195993, -0.18840916092082413]"
c1009bff-bffd-42e8-ad2f-bd1fd5f79581,#-1:f1d53603-4c57-4dbc-8d5d-62c368134d2b,#-1:110b9532-f679-42f1-8257-e9193210b91a,0.8572692006257446,0.8389849835229755,-0.018284217102769174,"[-0.010125166235966487, -0.02086354234908505, -0.023863942723255982]",-0.023863942723255982,False,0,1227,-0.41951720912648777,-0.4319076308198996,"[-0.4319076308198996, -0.41460491238990527, -0.41203908416965834]"
ea063081-ac47-4589-8a91-cf11f70e60ac,#-1:2dde1844-6559-4db1-bd43-dec864659efe,#-1:e022e821-35eb-4a69-8f51-90a9b1a56468,0.8824254452330894,0.8812651086544528,-0.0011603365786365671,"[-0.02559874987523414, 0.02203841221499092, 7.932792433373859e-05]",-0.02559874987523414,False,-1,1497,-0.8904730446499558,-0.9057100926837246,"[-0.9057100926837246, -0.8828769790236103, -0.8828320622425326]"
d0c4f35e-4ec6-4985-9a2b-2c6a6dd02c4b,#-1:102f6e90-5bb2-45de-ab53-5f0a94e5fa85,#-1:f87783a1-378a-4ca1-be8c-8b6f85667ec5,0.43298799965027523,0.42752038020218075,-0.005467619448094485,"[-0.0016110020092203192, -0.026391895418666156, 0.011600039083602909]",-0.026391895418666156,False,0,1321,-0.21302010712431607,-0.2311648690580041,"[-0.2240845320134589, -0.2311648690580041, -0.18381092030148524]"
5ce088d2-fb7b-4012-b92a-69c3f27f5dfd,#-1:40fa46a8-92fd-4ff1-a301-c4b4ac832529,#-1:9712c33e-45eb-43f7-97ce-a3daf0a02517,0.7112286233813836,0.690808651140158,-0.020419972241225604,"[-0.021193124872269098, -0.02644275581086364, -0.013624036040543852]",-0.02644275581086364,False,1,609,0.11982853476127331,0.10745496681680883,"[0.12617380356017732, 0.10745496681680883, 0.12585683390683378]"
62429c9f-b5f1-46f3-b551-aeb5c64c71ca,#-1:f0bed1ab-3c7c-4a13-9087-2526e27fa6ab,#-1:95d385dd-5826-4700-adbd-0f43368bb851,0.11339248533401534,0.10184779495474511,-0.011544690379270237,"[-0.016444285932879887, -0.02650617752998223, 0.008316392325051422]",-0.02650617752998223,False,-1,654,-0.5455115870332802,-0.5556367299505153,"[-0.5331894941141924, -0.5477085370351329, -0.5556367299505153]"
89f69304-4281-495c-a7cc-cdd36454b876,#-1:bbe180ee-4799-4b90-8f5f-b185501e2216,#-1:a86a2391-465a-4f1f-b5e6-37bb5d318117,0.02428918875439248,0.0015827069135212351,-0.022706481840871245,"[-0.024920328124916638, -0.016386307017355058, -0.026812810380342028]",-0.026812810380342028,False,0,894,-0.15001928615820645,-0.15871825898939423,"[-0.1452997699470348, -0.15871825898939423, -0.14603982953819034]"
04665c83-79bb-4007-a16f-c2c137e81039,#-1:4770515f-62aa-48ef-bbfb-7976f31a6ddd,#-1:538033d7-f811-416b-b282-6911a00745cd,0.026438453221243396,0.00045608205400855096,-0.025982371167234845,"[-0.02514945290051928, -0.027158548564621705, -0.025639112036563553]",-0.027158548564621705,False,0,30,-0.5006870073374768,-0.5024425794481135,"[-0.4972947349953967, -0.5024425794481135, -0.5023237075689201]"
d3527cdf-5446-4e1f-986c-62aeaca40641,#-1:f4f23e77-98d0-4af9-a2d9-a5faa5377a7d,#-1:d71b4c66-60f2-434e-b2c1-10034b209873,0.024228011272173573,0.00045608205400855096,-0.02377192921816502,"[-0.024032943719341206, -0.019640852557419562, -0.0276419913777343]",-0.0276419913777343,False,0,1341,-0.38322377399244784,-0.39631930808239635,"[-0.3722918055718792, -0.39631930808239635, -0.38106020832306803]"
b734d702-70b9-4bd9-89be-bd4fc60686f6,#-1:9984f98f-b5e2-45b4-ac8e-b4731ce90290,#-1:63255820-272f-4abc-8a49-5c645efc034c,0.5094792383079212,0.5010894252894205,-0.008389813018500725,"[0.019680967410049988, -0.014827730623556967, -0.030022675841995305]",-0.030022675841995305,False,0,1188,-0.7344895937210406,-0.7425880651473324,"[-0.737165414650488, -0.7237153013653014, -0.7425880651473324]"
a093cac8-9775-4f19-8a96-45375e11e6f3,#-1:9c27747b-a92a-49e2-a236-79cd1ac24828,#-1:1689fef4-9e99-4fe2-ae9f-e09a012e5b90,0.030603557261315,0.0005009755905847189,-0.030102581670730284,"[-0.03465094319374235, -0.03199111918157393, -0.023665682636874557]",-0.03465094319374235,False,0,1046,-0.4921099457284573,-0.493982691395551,"[-0.48910272145338335, -0.49324442433643767, -0.493982691395551]"
b0c10adf-d758-49d9-8223-5036c620b619,#-1:2e7a5a5a-aec3-482b-92d0-32ba5c2045a8,#-1:5eb1a213-96a7-4a9f-85ad-095de0d85914,0.648068904047762,0.634157631130804,-0.013911272916957929,"[-0.03654638367385166, -0.01833790236156363, 0.013150467284541167]",-0.03654638367385166,False,1,1139,-0.6525198622143291,-0.6696464881452519,"[-0.6384843207186689, -0.6696464881452519, -0.6494287777790666]"
401a37b5-d9f2-4276-bf71-9d9b02a70010,#-1:4360306d-0ece-4a30-ae7a-a3a84cd090c3,#-1:ea84b37b-abc5-44fd-afe6-60bd3799ead0,0.922829740330047,0.8945259648102382,-0.028303775519808894,"[-0.03677134917125213, -0.0171380788672717, -0.03100189852090296]",-0.03677134917125213,False,-1,446,-0.25766689144189137,-0.27103783438783435,"[-0.24056011211011205, -0.26140272782772767, -0.27103783438783435]"
45dcf2cd-0520-49eb-8b67-30e4340872f7,#-1:5804a5d8-7770-4393-b2e8-d23418628de8,#-1:2a458041-ec61-4742-831f-92aedb1789d2,0.5741848958872199,0.5659083935059493,-0.008276502381270534,"[-0.039621485129762934, 0.02342195869768271, -0.008629980711731489]",-0.039621485129762934,False,-1,475,-0.20003488009086054,-0.23111881544381557,"[-0.23111881544381557, -0.1942137580066992, -0.17477206682206686]"
d9c78cb8-19a6-4e79-9fda-457fe2debb6c,#-1:6c0a8ef5-b0e9-4816-a103-2d564a104362,#-1:c6ec87fb-7cab-4831-8512-a6a1d84b7663,0.5187821397787712,0.5030972522999894,-0.015684887478781828,"[-0.04032492216509875, -0.01954932926017172, 0.012819588988924657]",-0.04032492216509875,False,0,1381,-0.24012791963190563,-0.27364193746758,"[-0.22399056327642367, -0.27364193746758, -0.22275125815171332]"
cc30e2c4-792d-4d3d-b5c1-52e21653e85f,#-1:d92ef89f-5af6-4339-8bb5-45db4b7fc947,#-1:bf8b451f-7b4f-4a35-aa06-1d1dc403147b,0.8289482083521089,0.7951195309382327,-0.033828677413876185,"[-0.022918754189675594, -0.04121112626989398, -0.037356151782058866]",-0.04121112626989398,False,-1,1296,-0.8042073640731516,-0.812367557039462,"[-0.7950947821099995, -0.8051597530699933, -0.812367557039462]"
6fda4784-0304-44d5-ad19-1398a80bbd06,#-1:53a97e94-5130-4c21-959e-030f1ebbd065,#-1:53e334f0-38e5-4562-81c8-437b9d27064f,0.4708813035128285,0.45415038227997423,-0.016730921232854246,"[-0.01684946489290634, -0.04150518760989985, 0.008161888804243456]",-0.04150518760989985,False,1,740,-0.2734142616134177,-0.2789227039407606,"[-0.2723208495752613, -0.2789227039407606, -0.26899923132423126]"
373c6dfa-d882-496d-b976-409ad469bbe9,#-1:1619aa25-a0f3-4a0d-85ce-8fabd3610f8b,#-1:8f4ed9d0-5e69-4b52-b790-c5994b74f707,0.8530246436420924,0.8263272894985322,-0.026697354143560226,"[-0.02035509754478082, -0.04171064143974745, -0.01802632344615196]",-0.04171064143974745,False,-1,375,-0.26968092808265487,-0.27941356878506485,"[-0.25916112887112885, -0.27941356878506485, -0.27046808659177085]"
2e2528a7-0daf-4423-8bb2-62211b4f451c,#-1:94c11093-a7a8-4bee-90f0-ee0dd01fd05b,#-1:57e67a7c-40ff-43b3-8f64-a4a11b9cc9cc,0.2896502637044574,0.2988274229561689,0.009177159251711475,"[-0.05114035328804767, 0.03920383151594614, 0.0394679995272359]",-0.05114035328804767,False,-1,307,-0.7740279183003737,-0.7964181596181595,"[-0.7572498529248529, -0.7684157423581082, -0.7964181596181595]"
b451f2db-9fd7-4f81-b093-82625dc9aacc,#-1:3e265f50-4dbb-4d87-a677-8e4522ff2571,#-1:8cfe6c3d-8728-4374-923a-167c6ce26210,0.9333906609771502,0.8917209590892576,-0.04166970188789254,"[-0.051517952272542744, -0.03788792817658748, -0.03560322521454762]",-0.051517952272542744,False,1,1173,-0.223937957181676,-0.23553496408562188,"[-0.22592750403191578, -0.2103514034274903, -0.23553496408562188]"
08183266-c481-4f55-a3aa-30cbc99ed1b0,#-1:0a6ff97b-6f97-4d85-b77f-714c967db1ff,#-1:cfdb8af5-b321-4269-a9c5-50e98d956630,0.949102776823569,0.9105074498310696,-0.03859532699249946,"[-0.0397438144204344, -0.05156228714150479, -0.024479879415559735]",-0.05156228714150479,False,-1,55,-0.9400542388364993,-0.9456449651636029,"[-0.9456449651636029, -0.9372254847019399, -0.937292266643955]"
0a2f3593-9024-4f53-93e6-b08c79b6e5eb,#-1:b6ccdec7-0d10-4300-abc8-5e4bebdbb7e8,#-1:33c10925-6526-4862-84bb-eb8c92e76de7,0.37929140203883566,0.3540604959405695,-0.02523090609826617,"[0.00994100552313909, -0.03359295692600378, -0.05204076689193399]",-0.05204076689193399,False,-1,76,-0.07096486512261023,-0.09158513634513639,"[-0.05714617997265056, -0.09158513634513639, -0.06416327905004372]"
53b9519e-d192-4962-94e5-692692e4cf23,#-1:6e2300a2-bf26-4281-bc62-4fde51202b56,#-1:cc9f998a-1984-4d52-9402-400c43092efc,0.871409730171249,0.82693600361589,-0.04447372655535897,"[-0.03254910275671463, -0.048047326819592895, -0.05282475008976939]",-0.05282475008976939,False,-1,553,-0.4201357700578286,-0.448987976729153,"[-0.40733252303252276, -0.40408681041181005, -0.448987976729153]"
facdbed1-e209-4815-b9dc-bb344cd6d1c0,#-1:0464fdac-5166-4751-8529-ae26c639ef55,#-1:08462d0e-2e14-4278-b83d-e6468e07d1a7,0.5258491289176334,0.4891367029519675,-0.036712425965665874,"[-0.04206102125158612, -0.01513159392121699, -0.05294466272419457]",-0.05294466272419457,False,-1,1603,-0.41440022789345327,-0.42437820061632436,"[-0.4052097591721943, -0.42437820061632436, -0.4136127238918411]"
330a4c36-c071-441f-9ee5-c9495e681936,#-1:f5232a05-1cd8-4aa9-8ef7-8425a2c80313,#-1:0a0a42df-75d4-48e4-b474-85a116a1d8ed,0.8376260972986009,0.8039453662928538,-0.03368073100574709,"[-0.016769251901235793, -0.053180466711151175, -0.031092474404854298]",-0.053180466711151175,False,0,342,-0.6578635928355586,-0.6676850650232746,"[-0.6455428170231365, -0.6603628964602646, -0.6676850650232746]"
f359c39a-fb6e-4fa6-9aa0-65a47a7b9ad2,#-1:e6ff0d0e-d6fb-4643-865b-40aa399b246a,#-1:548fea75-9f01-4af6-8be1-673fe049a038,0.8355331063187198,0.7862561996476615,-0.04927690667105833,"[-0.05318989157740828, -0.045463381739437536, -0.04917744669632884]",-0.05318989157740828,False,1,1558,-0.5603335028051922,-0.5673984689438187,"[-0.5649503995967814, -0.5673984689438187, -0.5486516398749763]"
8e1dac8b-0f93-4033-a07b-b8da385270a6,#-1:bad43695-11e9-480a-9ccd-56ff9bb40fe1,#-1:cc2d3626-a5ac-408d-b3e8-96a4654ffc28,0.7911194733120634,0.7780950471371625,-0.01302442617490096,"[0.005096331854701375, -0.054206563316345435, 0.010036952936940735]",-0.054206563316345435,False,-1,921,-0.7681414735573338,-0.7756357767676171,"[-0.7683502745450589, -0.7756357767676171, -0.7604383693593251]"
390e3e57-0b6c-467b-aca2-e1985498017a,#-1:20924374-fcd3-4f56-bba7-1215212e9e97,#-1:30c3f1e9-1b71-46ad-9230-327e40f73687,0.9639624695495704,0.9167250902949166,-0.04723737925465388,"[-0.05483960725144055, -0.047923943145438685, -0.03894858736708229]",-0.05483960725144055,False,-1,393,-0.9032325852222537,-0.9097092827502824,"[-0.9097092827502824, -0.8970859215377407, -0.9029025513787378]"
40b9f44f-257f-433a-b521-b4ec005c973e,#-1:36255636-c52e-477b-a95a-c67a8f982ad0,#-1:f7ce6662-a355-4ff2-9fc5-56de2df4cea2,0.2873656207646848,0.2417328820578705,-0.04563273870681431,"[-0.05537661014718334, -0.041668674153848784, -0.039852931819410686]",-0.05537661014718334,False,-1,449,-0.7744583182850335,-0.7848635600135592,"[-0.7783653092278089, -0.7601460856137325, -0.7848635600135592]"
3220a54a-e193-4569-8cc1-3b4d28b7532b,#-1:7c084441-47a5-4963-9614-7302456c78c6,#-1:2f8bb796-d15b-468e-9882-c3fea335fcd4,0.9360751467881595,0.8838922772579947,-0.05218286953016482,"[-0.05547968663669378, -0.055204192686903575, -0.04586472926689722]",-0.05547968663669378,False,-1,335,-0.42047507450857075,-0.4275967585177487,"[-0.4275967585177487, -0.416567943065284, -0.4172605219426795]"
545f8cfd-8fe3-4f27-8e50-4ae2ce989077,#-1:2553615d-b23f-4736-9956-db9d8f5df689,#-1:49ea49bd-b7bd-4936-9ba6-77356003449c,0.32490481506115954,0.28545252845802627,-0.03945228660313327,"[-0.05173667068134957, -0.007401686929953244, -0.05921850219809677]",-0.05921850219809677,False,0,561,-0.638180448243216,-0.6407921874293776,"[-0.6373174162931943, -0.6407921874293776, -0.636431741007076]"
83ff9160-3452-4843-a890-fd3424fd89cc,#-1:761bde1a-865e-4226-a1cf-62426263870e,#-1:1bc7f767-7482-49ec-a174-bf0fae3043a4,0.3040479680530461,0.25149174639153166,-0.05255622166151447,"[-0.04003158290517045, -0.05944297859182818, -0.05819410348754467]",-0.05944297859182818,False,-1,850,-0.6254768202942684,-0.6407187574877228,"[-0.6133240313433624, -0.6407187574877228, -0.62238767205172]"
d8acef32-98a1-46fa-b6cf-48636f187736,#-1:f3e09458-d9cf-49f3-8f32-51ebb658e12d,#-1:ac933ecf-2ec1-42ba-aaf4-532820395390,0.9159232904152178,0.867081798631633,-0.04884149178358477,"[-0.035267752261927465, -0.06001019063521362, -0.05124653245361288]",-0.06001019063521362,False,-1,1374,-0.5144293000540064,-0.5324062397542099,"[-0.5324062397542099, -0.5209506658299322, -0.48993099457787714]"
0ab20ca9-2bb2-40c2-885b-9875413e7f78,#-1:e3b49615-ec0a-44d1-8d6e-2fdd8758cb1b,#-1:f22fbdc5-3a96-465b-8570-b0acea454bb0,0.9613291251829282,0.9071733858537486,-0.05415573932917961,"[-0.05673682973458283, -0.06091485623852788, -0.04481553201442845]",-0.06091485623852788,False,-1,80,-0.7361285795190945,-0.7388234024907949,"[-0.7319647535552686, -0.7388234024907949, -0.7375975825112202]"
4a1bdd5a-911c-4470-8504-d92254d0316a,#-1:353faf23-bc7d-4fe7-82c6-03a0898caddd,#-1:561167f1-599b-4b27-abdd-f3ba58cc9b11,0.7454201081818214,0.6906765137393062,-0.0547435944425152,"[-0.05711347630596797, -0.045476373494082956, -0.061640933527494446]",-0.061640933527494446,False,0,506,-0.4487162775075552,-0.4584250696000691,"[-0.4416263980847329, -0.4460973648378636, -0.4584250696000691]"
ca87e003-7aac-4c03-a924-98403bb8d116,#-1:56d7b837-ed4f-4d0a-a572-f7753ad2333e,#-1:caccba8a-2c71-426c-8ed6-c8e1a271d3b8,0.803764060747527,0.7521097624554515,-0.05165429829207557,"[-0.04233978653198167, -0.04925041133113839, -0.06337269701310633]",-0.06337269701310633,False,-1,1283,-0.3576872878972881,-0.3616862859362861,"[-0.35171960317460366, -0.3616862859362861, -0.3596559745809746]"
8b1f0a47-4ff1-4bcf-aded-f843c96250a7,#-1:17a7a459-cd97-4faa-b9f3-a2bda5f6a276,#-1:f72ef2ad-5ddd-48a1-b2ee-1d48a0e387a9,0.3949270998907956,0.3603702823448017,-0.034556817545993934,"[-0.01962180470452307, -0.017559894952888566, -0.06648875298056994]",-0.06648875298056994,False,-1,903,-0.21989973987444209,-0.22383496142061618,"[-0.2138419757182942, -0.2220222824844158, -0.22383496142061618]"
001191cf-d2ed-4fa9-af5d-d57a0280abc3,#-1:6efad4b4-20b6-4f08-b93c-4891e2d09b87,#-1:7a91d4ce-7892-468a-bd54-b99cc8eb0551,0.8263754522858487,0.7624744230786424,-0.0639010292072063,"[-0.06655367860179928, -0.059758440552767356, -0.06539096846705239]",-0.06655367860179928,False,-1,1,-0.44536722580869537,-0.47435134094943304,"[-0.47435134094943304, -0.42528280989001116, -0.43646752658664184]"
030d5125-a7f5-42cc-a7c2-9ae3b78056aa,#-1:7051caf0-b069-4da5-b50a-5df47d209716,#-1:90b055ef-40d5-48ed-a0ea-2502589d65d1,0.5417714550201668,0.51232138700689,-0.029450068013276764,"[-0.018999475795633658, -0.002793985807589827, -0.06655674243660675]",-0.06655674243660675,False,0,22,-0.776546640426751,-0.7845210744365334,"[-0.776824201231075, -0.7845210744365334, -0.7682946456126449]"
bc1a88eb-2e84-47db-a114-cefbc686d97a,#-1:6bcac545-78ca-49dc-8192-acab2c4c82d1,#-1:5fef94a0-a51b-43cc-a67d-27314ae72043,0.0762565426645992,0.01802018385805493,-0.05823635880654428,"[-0.04751153891615287, -0.06009190450667907, -0.06710563299680089]",-0.06710563299680089,False,0,1204,-0.34172997884409595,-0.3722572356243189,"[-0.3722572356243189, -0.3203282670641098, -0.33260443384385924]"
aafc84d6-5e5a-45cc-8419-8d8f09ac5435,#-1:79fb7129-d380-4cdb-abe2-a9793190a3aa,#-1:f50204e1-a22e-4dee-ab3a-80fe83306e73,0.6026769757191744,0.5867979136165736,-0.015879062102600816,"[0.049096549866054495, -0.02760645708166598, -0.06912727909219107]",-0.06912727909219107,False,-1,1107,-0.47337113518443036,-0.4808828620304156,"[-0.4808828620304156, -0.46472273473306336, -0.47450780878981236]"
3b57501d-7252-4f74-90c6-659403e45d5a,#-1:9ed20ba1-103c-481d-9918-2a9d0582a651,#-1:58355689-c2fc-4935-b88f-f9eb815cedc8,0.5829455608857136,0.5224212433443091,-0.060524317541404526,"[-0.054397721470585525, -0.07015641793170213, -0.05701881322192648]",-0.07015641793170213,False,0,418,-0.5337024399348361,-0.5507479142572548,"[-0.5507479142572548, -0.5447697439993767, -0.505589661547877]"
d765afce-9d53-4217-93a5-97bc1889ef28,#-1:4f754d01-38d5-4eea-b036-700568b93f89,#-1:20994f2e-652b-46eb-949c-f98cf355ec30,0.8215999057194706,0.7586040262876678,-0.06299587943180285,"[-0.049262940804751465, -0.0689968573084, -0.07072784018225653]",-0.07072784018225653,False,-1,1365,-0.2990672179112364,-0.31777054876443256,"[-0.31777054876443256, -0.2729539559089821, -0.3064771490602947]"
4fc6927e-0b1c-418d-819e-02cbacfdfbb4,#-1:02e1ecc6-16f3-4d76-bd55-e2f38e5928d7,#-1:4aa1617c-50cf-48b0-888d-ed3fd072b9e7,0.41555817327099875,0.35090592694076145,-0.0646522463302373,"[-0.06141861089953887, -0.07158770767977385, -0.06095042041139942]",-0.07158770767977385,False,-1,534,-0.24240956622547186,-0.24469028033799714,"[-0.24469028033799714, -0.2423876984126983, -0.24015071992572015]"
6ded4371-aa95-4e20-9fa7-fdfaa8635a53,#-1:dfbf6c8f-b36a-43b5-bdcc-acf64319207a,#-1:d0590acf-959c-4b8c-b6ee-47e839d01e9b,0.23599241168893315,0.17621313106117786,-0.05977928062775528,"[-0.06252902983408848, -0.07465837796326161, -0.04215043408591573]",-0.07465837796326161,False,-1,728,-0.6656245030852771,-0.6764013724985765,"[-0.663349718748418, -0.6764013724985765, -0.6571224180088369]"
9a039310-fb9f-46e1-a598-8283333acb9c,#-1:3f574646-6ee3-45ea-855e-a507ec5b60a9,#-1:32e80fc1-beac-4d54-83ff-40835cdf96ed,0.9696583302441489,0.9059546782825706,-0.06370365196157834,"[-0.07537036740663361, -0.06131832609670451, -0.054422262381397024]",-0.07537036740663361,False,-1,996,-0.7406042726317614,-0.7469800656344148,"[-0.7340916526724117, -0.7469800656344148, -0.7407410995884579]"
7c7299b0-b56a-4031-8dc3-e39ac8472856,#-1:683960b7-18ae-4a05-979b-38f67c7a5255,#-1:fdc592c5-2c68-4f45-b2cc-c80328b9c82b,0.5121773890944388,0.49001127509029824,-0.022166114004140536,"[0.004325177079879561, -0.0768161547046729, 0.005992635612371622]",-0.0768161547046729,False,0,813,0.0043979179243752355,-0.002835831070940187,"[0.015089145229036116, 0.0009404396150297782, -0.002835831070940187]"
1ed5f849-36f0-4a85-a2db-d6edcaad410a,#-1:ff0bb21c-f272-41e3-b1a3-46af06270f31,#-1:efafc203-0d7e-4733-a500-867691f649fd,0.21917538266331968,0.17241933103931506,-0.04675605162400462,"[-0.04120522305734878, -0.021455572720456145, -0.0776073590942089]",-0.0776073590942089,False,-1,214,-0.4901178707790774,-0.5182123367980119,"[-0.48015826529307554, -0.5182123367980119, -0.4719830102461449]"
e0ed6eff-678a-4e6b-b699-70d035c5f33c,#-1:3b5b42d5-bec1-4756-a4d0-eacf30dd9cbe,#-1:d8c18059-6bf8-4ea7-8306-b24f8f98d11e,0.31504321690827614,0.26713068268788936,-0.04791253422038677,"[-0.0467166712304255, -0.0776180369049474, -0.019402894525787473]",-0.0776180369049474,False,-1,1439,-0.6464389220040752,-0.6653696773025121,"[-0.6412113104996738, -0.6327357782100395, -0.6653696773025121]"
ff46177e-cb3d-4e98-b6a1-e671c032239f,#-1:0f625cb8-2436-4f8c-8567-8104c0ad6522,#-1:0e36ccfc-6227-4830-911b-b5507fc892ea,0.12039223533811799,0.047475220090596126,-0.07291701524752187,"[-0.06768178174514393, -0.07318580606146521, -0.07788345793595645]",-0.07788345793595645,False,0,1626,-0.5482722186974326,-0.5594248516704189,"[-0.5594248516704189, -0.5572712029529361, -0.5281206014689429]"
2a328d01-e4cf-44fe-adb1-3bef7a8966b3,#-1:9726efe4-5d16-44bc-a084-b41a7e13a6fb,#-1:703b5a8c-8db2-428e-b831-6202e13d81af,0.49022504721824695,0.4167265010457562,-0.07349854617249074,"[-0.0574667026553789, -0.0830135100422163, -0.08001542581987703]",-0.0830135100422163,False,-1,283,-0.8117696149024777,-0.8330261636035293,"[-0.7977349421854748, -0.8330261636035293, -0.804547738918429]"
8e245b20-b03b-4caf-8ffd-fe0d0e0c936a,#-1:6c4210eb-22ff-4294-bc94-3d72c7c30c1f,#-1:eac30b0e-084d-4053-9ca9-53c23ba21687,0.4743958159230874,0.405601820504706,-0.06879399541838138,"[-0.07023837139980449, -0.08351533936346672, -0.05262827549187293]",-0.08351533936346672,False,0,922,-0.5113892722125534,-0.5221020588485704,"[-0.5213655769101311, -0.49070018087895856, -0.5221020588485704]"
e1339d70-939a-4724-abfb-0039ef5639f5,#-1:ff2c563a-56c6-43e4-b970-2498bde41942,#-1:7ef7f646-855f-4be5-bf0f-e8308d14959b,0.9572740521111301,0.879411764392701,-0.07786228771842918,"[-0.075990529467722, -0.08824102981867732, -0.06935530386888766]",-0.08824102981867732,False,-1,1442,-0.9536708085982237,-0.9599530720502063,"[-0.9599530720502063, -0.9448224250881544, -0.9562369286563108]"
69c61797-327f-4635-96e7-c2236a6c29d9,#-1:48d660c3-f8ac-4132-b8af-6ba3650380b4,#-1:aa27e1d2-8f71-4a1c-b7d7-3f9e1b129609,0.23423513491166056,0.1525276995641172,-0.08170743534754338,"[-0.0716057849836709, -0.08392443043535666, -0.08959209062360249]",-0.08959209062360249,False,-1,698,-0.6967450092449368,-0.7065122433775377,"[-0.7038018037520866, -0.6799209806051859, -0.7065122433775377]"
dabd4f38-88c8-4a8e-b36f-82214215f38f,#-1:6de13fcf-f393-4b9f-ad52-2dd2ffb7d77b,#-1:484ffc30-0d95-40aa-a85a-21dae7efa621,0.366440454334877,0.2825067933441874,-0.08393366099068961,"[-0.08335506525389502, -0.09040790691159156, -0.07803801080658229]",-0.09040790691159156,False,-1,1393,-0.3081800065446036,-0.32756008684321347,"[-0.2951689692526193, -0.32756008684321347, -0.3018109635379781]"
f513053f-79c3-4a0d-b441-ab2ce69d220d,#-1:e37776db-bd58-41c4-b643-240f693980ff,#-1:2325d96e-46fb-45ff-947e-6eb3d059bd45,0.08746358610989197,0.01228395499976026,-0.0751796311101317,"[-0.06581942071053887, -0.09343157791774714, -0.06628789470210908]",-0.09343157791774714,False,0,1571,-0.21922444355495943,-0.22690882295492482,"[-0.22690882295492482, -0.20673180907988598, -0.22403269863006756]"
3d60c799-a913-42c5-b103-06129136c31d,#-1:15e06736-f68d-4f0d-b97e-c418cb1c3196,#-1:2c32e70d-cd4f-43af-a397-abaa20829ccc,0.11512933930805931,0.031980077778789556,-0.08314926152926976,"[-0.09428371193661494, -0.0833057528467624, -0.07185831980443197]",-0.09428371193661494,False,0,427,-0.3391932946076715,-0.36442659620976076,"[-0.3263650769638295, -0.36442659620976076, -0.32678821064942426]"
43155689-b208-4041-a02e-acd8a20a321c,#-1:5a40b178-9fc0-41b0-9941-8d0f4d7770ad,#-1:c79403ba-91c9-4ee8-8fc7-bba5c362a271,0.17356367834895448,0.08716637278816057,-0.0863973055607939,"[-0.07652077157437256, -0.08609989802184399, -0.09657124708616517]",-0.09657124708616517,False,-1,462,-0.56335836251247,-0.5743104821064732,"[-0.5626331943940871, -0.5743104821064732, -0.5531314110368496]"
f9480183-2001-4c56-a013-6d14222b5321,#-1:30475b21-f974-40ec-bb39-e8da180a63ef,#-1:cea58924-ffe1-4d87-9318-47bdb137baf1,0.7415194234861557,0.6496744763278701,-0.09184494715828562,"[-0.09835571012824273, -0.08891787020819053, -0.08826126113842381]",-0.09835571012824273,False,0,1596,-0.7056881447635867,-0.7157571939171936,"[-0.6948350956425509, -0.7157571939171936, -0.7064721447310154]"
40d55a64-d3e3-4307-b38a-7753b158bad6,#-1:a568a9fd-795b-4ea5-9752-7aceab85d245,#-1:90364cd4-9728-4c47-8583-721addd48da5,0.23107741744272073,0.14583768023129462,-0.08523973721142611,"[-0.10159321520129513, -0.07010310399137193, -0.08402289244161126]",-0.10159321520129513,False,-1,450,-0.7144462075183559,-0.7214223986946028,"[-0.7061931182609893, -0.7214223986946028, -0.7157231055994754]"
9cecd91e-8329-4f31-9ab6-29fa4e4b5065,#-1:fee1a452-a319-4921-a498-b569a948bc08,#-1:8f6d3eb3-e30c-4221-a0db-8258bbe33b42,0.6679775480590755,0.5703987213057872,-0.09757882675328833,"[-0.10237496841465366, -0.08984708712898415, -0.10051442471622696]",-0.10237496841465366,False,-1,1020,-0.5295740423891918,-0.5428639327529878,"[-0.5428639327529878, -0.5243430173661133, -0.5215151770484743]"
e1e76747-01ed-4a6c-82c7-a88b1b34551e,#-1:a3fb28c2-2e9c-4d5c-93dc-fb6b9708c988,#-1:e263fe79-e806-4b06-abf1-fa3eef9d1430,0.5076059564748715,0.44467053961998554,-0.06293541685488596,"[-0.02638011973842147, -0.05934544934399555, -0.10308068148224075]",-0.10308068148224075,False,-1,1445,-0.604538696356795,-0.624762145875126,"[-0.591745034975026, -0.624762145875126, -0.597108908220233]"
40de7d90-ea3e-4298-9103-24e9290a67ac,#-1:16a02c79-1d65-4879-9649-55ee69fcfe2d,#-1:ae63f507-d696-452c-947a-fa5cd9bc6acf,0.830555821344527,0.738178975897831,-0.092376845446696,"[-0.07630119650556222, -0.09535582379411989, -0.10547351604040589]",-0.10547351604040589,False,0,451,-0.22678296476240437,-0.257886425502602,"[-0.2358023813120915, -0.257886425502602, -0.1866600874725196]"
daa1efbb-7aa6-44f1-9fc9-0a4e7427997f,#-1:db515742-98cb-4c2f-a20c-dd478a15b01a,#-1:c752fb38-3ca6-424d-bb40-4f5bfbcb0984,0.13872754922031083,0.044203922753832635,-0.09452362646647819,"[-0.07631977999152192, -0.10105632576557251, -0.10619477364234017]",-0.10619477364234017,False,0,1391,-0.6258308425128521,-0.6334739284817724,"[-0.6334739284817724, -0.6182430884320701, -0.6257755106247138]"
07b98cac-5ded-4725-a854-dcd061721d48,#-1:b6e516ff-f6bb-4eb2-bff3-21eb76c2bde0,#-1:c26d8c3b-cd9b-4d76-b9dd-c992f322dfbd,0.23152645989145593,0.13064591247477841,-0.10088054741667751,"[-0.10240580428638557, -0.09324522816943619, -0.10699060979421071]",-0.10699060979421071,False,1,52,-0.5023122962324459,-0.5151803515131412,"[-0.5151803515131412, -0.5018183730607378, -0.48993816412345836]"
964acde3-eb4d-4f6b-86de-77ab723c1bcc,#-1:0aed1117-8212-4ca7-a25a-94dcceebe8fd,#-1:a2912b9c-6ab0-4a81-9e78-50d1e4f13ec9,0.5898925110844758,0.4930042087293687,-0.09688830235510715,"[-0.10792231706621952, -0.0841055753581843, -0.09863701464091751]",-0.10792231706621952,False,-1,970,-0.6903148772810116,-0.6960413710842123,"[-0.6809216256375865, -0.6939816351212359, -0.6960413710842123]"
5200e656-a1b1-4ad1-a9b7-03b3f3a0d486,#-1:cb85103f-40ec-4f93-886a-10a0ee072760,#-1:a5f3c05c-58e9-425f-a490-0bc52a2a0ae8,0.5256317777092622,0.4538259199500365,-0.07180585775922566,"[-0.03328187735105603, -0.07333972902183156, -0.10879596690478954]",-0.10879596690478954,False,-1,544,-0.6086720777901767,-0.6289058521688325,"[-0.5949772361072274, -0.6289058521688325, -0.6021331450944699]"
7128d60b-83d6-4657-8e2b-34c2c729b723,#-1:6cefff80-fc90-40f5-ab5e-8faf65d1de8a,#-1:d246c214-03aa-4f4a-bc2c-1855704831a5,0.9800303307365367,0.8802996685535381,-0.09973066218299853,"[-0.10909770361193916, -0.0930137138672188, -0.09708056906983831]",-0.10909770361193916,False,0,751,-0.31353602657601715,-0.32294067467620097,"[-0.3140626633170751, -0.32294067467620097, -0.3036047417347755]"
7eaf4257-2788-4a7b-aab9-47c00016cb5c,#-1:4ba6611e-2319-4b1f-86d0-480e76ffb217,#-1:ea79752a-4d5a-4243-be66-d1eef1532854,0.5291659738707019,0.4558166495737321,-0.07334932429696978,"[-0.03567104807325988, -0.07166234113504949, -0.11271458368260001]",-0.11271458368260001,False,-1,827,-0.6196298863164369,-0.636253687666668,"[-0.6068835568396351, -0.636253687666668, -0.6157524144430074]"
1f0e66d4-45d4-471c-964c-f9003486f88d,#-1:7ba1dada-da58-49c2-98cc-ea28206f4dac,#-1:550d9ad9-e0dd-41f9-9855-14a88eb39f64,0.7964561091827046,0.7089910670058313,-0.08746504217687334,"[-0.07749461718954953, -0.11594788189702465, -0.06895262744404562]",-0.11594788189702465,False,-1,215,-0.49759181550167053,-0.5110972845275329,"[-0.5003355646819362, -0.4813425972955426, -0.5110972845275329]"
5150a3e7-9a22-411b-aac5-5905de8d7f58,#-1:6004a0c4-f1e8-45e0-8b01-868d3ee490c1,#-1:ec9d0b99-31fc-4100-b812-1db3ea67ec1b,0.9483141167920671,0.8336391796245787,-0.11467493716748844,"[-0.11985257961053608, -0.11100020448523484, -0.11317202740669419]",-0.11985257961053608,False,-1,541,-0.9286098459201234,-0.9361208359290535,"[-0.9165950663304353, -0.9361208359290535, -0.9331136355008812]"
331ed938-6987-42bb-86cd-a16720002b03,#-1:8022e701-c3b6-4d4d-881f-ffe7389f33ce,#-1:5f3ba37a-92a7-43b2-b94a-44cf0b8a078d,0.45873608179835257,0.3555536889094774,-0.10318239288887515,"[-0.09092993434657642, -0.09746515502016095, -0.12115208929988813]",-0.12115208929988813,False,-1,343,-0.3225670675439249,-0.3263462495739772,"[-0.3199802543400043, -0.3263462495739772, -0.3213746987177931]"
353b6079-008a-4400-ad91-ae4478618d9d,#-1:e76f97de-5b99-4a35-b0b6-ab629f1dd9d6,#-1:c86b4cd5-b7d6-499c-918b-0d234f50148c,0.4531132786773287,0.3411567254016592,-0.1119565532756695,"[-0.12589514567164323, -0.1132598253708128, -0.09671468878455242]",-0.12589514567164323,False,-1,362,-0.6042182807169881,-0.6139010095146331,"[-0.6139010095146331, -0.5864554676627123, -0.6122983649736188]"
e2954275-36da-426e-a57c-e0854108c1f0,#-1:b8fb2fc0-2d7d-45e0-9a70-462868ba42de,#-1:c177f8b7-5d72-424b-8edf-145228e9f347,0.5233403590901767,0.4043624914991231,-0.11897786759105361,"[-0.10669058792326575, -0.12978634088014374, -0.1204566739697509]",-0.12978634088014374,False,0,1449,-0.5402933589132771,-0.547870401589425,"[-0.5459150735785607, -0.5270946015718458, -0.547870401589425]"
572e34c9-9430-4a8c-8503-6a22a7cba4cb,#-1:11c680c0-6003-4000-a0a0-d9132c732e29,#-1:fdd73722-7a17-4930-8819-c42631647605,0.9164680845153469,0.7981834433799841,-0.11828464113536274,"[-0.10336189742449942, -0.11953807681403084, -0.13195394916755798]",-0.13195394916755798,False,-1,575,-0.5391718079110829,-0.5638386124088893,"[-0.5638386124088893, -0.5268622483257138, -0.5268145629986456]"
328e4b7b-242e-49b2-a353-0416a3843ee5,#-1:e3c86969-5675-4b48-902d-2fde2cb5155c,#-1:cf02491c-b381-4d33-906d-1b029c883e0d,0.32216744785191426,0.19525821912455762,-0.12690922872735663,"[-0.12755626051684543, -0.1364103653942309, -0.11676106027099356]",-0.1364103653942309,False,-1,338,-0.6912372398687611,-0.7129396343447789,"[-0.6923112248802697, -0.7129396343447789, -0.6684608603812346]"
93a706f3-b506-42e1-933e-8e16f32e40f1,#-1:0d94dc31-c7a3-4732-a232-b3676dd5186c,#-1:cfc098c1-e3d5-4955-9b69-b7f439eade01,0.4511171426494697,0.32604931974964374,-0.125067822899826,"[-0.13782818102945227, -0.11515644476048453, -0.12221884290954121]",-0.13782818102945227,False,-1,948,-0.6909696477184523,-0.6961311640125181,"[-0.6935205056497549, -0.6961311640125181, -0.6832572734930841]"
9806819b-550b-4f1c-99a8-515b265dd235,#-1:080e41d3-0119-4ecd-9392-b695faa6e313,#-1:b0549f69-3737-4b21-81a5-af90c43c463a,0.9574122777395703,0.8232177524311964,-0.13419452530837384,"[-0.13451402171604476, -0.13995377552764987, -0.12811577868142698]",-0.13995377552764987,False,0,979,-0.07585929255929254,-0.09888412143412133,"[-0.09888412143412133, -0.07600116550116552, -0.05269259074259077]"
b47487f7-38ff-4cc7-92b2-e15c8bb00252,#-1:2d9cfc6e-cb7a-407e-8274-5130bc722300,#-1:4831d1a8-d443-40cb-89a2-80edc4b39f80,0.9294671501974855,0.7978621181708702,-0.13160503202661533,"[-0.12505418047026484, -0.12539009304196203, -0.14437082256761946]",-0.14437082256761946,False,0,1174,-0.6246156384329185,-0.642128751815393,"[-0.642128751815393, -0.6172430513604046, -0.6144751121229577]"
3f31e83f-3167-4ca8-852b-a186dfbbefbd,#-1:39ee944f-c3a6-4b13-897a-8a22ad6d460d,#-1:e7fb2711-6fcc-49bd-9b5a-b5c32f8f92a7,0.578657524953864,0.4551452217221428,-0.12351230323172124,"[-0.14680364001515, -0.10828781802561577, -0.11544545165439801]",-0.14680364001515,False,0,438,-0.3420897145636867,-0.34331945854133916,"[-0.3430479872339479, -0.33990169791577285, -0.34331945854133916]"
39c92ee5-098e-4bae-9f26-acc960eb0781,#-1:be4f474d-5432-4386-92f1-22149fd6653f,#-1:cb570a4f-8b0e-4198-9155-906a359602a4,0.14797728287554043,0.012115639407576428,-0.135861643467964,"[-0.1481854615385802, -0.13731801180700637, -0.1220814570583054]",-0.1481854615385802,False,-1,402,-0.5977201292143846,-0.5992358355380649,"[-0.5966041410441408, -0.5973204110609479, -0.5992358355380649]"
6255f501-7d13-46bc-9d0e-786819d27ce0,#-1:1d750a43-9af3-4146-805a-02f6b5284e8e,#-1:2784ac13-bf0d-48a5-9b30-a2e7c275b90c,0.17255183514798947,0.03164799050195899,-0.14090384464603048,"[-0.13453366047999912, -0.1484975409970106, -0.1396803324610817]",-0.1484975409970106,False,0,657,-0.47793378811412973,-0.4812842540932966,"[-0.4794832700189081, -0.47303384023018447, -0.4812842540932966]"
cd717a28-84dc-4f98-924f-b37d8187d1dc,#-1:6cc70b9e-2049-43e9-a838-220e346c13eb,#-1:2588d005-e002-47c8-9607-2482410fb029,0.9985185371176598,0.8513352144141925,-0.14718332270346735,"[-0.15036112688655934, -0.15023047613114893, -0.14095836509269355]",-0.15036112688655934,False,-1,1302,-0.8154318247640822,-0.8255187531683201,"[-0.8255187531683201, -0.8185142303492536, -0.8022624907746729]"
3ae6ccc9-510f-40ac-a537-eba0b6921f84,#-1:63b8c005-480d-4c10-9d8d-dca0896df3c9,#-1:8f396da0-e525-4b96-9be0-fdd4cf83abc1,0.441887918363201,0.2990297609681492,-0.1428581573950518,"[-0.14739357122197294, -0.1505656679269194, -0.13061523303626305]",-0.1505656679269194,False,-1,413,-0.8679298272431923,-0.8823827873255286,"[-0.8823827873255286, -0.8575354239834909, -0.8638712704205574]"
f592d2f4-0e01-47a3-88dd-de7970bda80a,#-1:3d193a18-250f-4eae-955b-7d080f77c1e3,#-1:4ddd2ec4-006a-46e3-b05c-014543f3b556,0.6989625177166557,0.5733835171550221,-0.12557900056163362,"[-0.10962237015903231, -0.15276139270219036, -0.11435323882367798]",-0.15276139270219036,False,-1,1574,-0.7624601063955802,-0.7788782416045693,"[-0.7591248148264178, -0.7788782416045693, -0.749377262755753]"
11095267-7616-4d84-8b0d-c761f6da9f2f,#-1:f0a5b98d-9581-4af0-a656-237316a3a178,#-1:3a55b33f-c447-4b52-b9e6-ad487365d610,0.4783465056879044,0.34111188822721444,-0.13723461746068993,"[-0.15476216064555487, -0.10622748102092255, -0.15071421071559238]",-0.15476216064555487,False,-1,125,-0.6953287247852495,-0.6988567144360595,"[-0.6972143130311916, -0.6899151468884978, -0.6988567144360595]"
ed86dfed-ab9a-415c-a6b5-3cfe446c69d1,#-1:d1873148-5ef6-465d-97e3-ca8dc65c261e,#-1:aec53c64-e9ec-43ce-ae89-7eaad03cce94,0.17884365290705717,0.03378731762788583,-0.14505633527917133,"[-0.1316462807337727, -0.14421346751568864, -0.15930925758805264]",-0.15930925758805264,False,0,1520,-0.2309067128186136,-0.24148715086083503,"[-0.22470726495726495, -0.22652572263774082, -0.24148715086083503]"
6d4380e9-3c17-4c36-a0b8-cc49d4197f3c,#-1:4436f68c-255c-4064-88f2-0110ca2413dc,#-1:8d46a76c-3294-461d-bc8e-88dcc8759f05,0.7013566441893059,0.5508020622279665,-0.15055458196133942,"[-0.13634840382563396, -0.15968760030033624, -0.15562774175804783]",-0.15968760030033624,False,-1,723,-0.6584474298754082,-0.6779011810954187,"[-0.6702762262001376, -0.6271648823306681, -0.6779011810954187]"
8674941e-ea41-498f-8f7c-83d42d1fdb32,#-1:985fe7b6-f43d-418d-bb07-8eaab5f8e730,#-1:633577f3-d478-4069-90d0-dcc0b2da2c05,0.5658426313358619,0.4171691038133249,-0.14867352752253699,"[-0.16349837518870985, -0.13344758941448126, -0.14907461796441973]",-0.16349837518870985,False,-1,870,-0.7269735394808641,-0.738276571515065,"[-0.738276571515065, -0.7261371959254155, -0.7165068510021116]"
4559d8ff-1aff-4d46-966d-90dae0edf0d8,#-1:3537f02a-fa75-4e63-9acd-d870762c033a,#-1:082c3150-b4f3-4159-a547-e602f254da33,0.6272480582010708,0.49086741172345416,-0.1363806464776166,"[-0.11576621629786832, -0.129768017357221, -0.16360770577776035]",-0.16360770577776035,False,-1,471,-0.23639073054293325,-0.2531871458910353,"[-0.2531871458910353, -0.21548175202091643, -0.24050329371684798]"
bf494ee6-5764-46eb-a4b0-767bcfecb712,#-1:eb36d738-0736-410b-9879-8c4a487cd83c,#-1:e25c8729-8bbd-424a-9332-62284d5819bd,0.31362682977398265,0.15617945358182272,-0.15744737619215993,"[-0.14941926127012112, -0.158028337141351, -0.16489453016500766]",-0.16489453016500766,False,0,1217,-0.7159208261472334,-0.7283038585555177,"[-0.7237567992695233, -0.6957018206166593, -0.7283038585555177]"
f4235e84-750a-4a81-84d2-b42127e76632,#-1:0153f0ff-6b07-472b-89c4-a842f99698a8,#-1:c0fd403c-111b-41d4-b500-0e54ade641e8,0.8612722261397435,0.7037896206197934,-0.15748260551995008,"[-0.1579957639825177, -0.14668590300626994, -0.16776614957106217]",-0.16776614957106217,False,0,1568,-0.18718164478045696,-0.18779309525270946,"[-0.18739745735927985, -0.18779309525270946, -0.18635438172938157]"
b44c7cd1-f8af-4c1d-a93b-a694f16711df,#-1:cf5855d5-d53f-49ff-9ac4-5734f1cbba5b,#-1:98d8da24-fdbb-48f9-bf1d-2e139c3a77c9,0.9635212474955263,0.8115177857040229,-0.15200346179150337,"[-0.1679998071063622, -0.14468089373784387, -0.14332968453030392]",-0.1679998071063622,False,-1,1172,-0.9464139826715341,-0.9529768092912496,"[-0.9416910662420507, -0.9445740724813022, -0.9529768092912496]"
957379f9-7b07-48ff-a838-8b1c686fe9b5,#-1:db225695-92cb-4d35-a53e-ff510ae69557,#-1:6ab4cfc7-18ef-4bc6-b0ec-c58db2961957,0.21686463226736452,0.050327369857378866,-0.16653726240998565,"[-0.16470113078521822, -0.16681731346876733, -0.1680933429759714]",-0.1680933429759714,False,0,964,-0.2433938087510392,-0.25249367986582805,"[-0.2409233025660792, -0.25249367986582805, -0.2367644438212103]"
7c08e3b0-f578-47bd-992c-5203aaf8eb1e,#-1:4b08e14d-0b64-4eec-b905-3fdf509b7fbf,#-1:66fbff82-3433-4061-afd4-0726d70a18e1,0.1566363619873905,0.0,-0.1566363619873905,"[-0.1422293865413395, -0.15900462684524477, -0.1686750725755872]",-0.1686750725755872,False,0,811,-0.5866001151591035,-0.5971218335428015,"[-0.5894671883671886, -0.5971218335428015, -0.5732113235673205]"
2a7ecf12-8bdb-4c18-834c-d8e7fb2b4e31,#-1:c2d8263e-16d3-40fa-9b9c-11934e4026b4,#-1:e518dc35-af59-48e7-866e-b3ab0e015701,0.8986499564855057,0.7299574595225758,-0.16869249696292987,"[-0.16108030073958735, -0.17161155815853124, -0.1733856319906707]",-0.1733856319906707,False,-1,286,-0.6022933365112264,-0.629469706963203,"[-0.629469706963203, -0.5730802032164313, -0.604330099354045]"
497460b1-cb3c-4cbb-99f9-45fd0101b465,#-1:17f27ab2-6b36-4c97-a8cb-01fc9630429a,#-1:2b6b37a5-a32e-47a8-a1ec-1b12a42820c3,0.37394835106513286,0.19996456601847493,-0.17398378504665793,"[-0.16773840223585298, -0.1772673935820806, -0.17694555932204006]",-0.1772673935820806,False,0,499,-0.5834142578797966,-0.594168434871362,"[-0.5699537648974541, -0.594168434871362, -0.5861205738705737]"
1fd294f1-879e-4391-b33f-7a9ca9ab1e1e,#-1:8fe2c780-9f81-4099-8926-2bbd2c4d1077,#-1:debc2fbc-cee6-4b19-84c1-2ddcb84df74d,0.19725246671705854,0.02557983823969696,-0.1716726284773616,"[-0.1616155748688462, -0.17782117856134042, -0.1755811320018981]",-0.17782117856134042,False,0,220,-0.6560987965737969,-0.6626491758241756,"[-0.6626491758241756, -0.6461796980796991, -0.6594675158175158]"
e0967414-cc60-46fb-af5a-96d0f5953c26,#-1:3e220afc-d3ff-4b91-97e4-47fe13ac4c82,#-1:767308b1-5062-49b2-954f-aa3c63b9262e,0.9860923508912828,0.8170231255251847,-0.16906922536609803,"[-0.16591633128988637, -0.1800757666720717, -0.16121557813633636]",-0.1800757666720717,False,0,1435,-0.4863640860321992,-0.503095368278027,"[-0.4760709903326332, -0.503095368278027, -0.4799258994859375]"
d8b806f7-e843-4c02-8cb6-e88502f272ca,#-1:bd76fbfb-69d7-4c65-9ac2-efe71fdb36b1,#-1:96e80602-7182-4892-a245-786eebc5151b,0.24990100304976123,0.08737318574484804,-0.1625278173049132,"[-0.1552191984219726, -0.15213188918029627, -0.1802323643124707]",-0.1802323643124707,False,-1,1375,-0.5658867042922725,-0.5864779818242202,"[-0.5644781329085126, -0.5864779818242202, -0.5467039981440849]"
2bd1bf40-638c-4e54-b84f-699ee23448a1,#-1:ac3a7526-0c4a-4473-97a0-39a4ced5e278,#-1:3fb81cdb-58d8-4a6f-a254-d2dc6bc0ba06,0.17556712935900207,0.00022804102700427548,-0.1753390883319978,"[-0.1815420803986688, -0.16512656902149386, -0.17934861557583076]",-0.1815420803986688,False,0,293,-0.6888939568950581,-0.7001275084551635,"[-0.6863790183590917, -0.7001275084551635, -0.680175343870919]"
eb1f4148-6f5d-462d-a52d-d3724544763b,#-1:6fb7a12e-71ac-44f8-8b95-0579665d939d,#-1:5953dce5-b364-4e28-9630-a3125083b5d5,0.4177675701369093,0.2669193151873246,-0.1508482549495847,"[-0.14722340720981758, -0.1823915390233613, -0.12292981861557528]",-0.1823915390233613,False,-1,1502,-0.8460173473986411,-0.8473653799276183,"[-0.8469498049140822, -0.8437368573542229, -0.8473653799276183]"
5d1b1e3a-6bdb-4822-b96b-c035b98d527a,#-1:769637a7-6de4-430c-b5e6-b39430a6fd1e,#-1:c3e6dfac-dd62-42eb-8fc5-a3a4660e3f7f,0.5057859141738126,0.327467962159488,-0.1783179520143246,"[-0.18350730846212832, -0.1738474380225868, -0.17759910955825875]",-0.18350730846212832,False,-1,611,-0.7619037884904092,-0.7728171735790225,"[-0.7728171735790225, -0.7529587589620858, -0.7599354329301192]"
a247918b-8dc0-4f4c-bae5-40cd2202249c,#-1:7f35a0ef-89c7-4986-9f01-6e2e0f86c830,#-1:02e64c2e-a66c-4421-a92b-bac5c9235053,0.5358136983548117,0.38237580828866596,-0.15343789006614578,"[-0.1415982698766311, -0.18767976744815384, -0.131035632873652]",-0.18767976744815384,False,-1,1063,-0.7548742944472783,-0.7711106813978583,"[-0.7522405545310126, -0.7412716474129641, -0.7711106813978583]"
4208fa94-f643-4494-89f9-892b0e5ec93f,#-1:85b8a52d-a975-4ee4-80b7-f37e27b6e1e8,#-1:05bcc4e3-61c1-47fc-af16-258d1082e9ca,0.7586276654651347,0.5948228240503316,-0.16380484141480312,"[-0.15787541793759097, -0.18847803736943058, -0.1450610689373878]",-0.18847803736943058,False,-1,455,-0.7876624858903952,-0.7966981275240663,"[-0.7786478967714693, -0.7966981275240663, -0.7876414333756504]"
3347ae72-70d7-408a-a0dd-47a22e71beac,#-1:1d9f22b2-8550-48e9-92ef-cd9692446b99,#-1:dbe9fc78-daf8-4c36-8e63-4d873227b960,0.9530228126183955,0.7704795305157961,-0.1825432821025994,"[-0.17238423198251773, -0.185543809227533, -0.1897018050977476]",-0.1897018050977476,False,0,346,-0.3902227032984958,-0.4087066128316123,"[-0.4087066128316123, -0.38298068744121366, -0.3789808096226614]"
94fc8015-a9ac-4c32-a895-3976ea6004d0,#-1:03036d1f-0337-4265-be6c-1f52ca5e2ce9,#-1:f18856b5-ebe7-4802-a6ba-604ab8a5a25d,0.6049325519690291,0.41512774796426544,-0.18980480400476363,"[-0.18869781817271658, -0.19011692473342273, -0.19059966910815151]",-0.19059966910815151,False,0,958,-0.6040162797765675,-0.6137675024785921,"[-0.6137675024785921, -0.5917565126056309, -0.6065248242454793]"
69ac558e-756e-4be4-8427-397553fdce40,#-1:7f6a0fc5-1c4f-419c-a613-62fe6fe15ebf,#-1:f80778e2-247c-4f4a-811e-b5c4843cd447,0.9858638830695051,0.8078526390724382,-0.17801124399706691,"[-0.17328424943535403, -0.19120769820148653, -0.16954178435436007]",-0.19120769820148653,False,-1,697,-0.8882012681376005,-0.8935701742663891,"[-0.8935701742663891, -0.8776049579413837, -0.8934286722050286]"
134783ea-d8ce-4738-98c7-3ccd87d4b1de,#-1:83b13203-0616-460d-a2a5-1f261e12ff25,#-1:995db59c-eaa7-461a-94db-42546133b3f3,0.9803526123950613,0.7977184418566104,-0.18263417053845088,"[-0.18542145470007465, -0.19355434966883367, -0.16892670724644443]",-0.19355434966883367,False,-1,138,-0.860861084661582,-0.8646554510808263,"[-0.8646554510808263, -0.8616512755094543, -0.856276527394465]"
86ec2852-db34-47db-bf20-08f82fbd5cc8,#-1:c8f4a422-cc25-40f4-94a5-4da538b0792f,#-1:fd944eea-9b36-4cd2-adc1-2a51a4da7674,0.8369202742644136,0.6567597001013771,-0.18016057416303655,"[-0.19361571840767555, -0.1787840409228515, -0.16808196315858237]",-0.19361571840767555,False,-1,874,-0.8360929777105612,-0.8368994016004028,"[-0.8347149071495618, -0.8368994016004028, -0.8366646243817188]"
360a009f-e678-4bed-9f95-80e386c41921,#-1:b4395c53-d4b0-4b50-8bc7-d6ad85464d39,#-1:a05b3c1d-da65-46e0-beb0-8e2c3a008bb2,0.5035503337246873,0.3273745985645255,-0.17617573516016177,"[-0.19625442767519624, -0.1342427858836202, -0.1980299919216692]",-0.1980299919216692,False,-1,364,-0.8925335923649902,-0.8987160586764344,"[-0.8892222274806969, -0.8987160586764344, -0.889662490937839]"
2405e946-0a62-4e0c-afb3-14efb51d2159,#-1:b0e2812b-af9b-4af0-85de-ffb1d6cb4a3e,#-1:dbfc96f9-6432-4db8-9cad-240c37792797,0.2515534662567356,0.06775706276420267,-0.1837964034925329,"[-0.19913289084942312, -0.17824600518809458, -0.17401031444008097]",-0.19913289084942312,False,0,242,-0.6941009942045158,-0.7032892115456675,"[-0.7032892115456675, -0.6884306602681409, -0.6905831107997389]"
e0961da3-1493-416a-bced-0f530807bc3b,#-1:c9fb17fc-31fd-4406-9635-be151726b853,#-1:c0b6a76d-2a7e-4726-bc7e-90a33d205e32,0.22544059782654288,0.050623748981028026,-0.17481684884551485,"[-0.20127311759513844, -0.17583225782508, -0.14734517111632617]",-0.20127311759513844,False,-1,1434,-0.6788789149256353,-0.6895901193577662,"[-0.6749734908739465, -0.6720731345451931, -0.6895901193577662]"
a8d35993-c8a0-4edf-b43c-319a3330aba3,#-1:01f7082c-040d-426e-bd46-d325c293e659,#-1:98364116-7e75-4e07-a34e-b43f033d46ae,0.548062340446396,0.34452192083358174,-0.20354041961281427,"[-0.19794791738484047, -0.21164688069007848, -0.20102646076352382]",-0.21164688069007848,False,-1,1099,-0.6048829608220375,-0.6186993108073544,"[-0.6186993108073544, -0.5996055916390699, -0.5963439800196881]"
85eff0f1-e909-45f3-8585-dbe6d039a980,#-1:089908ef-bf3d-4d07-b578-842b61e4643e,#-1:a5441320-8935-4d22-bc4c-5198029b6313,0.885469417332319,0.6882451208470742,-0.19722429648524475,"[-0.21467382432365012, -0.1849395520672591, -0.19205951306482505]",-0.21467382432365012,False,0,866,-0.4408046135049561,-0.44689867372528186,"[-0.44689867372528186, -0.43800192648523417, -0.4375132403043523]"
099c0d74-043c-4ab9-8c40-6f8ddc3f15c0,#-1:d87f59f4-bc6b-4402-b30a-0134bf35576e,#-1:757551fd-740e-41bc-8b4f-0f1c2334cafe,0.9018677187507111,0.6945391483014691,-0.20732857044924202,"[-0.2002873703365784, -0.20303786878265118, -0.21866047222849638]",-0.21866047222849638,False,-1,71,-0.5888128170595229,-0.6268497690844166,"[-0.6268497690844166, -0.5537646431435621, -0.5858240389505901]"
9791c76e-bbb8-4b84-a107-d5e4351859ba,#-1:2f33e745-642b-419c-a434-887600e32060,#-1:9f916f5f-fa0f-4c34-829d-b20c0809b3cf,0.9125637273122121,0.6988571297147305,-0.21370659759748167,"[-0.22152677951597588, -0.22532751521162353, -0.19426549806484517]",-0.22532751521162353,False,-1,977,-0.40125658836541583,-0.40767150447591616,"[-0.40767150447591616, -0.4010947400552662, -0.39500352056506527]"
5d999805-fd28-4dfe-b4d2-bbbe21a3b238,#-1:29f30530-85ff-4bd4-9224-63dce1e01c37,#-1:6e96b6a7-cfbe-4c9f-a070-3a03ff323465,0.9380936828658827,0.7195141908592472,-0.2185794920066355,"[-0.21220555572112854, -0.215397141978397, -0.228135778320381]",-0.228135778320381,False,-1,614,-0.9402854834057437,-0.9421901798646957,"[-0.9421901798646957, -0.9374417045806301, -0.9412245657719054]"
cfd56382-d9f1-44db-bce1-26fa8654d120,#-1:161a5c45-38de-4be0-9b08-e97c7dcebcba,#-1:0c8788f5-c867-41cb-ad10-708641cecb59,0.33345960237732625,0.1077763088783878,-0.22568329349893845,"[-0.21779025701907323, -0.2302286583534197, -0.22903096512432236]",-0.2302286583534197,False,0,1318,-0.5705992254252009,-0.5768185236714506,"[-0.5659504384504384, -0.5768185236714506, -0.5690287141537137]"
55361b76-f818-4e3d-95b5-aee9378b55e5,#-1:4d554871-cc17-4b6e-a8d8-2f093a861a4c,#-1:aed6c302-8ae3-449f-b00e-527ecbbee0b8,0.5589018783779848,0.3556838471566482,-0.20321803122133658,"[-0.21138978355155102, -0.23028447672772895, -0.16797983338472983]",-0.23028447672772895,False,0,565,-0.21025101176868458,-0.22867264451235036,"[-0.20234594560925825, -0.22867264451235036, -0.19973444518444522]"
81066e15-5a22-4343-86ab-eb5215cb0a7a,#-1:37535364-91c8-4a5a-a600-7b3f4c30b56f,#-1:bc92d52f-f0e8-4f62-8261-1d271ec8f302,0.9278537867450094,0.7193323355026443,-0.2085214512423651,"[-0.23162713757307152, -0.19506187944422826, -0.1988753367097955]",-0.23162713757307152,False,-1,836,-0.8652321470793813,-0.8661612777150902,"[-0.8646011646322096, -0.8661612777150902, -0.8649339988908443]"
9bc7d7fe-cc40-494d-8cd0-01ec277608e1,#-1:438bf498-1ee3-43c3-928b-9779c63ff84c,#-1:a51dd3d4-6a2e-4d9d-96e9-166f2236721a,0.6983826972468252,0.4773476585532243,-0.22103503869360092,"[-0.20805039146005638, -0.23218402588018872, -0.2228706987405576]",-0.23218402588018872,False,-1,1010,-0.6250489321211313,-0.638468524967998,"[-0.638468524967998, -0.6003394298123161, -0.6363388415830796]"
73aa0b65-9693-44bc-a6aa-b53ccb6362c6,#-1:e4553109-d587-4fbb-95af-cbb78f0db8ed,#-1:f916dfb7-8b57-42e0-aa47-568d3b282999,0.786310216902892,0.5804260354357719,-0.20588418146712018,"[-0.21342507029635305, -0.17108692006005122, -0.23314055404495604]",-0.23314055404495604,False,-1,767,-0.7490741681106322,-0.7624160150208549,"[-0.7292070431848953, -0.7555994461261464, -0.7624160150208549]"
2225ca8e-ed10-4062-9bef-345d7c02db9e,#-1:5fd774cc-68de-4d16-8df6-0e61e3cf7e3a,#-1:28556531-a61d-42a7-a220-5eba0a27678b,0.6063561072993106,0.39039293367893263,-0.21596317362037792,"[-0.23350679514417366, -0.20534395899768704, -0.20903876671927296]",-0.23350679514417366,False,1,231,-0.2614191634058881,-0.2809308069276699,"[-0.23689117230139484, -0.2664355109885996, -0.2809308069276699]"
ed62d323-71c4-4106-ad96-77376b191a26,#-1:473aab9b-7420-457c-84ce-eaca2ab7f21c,#-1:c2e66ccf-2747-47b5-9987-96abab6fcb15,0.22648037975818788,0.0015624691371437058,-0.2249179106210442,"[-0.23380209225392773, -0.22507320199465009, -0.21587843761455466]",-0.23380209225392773,False,-1,1519,-0.12434516984262499,-0.15875530025530046,"[-0.15875530025530046, -0.10307248283984806, -0.1112077264327264]"
2784f133-4878-4188-8270-a6ba44db1d33,#-1:576c3a74-94b6-4d6d-8165-bc0137eee7e1,#-1:b0c653bb-7faa-4c50-9255-81ea51652960,0.29711699536889435,0.0704470441271728,-0.22666995124172157,"[-0.23387064412481534, -0.21318169720448338, -0.23295751239586593]",-0.23387064412481534,False,0,263,-0.4910022142338964,-0.5145671086944446,"[-0.46600528011944, -0.49243425388780476, -0.5145671086944446]"
5dfbc251-86b6-47f5-8df2-1d1861ad8735,#-1:5d03209f-5ec3-4705-9ca4-6f068f93a2a0,#-1:b8bbe0f1-b367-4133-9cc1-1dbeffd29a38,0.47826159741098023,0.26395675921472556,-0.21430483819625468,"[-0.2359837716322562, -0.2033345749428664, -0.20359616801364144]",-0.2359837716322562,False,-1,621,-0.6752866068548883,-0.6810330241247521,"[-0.6652645287165265, -0.6810330241247521, -0.6795622677233861]"
7cbe41d9-ba2a-4b75-9762-4b0a81364c8e,#-1:ad4da2bc-618f-4d07-acf5-721d3292c92a,#-1:82c9ab26-19e2-441b-a0e3-acde3496b507,0.9188440185946377,0.703015045974903,-0.21582897261973466,"[-0.2139772383612537, -0.19705522224068595, -0.236454457257264]",-0.236454457257264,False,-1,815,-0.923418472722294,-0.9281956589423049,"[-0.9281956589423049, -0.9198952914401868, -0.9221644677843901]"
a0d47b38-a2b4-4777-bd35-f4f142774e7e,#-1:aec3f532-270b-4b93-ad8e-339d17149b9c,#-1:412b2109-6eba-4f17-8bbd-92378e784a48,0.6898741606818338,0.47473383335382596,-0.21514032732800786,"[-0.2066808157753754, -0.23651917339565454, -0.2022209928129935]",-0.23651917339565454,False,-1,1048,-0.6209073113460412,-0.6395733293175672,"[-0.6284853212123125, -0.5946632835082437, -0.6395733293175672]"
5e88a54f-d686-4479-b363-fc7f4b3e5c51,#-1:02c1d556-4fd3-4761-b1f7-b6b63f16e507,#-1:aedac5ea-f283-4bdf-a364-93568a08411a,0.3451035707000521,0.12143143117050366,-0.22367213952954845,"[-0.23726923940188316, -0.2258056774274089, -0.20794150175935333]",-0.23726923940188316,False,-1,625,-0.6538370744870081,-0.6727541041274784,"[-0.6727541041274784, -0.6721039330055074, -0.6166531863280384]"
c2edc7f4-f783-4f17-b4f5-488470d528de,#-1:3c98c22c-f955-4f95-afc2-100813a3677c,#-1:833d0aa8-6d82-40bb-9e82-ca260c36bb51,0.898119511060588,0.6705648331507789,-0.2275546779098091,"[-0.22802430561399856, -0.21713337381855236, -0.23750635429687628]",-0.23750635429687628,False,-1,1239,-0.8603072415109706,-0.8652041419842185,"[-0.8525623412021421, -0.8652041419842185, -0.8631552413465514]"
df754a01-ff8d-4874-a52d-12ef7b0b923a,#-1:cda5f954-b85f-427b-9c47-341039bd9281,#-1:d6e00290-99a5-4b55-b5d3-605d64abac0f,0.5294668530281964,0.3334447898816386,-0.1960220631465578,"[-0.20687842763158576, -0.2386588252210073, -0.14252893658708038]",-0.2386588252210073,False,0,1424,-0.7243452337041719,-0.7248054022378659,"[-0.7248054022378659, -0.7235051274220262, -0.7247251714526235]"
c23f53b2-0a33-4bd2-801f-6f5aa174cfb1,#-1:8d5dbd64-1b2b-4faa-aeb9-0e6327320627,#-1:3bf7be0f-6ee3-40f3-86a4-d9d4c36e1468,0.9428221517421167,0.7228577789223,-0.21996437281981673,"[-0.238801080464196, -0.22098461368097821, -0.20010742431427586]",-0.238801080464196,False,-1,1237,-0.8594981417285444,-0.8719609727124973,"[-0.8719609727124973, -0.8583172896665692, -0.848216162806567]"
cfa38d47-8788-41d9-b7b9-256d4b8bfc8b,#-1:8c12ac95-1a0d-410b-8e7d-c296d3604ea1,#-1:ac7a75d3-70f9-4756-97e4-257073a4849b,0.22586237434762366,0.012151292355616211,-0.21371108199200745,"[-0.21808274996624682, -0.23913999678156606, -0.18391049922820935]",-0.23913999678156606,False,-1,1317,-0.30884811177724325,-0.3146429270361622,"[-0.299723332681811, -0.31217807561375666, -0.3146429270361622]"
5ba1b8a3-6bea-4955-a1ec-7843b45f0ed4,#-1:61da527e-22df-4ef2-9247-22524cd7f041,#-1:52b34d4f-b923-4be8-bc71-6faa3df33321,0.5215710563769148,0.3164109272794051,-0.2051601290975097,"[-0.24221610545287792, -0.19669753129251305, -0.17656675054713822]",-0.24221610545287792,False,-1,607,-0.6018789659787842,-0.6307653290803162,"[-0.6307653290803162, -0.6033936446547031, -0.5714779242013334]"
db9bd83a-3394-4c2a-b8bf-d800f9961d83,#-1:78c0e031-4193-4d43-bf3f-51b5f6646519,#-1:f64ae37f-a5d8-4fb5-8084-98b1f86b659e,0.9368387378313265,0.7109742510572624,-0.22586448677406412,"[-0.23151918453032416, -0.2444529407857512, -0.201621335006117]",-0.2444529407857512,False,-1,1401,-0.9208951333672989,-0.9243382981225895,"[-0.9142479746163715, -0.9240991273629356, -0.9243382981225895]"
71a7102d-266f-4b1a-ab0b-1a0ba74c027a,#-1:ffb181ae-da87-4c21-b4d1-b11a7d483add,#-1:dc2817f6-e2e4-4f70-a02d-7ed9bc8e6b5b,0.7029822094610818,0.4805274923873924,-0.2224547170736894,"[-0.18656968669643265, -0.24636963590966204, -0.23442482861497366]",-0.24636963590966204,False,-1,756,-0.2971899547406227,-0.3074648009648011,"[-0.29787396252396225, -0.2862311007331047, -0.3074648009648011]"
b0cfc25c-f845-4a97-98b8-63455069048c,#-1:631c1bb6-c46a-4383-b38e-a0740cd12326,#-1:f7ce7221-8224-45bd-b448-bb7905b5b85c,0.8451358786964392,0.6204748360486484,-0.22466104264779085,"[-0.2465889685083984, -0.2192391952975864, -0.20815496413738788]",-0.2465889685083984,False,-1,1140,-0.8716941345570121,-0.880358410975053,"[-0.880358410975053, -0.8596331981783484, -0.875090794517635]"
0951a1a1-98ff-49af-bb0f-deee6f4a9b2c,#-1:8bb05939-aaad-4646-b937-dc981091ba29,#-1:3e7a8879-4b24-43f6-8687-e8c64ef47f5a,0.331311805193131,0.09049448376788545,-0.2408173214252456,"[-0.23540292977705007, -0.2401563715484116, -0.24689266295027512]",-0.24689266295027512,False,0,68,-0.3760227069166229,-0.38305064605915107,"[-0.36907561920030063, -0.37594185549041675, -0.38305064605915107]"
898a249e-af72-4c71-b247-d961d063fb02,#-1:dee20a56-6b27-46dc-a900-1c23fc48f0fc,#-1:44721cef-730e-446f-bac7-004655f52397,0.31606592332333777,0.11719120990505512,-0.19887471341828267,"[-0.16014590184399213, -0.24884026271088855, -0.1876379756999671]",-0.24884026271088855,False,-1,892,-0.5373508345118158,-0.5428100769850986,"[-0.5417302139848303, -0.5275122125655186, -0.5428100769850986]"
5f773dff-18f1-4bb3-96f0-36cb26daa8a9,#-1:62acea84-2f04-4d7d-af75-a14e8ae2d760,#-1:95d1abaa-44e7-4073-b72b-56c643a22362,0.3103329751191601,0.0878996028454911,-0.222433372273669,"[-0.19680184903332432, -0.21996146229191477, -0.25053680549576796]",-0.25053680549576796,False,-1,637,-0.6183397702127543,-0.6305266849603423,"[-0.6305266849603423, -0.61257243247346, -0.6119201932044608]"
c558314c-c716-4f10-9639-b821d6535ab5,#-1:4389557e-81fe-4e84-962a-119ea0c9fc24,#-1:7131aab2-96f3-4115-9d15-cedf6cf5121f,0.9334854650082529,0.6992632841550094,-0.23422218085324353,"[-0.22960031548980997, -0.21521368763202053, -0.2578525394379002]",-0.2578525394379002,False,-1,1252,-0.922641414165955,-0.9285931599785465,"[-0.9285931599785465, -0.91895836619437, -0.9203727163249488]"
c40f4498-a903-4bbc-be79-86e0988d3f30,#-1:10e980aa-73f5-4b4e-ad64-b7be48340eb4,#-1:ae58057d-1edc-42d3-84bd-4a244dd3f92a,0.2504272007232961,0.001252923748424764,-0.24917427697487135,"[-0.24956597443543, -0.25944690555757544, -0.23850995093160854]",-0.25944690555757544,False,0,1247,-0.5902637446562966,-0.6037145125637728,"[-0.6037145125637728, -0.5942936328743237, -0.5727830885307934]"
13f549c2-6cc9-4a87-9f0e-7e1e8726557d,#-1:4136ca76-66ee-4938-8781-f8c586636903,#-1:ba42d987-4f07-4978-a37d-b0df329c42f2,0.45992739275835576,0.21903644082620632,-0.24089095193214943,"[-0.24134473475955226, -0.22126933096163942, -0.26005879007525656]",-0.26005879007525656,False,-1,148,-0.4077910730498211,-0.4180130229673708,"[-0.39340469694276986, -0.4119554992393225, -0.4180130229673708]"
85ca97a0-4f3e-4f9a-b69f-09643a0c3b68,#-1:6a1596f4-9c86-4a8d-827b-ac80001d919e,#-1:25778026-5bcc-4029-9b69-842f38e7ec77,0.9325245767784495,0.6894269436434355,-0.24309763313501398,"[-0.22759514986170637, -0.24132967798244964, -0.26036807156088615]",-0.26036807156088615,False,-1,864,-0.9820082511706277,-0.9839483424020794,"[-0.98344532334314, -0.9839483424020794, -0.9786310877666636]"
c32bf681-5303-403a-932b-4d96070b0593,#-1:321782f7-14ca-44b0-985b-818a39ad5315,#-1:c38dc469-9f13-40bf-9947-5691c8a5f7b3,0.35413277485181555,0.09891327061970838,-0.25521950423210715,"[-0.2542321171577612, -0.2495239476517701, -0.2619024478867902]",-0.2619024478867902,False,-1,1243,-0.6131257054617855,-0.6191552356779175,"[-0.6191552356779175, -0.6048717908039432, -0.6153500899034955]"
acbd789d-1376-40f1-8276-8d8af4e39877,#-1:efe13ae8-02ca-498a-a62f-4abbe0c6e14f,#-1:aed30a81-2595-405d-b0d7-9e1d45a3cdac,0.864245995814921,0.6048324574327674,-0.25941353838215364,"[-0.26206380866083734, -0.25327044064659265, -0.2629063658390308]",-0.2629063658390308,False,-1,1115,-0.5744482301620134,-0.591315556058432,"[-0.591315556058432, -0.563862929984955, -0.5681662044426531]"
b14b60d8-9abc-4cb8-8d48-b148f7243170,#-1:98f19737-c037-43e2-b042-0843ec7198b7,#-1:7b6854b1-bf26-4e4d-bd45-64c6fe869355,0.9784397023906491,0.7245041968545672,-0.2539355055360819,"[-0.25193900721592777, -0.2657678508191028, -0.24409965857321536]",-0.2657678508191028,False,-1,1143,-0.6631638093415618,-0.6841477481262914,"[-0.6498086172291266, -0.6555350626692676, -0.6841477481262914]"
ee1b500b-8f5c-43ae-b58e-8fd102f57aa2,#-1:ce01190f-18b6-4093-9d88-d128977b6d0b,#-1:f6d94244-4dfd-43fb-b044-0df5dbe19d27,0.9199652753567618,0.667591568514656,-0.2523737068421058,"[-0.27199301735177084, -0.2355494451526592, -0.2495786580218875]",-0.27199301735177084,False,0,1527,-0.8500087338044766,-0.8570786042184624,"[-0.8472031520571408, -0.8457444451378264, -0.8570786042184624]"
d444ef37-ab00-4bf4-a82b-31ea909daca4,#-1:323c38d1-1fca-44a4-b88d-a06d44c905ee,#-1:34d40664-b649-4a90-9167-63f17d0f3d66,0.4601981848610022,0.2002402230854782,-0.259957961775524,"[-0.25180014887347457, -0.25361776165250544, -0.27445597480059203]",-0.27445597480059203,False,0,1345,-0.5495271279865329,-0.5540504709715499,"[-0.5507570831342571, -0.5540504709715499, -0.5437738298537917]"
7470e001-dcfa-4ffc-b1c5-12e598b1625c,#-1:74faeb87-f31c-4762-87d1-93e4bc77d0e5,#-1:45b5de24-eb58-4f89-b09e-920c7191c573,0.35702600062961753,0.09190021569156726,-0.2651257849380503,"[-0.27347279378100825, -0.27610502771579754, -0.24579953331734497]",-0.27610502771579754,False,-1,770,-0.5656323005747738,-0.5899329212603401,"[-0.5899329212603401, -0.5361075924075926, -0.5708563880563883]"
92977d50-8bda-4bbc-88b3-a62caba63bb6,#-1:d71f70e5-8884-45a3-84bd-771a9842a4eb,#-1:2c0e9ac2-2962-4045-adb1-ce9a8fc381a1,0.4432610450001759,0.17743291467478714,-0.26582813032538877,"[-0.26522501124345904, -0.2816572957908944, -0.2506020839418128]",-0.2816572957908944,False,-1,943,-0.42682178978164004,-0.43991804786060823,"[-0.4184807898866517, -0.42206653159766033, -0.43991804786060823]"
9ab5bedd-37ae-4902-85db-d31a9dcf500b,#-1:5ac2abf7-506a-4cc9-a827-8d7c1535ea40,#-1:848b5d64-9c0d-427f-9616-550d17b97841,0.7331906317571372,0.4658309372463861,-0.2673596945107511,"[-0.2380952948873024, -0.28368649404690294, -0.2802972945980482]",-0.28368649404690294,False,-1,1002,-0.3154247599785835,-0.3259822205572208,"[-0.308211852363323, -0.3120802070152068, -0.3259822205572208]"
b37febbc-a56f-44b1-927c-b3e31ab8806a,#-1:7665960f-0060-45d0-9c97-ac9ae6f1c882,#-1:d4e2c98e-dd77-4f8c-99f9-62936c4bd750,0.2974205639371858,0.03189381728460077,-0.265526746652585,"[-0.2388934403484867, -0.27395069483075973, -0.2837361047785086]",-0.2837361047785086,False,-1,1166,-0.8231432346433332,-0.8295910944318843,"[-0.821739812455229, -0.8180987970428863, -0.8295910944318843]"
e5411618-ad9a-4480-a81c-6038c3bdf5f9,#-1:96f59526-867e-4303-be47-4447267841e1,#-1:49ce1eaa-dec3-45a3-9c49-722364928f97,0.4044996542635717,0.12211428366011938,-0.2823853706034523,"[-0.2759639608755422, -0.28533562541536384, -0.285856525519451]",-0.285856525519451,False,0,1461,-0.5704309881082049,-0.5805310739272366,"[-0.5639687191512799, -0.5667931712460984, -0.5805310739272366]"
1ceffef4-4bc3-4760-a9ae-d35474900aad,#-1:86737765-4701-4b66-a9fa-58fa24444667,#-1:08ca4c3a-6514-4323-b1eb-f48d8307f5a4,0.29279571078541167,0.00913486953057427,-0.28366084125483737,"[-0.2823461869300029, -0.29052661000155816, -0.2781097268329511]",-0.29052661000155816,False,-1,203,-0.49428828451606943,-0.5014743195723509,"[-0.4939514932186347, -0.5014743195723509, -0.48743904075722266]"
15eb3be2-89f5-4507-b21c-b66c576864a3,#-1:ddda9a10-6dcd-4b7b-8491-7af8d4323560,#-1:c52f7d0c-d78b-4689-9fb7-4477cfce9c4f,0.9070048304174949,0.6180031887478487,-0.28900164166964626,"[-0.284549229023614, -0.29209649676601745, -0.2903591992193074]",-0.29209649676601745,False,-1,161,-0.911841943929322,-0.9201138106920788,"[-0.9140953983558582, -0.9201138106920788, -0.9013166227400291]"
2bbf1d94-4f41-4834-951f-41177b68aad2,#-1:f89b2852-e661-4451-8ae6-90bf616c54d3,#-1:f56b6f86-af93-4212-a2dc-d971f38988e0,0.9878371314000115,0.7002395507890826,-0.2875975806109289,"[-0.2945811294904238, -0.28587894872528363, -0.28233266361707887]",-0.2945811294904238,False,-1,291,-0.906045359319477,-0.9074440175094343,"[-0.905257066048106, -0.9074440175094343, -0.9054349944008913]"
427838e3-5a5f-4f81-804d-f4850c840145,#-1:c2f6af28-4309-419d-aa52-2be027ae8196,#-1:20e2ef77-616f-47a2-ab06-73dc405dbc2c,0.351517713348289,0.07005887354221216,-0.2814588398060769,"[-0.26344404419805983, -0.2985691094069054, -0.2823633658132654]",-0.2985691094069054,False,-1,458,-0.7617626151125821,-0.776001747703099,"[-0.776001747703099, -0.7483694158006139, -0.7609166818340334]"
3fec2a93-b83d-41cd-9b3a-1260a7b6bfc3,#-1:aabdcf5d-3bb9-4e33-8410-3b057bbe0c17,#-1:345b836d-bf79-414c-85b9-8d4572427cf7,0.8600247028566286,0.5590190750451196,-0.30100562781150897,"[-0.3076415796545634, -0.2987468678121725, -0.29662843596779087]",-0.3076415796545634,False,-1,442,-0.906089975302592,-0.9119157029804079,"[-0.9031317168895856, -0.9032225060377825, -0.9119157029804079]"
01012db7-d093-4134-b80f-784e18e3ca62,#-1:ccba7557-17a7-49a5-9979-18ee59042260,#-1:24925756-6c08-474d-a4a2-283abb05f004,0.7520638252004815,0.46657697083488214,-0.2854868543655994,"[-0.30985665664675865, -0.25472983899265267, -0.291874067457387]",-0.30985665664675865,False,1,7,-0.36429125974061893,-0.3759817240696033,"[-0.3759817240696033, -0.34393947291270816, -0.3729525822395454]"
4c98f1a8-e8ff-4aee-bb86-e4a4c2e0858f,#-1:bcbbe841-f88b-4b98-a541-39a6da77aa5b,#-1:e1dce981-4d6c-4e08-81bf-18027a7f4f82,0.9845420384427301,0.6921912056471298,-0.29235083279560037,"[-0.3109213536797183, -0.27523184383225785, -0.2908993008748253]",-0.3109213536797183,False,-1,518,-0.8697525929030272,-0.8735119849874723,"[-0.8728976753788035, -0.8628481183428061, -0.8735119849874723]"
30a31fc6-1145-443e-9ce0-f9d5262b7491,#-1:79a11129-48d4-40ff-907f-0a266ddf63e5,#-1:fb46096c-997b-494f-9959-15af2164563e,0.30654382909696715,0.007170928368418199,-0.29937290072854894,"[-0.304064045122245, -0.31552711969958935, -0.27852753736381247]",-0.31552711969958935,False,0,327,-0.5317563218270717,-0.5502085380711244,"[-0.5166690965187603, -0.5502085380711244, -0.5283913308913305]"
35182aed-3288-408a-8ffd-45e3a3ea677f,#-1:771a070b-c8a0-4045-a9ac-ef8e74fb6b95,#-1:542f1731-6c20-4bf0-b857-39b848d84f6c,0.3518904116930373,0.04577089524419211,-0.3061195164488452,"[-0.3194265768740156, -0.2970360166099465, -0.3018959558625736]",-0.3194265768740156,False,-1,360,-0.6490806402762797,-0.6756466045193447,"[-0.6365936141245305, -0.6350017021849639, -0.6756466045193447]"
5f6c8f7b-220a-4c3b-8f97-7e8947961379,#-1:98ffe354-6fb1-450d-ab30-f43e81c88b2e,#-1:afe2f6e7-caaa-4da2-8a88-43eb303893f1,0.7284301064456726,0.42463322792215813,-0.3037968785235145,"[-0.31955744547648857, -0.29431964206441785, -0.29751354802963703]",-0.31955744547648857,False,-1,636,-0.6995612617338339,-0.7118343315177589,"[-0.7118343315177589, -0.6882337781205857, -0.6986156755631572]"
d52ba3e5-70ce-4eea-b1b1-7cf770955b47,#-1:920f891b-a6a0-4875-ad53-7060c55e41b0,#-1:2f4b4676-727f-499e-ab4e-c5bc0cad5a19,0.9937747697447689,0.6755162413691629,-0.318258528375606,"[-0.30761114878347073, -0.32200107832140845, -0.3251633580219384]",-0.3251633580219384,False,-1,1352,-0.5888148536419177,-0.6057068178671511,"[-0.5847674468816133, -0.5759702961769887, -0.6057068178671511]"
ead09828-4746-4a91-82b0-954b495de7c6,#-1:9d4443bc-41ab-47c3-9342-603a33e27d6e,#-1:225ca926-a277-4b69-a2eb-7290094767c8,0.7451839388547387,0.4509639971790751,-0.29421994167566357,"[-0.3031151314035189, -0.3252436198387046, -0.25430107378476713]",-0.3252436198387046,False,-1,1501,-0.2777103860805696,-0.2825941037233094,"[-0.2731896953310619, -0.2825941037233094, -0.27734735918733744]"
1d4b0ec0-4424-4e36-9dc0-7c6be3327838,#-1:c70b32d5-c714-4586-b4b4-3f9482597080,#-1:7a226b5b-259d-47dc-8388-b6627fb130ac,0.6182909547186377,0.3180003375992921,-0.3002906171193456,"[-0.2514613970182022, -0.3157661728787173, -0.33364428146111763]",-0.33364428146111763,False,-1,205,-0.8433224239500952,-0.8551291871571218,"[-0.834050812773059, -0.8551291871571218, -0.8407872719201047]"
c1a7e601-aa28-4034-9c30-da8c7d2823d0,#-1:02907026-83a0-4ee8-9c28-3db90986cf9a,#-1:077dc586-5a7c-49e1-b031-85ce774633c9,0.9095477760391822,0.60351228679241,-0.30603548924677226,"[-0.29448168701097643, -0.2885919781727131, -0.3350328025566275]",-0.3350328025566275,False,0,1233,-0.7888358124044453,-0.8000038847341174,"[-0.7798234878914189, -0.8000038847341174, -0.7866800645878]"
37af27d1-e0cd-4708-a41b-b95333ed873a,#-1:99b8490a-ca01-4b0a-8498-eaa3cabd2013,#-1:71acf3f7-d635-4a8b-8764-e149215f404a,0.3381078718459711,0.014593835560673916,-0.3235140362852972,"[-0.3380975689188754, -0.3349935627909924, -0.29745097714602364]",-0.3380975689188754,False,-1,377,-0.34570635745642764,-0.36281070260297293,"[-0.33286993099234136, -0.36281070260297293, -0.3414384387739687]"
7b8e55fb-3cc5-4386-8830-f3f4dab214e5,#-1:d3e6d30c-8c89-4a87-9206-e455b5300e24,#-1:42baee4d-ac83-4ef8-9533-0bf33502170f,0.9661917987501799,0.6549066580725437,-0.31128514067763624,"[-0.33883251996904407, -0.2838135839648295, -0.31120931809903496]",-0.33883251996904407,False,-1,807,-0.9730104718349754,-0.9800851280140517,"[-0.9692927754245478, -0.9696535120663262, -0.9800851280140517]"
1ba982fd-f7c8-4908-b850-a011f17331e5,#-1:54e59ec5-3da2-4398-93a6-f5f4a0a034e3,#-1:7e0fb38e-ef87-4f81-941c-ef5fb5dcbc35,0.48418763413031557,0.17473688228828985,-0.30945075184202575,"[-0.3221135060985494, -0.2663049329263646, -0.3399338165011633]",-0.3399338165011633,False,-1,196,-0.2951739591945819,-0.3355049885525678,"[-0.3355049885525678, -0.25931255330078806, -0.2907043357303898]"
95a17d4e-6b9b-4e5d-bde7-78f0db1b44a0,#-1:4ddab3ab-ebf5-4a18-a0f0-aefadbbca671,#-1:69763183-fb40-4d30-a15d-b620f0831629,0.38160206513949374,0.047734029006451247,-0.3338680361330425,"[-0.32671619850108863, -0.342358272139285, -0.3325296377587538]",-0.342358272139285,False,1,965,-0.424522363783308,-0.43419097019644454,"[-0.4269969281242866, -0.43419097019644454, -0.4123791930291929]"
64ed77df-0dcc-45cd-b1d4-7c084e9d0626,#-1:348f2133-3873-4abe-9bab-26fc5fe846cc,#-1:fd6fe78f-c4d7-4930-8bda-e24e34381484,0.994223093044622,0.6623133419710349,-0.3319097510735871,"[-0.33374229254161414, -0.3444208549362814, -0.3175661057428658]",-0.3444208549362814,False,-1,665,-0.6852281430669335,-0.6906558165747902,"[-0.6782071755505816, -0.6868214370754284, -0.6906558165747902]"
70df4b18-5df7-4328-ae4c-b1e1e4177c33,#-1:52ad5677-a5bc-469a-8b56-61bb2d7785b2,#-1:b8d08bd7-63d9-45a6-a923-42d0f3f60af4,0.3470898816670966,0.009746184956770997,-0.3373436967103256,"[-0.32209692413033003, -0.3415031537908838, -0.3484310122097628]",-0.3484310122097628,False,0,749,-0.5840125063182938,-0.5934434753755486,"[-0.5934434753755486, -0.5890972586799254, -0.5694967848994075]"
cd0fb2f3-6739-4506-aa4c-c0a40435d4be,#-1:0061ce74-f32d-4ec2-89f6-8860bf542280,#-1:850b779c-8054-4b3d-a484-58ea0f284c0a,0.6407347280561747,0.2970913471272308,-0.3436433809289439,"[-0.34367063555133803, -0.3486202974973735, -0.3386392097381203]",-0.3486202974973735,False,-1,1299,-0.5427058639824408,-0.5448934328257687,"[-0.5448934328257687, -0.5407223427876012, -0.5425018163339523]"
6da98cc0-ef9a-4116-ba49-eeb8b08f427c,#-1:73acfdaf-eb87-4931-b740-faeb9bd40be5,#-1:96663ab8-7460-4aa8-b895-da3a40213e35,0.41089342141129054,0.11459575944239202,-0.2962976619688985,"[-0.34867636449802863, -0.2892965805792264, -0.25092004082944064]",-0.34867636449802863,False,-1,727,-0.6578806043918939,-0.6671533314086235,"[-0.6484020630302674, -0.6671533314086235, -0.6580864187367907]"
93186a31-48a9-414e-bc24-06181545d45e,#-1:3675578a-341d-42fa-bf65-5421faa092b6,#-1:31c3e02d-a92a-4c58-a09a-c5699a2154e2,0.4613929443317064,0.12026590343912193,-0.3411270408925845,"[-0.35401496058758264, -0.3211693899436932, -0.3481967721464776]",-0.35401496058758264,False,-1,946,-0.7997600040208549,-0.8056505153629311,"[-0.8056505153629311, -0.8023497792622823, -0.7912797174373515]"
ca9edad7-7c5c-47b6-89cc-7e3a09730195,#-1:15cdd954-6199-4f40-93ea-52bd79bb4a7c,#-1:2bd60c77-d28f-438c-bc47-ebb966c54630,0.6057352262200615,0.2950691118375099,-0.3106661143825516,"[-0.3289857466880006, -0.35454822797455143, -0.24846436848510273]",-0.35454822797455143,False,-1,1284,-0.794738540701566,-0.8030106059871193,"[-0.7889757053183662, -0.7922293107992129, -0.8030106059871193]"
b304371e-89bf-4d55-b40e-f392bcf050eb,#-1:308c791a-b8dc-4acc-a5a9-3f8d76cbd256,#-1:de6b7add-5599-4908-97ac-b99f8eea01ee,0.5641090350692629,0.2233633195750445,-0.3407457154942184,"[-0.35671328501931737, -0.3388647306305078, -0.32665913083283016]",-0.35671328501931737,False,-1,1160,-0.8320260777852297,-0.840640108675398,"[-0.8279470009112283, -0.840640108675398, -0.827491123769063]"
e04fc280-ce27-4624-a610-64f57f5f16ab,#-1:2757be39-8811-4261-b405-7b15e273fe66,#-1:1a6b2a15-ff38-4d30-a2e6-50454c3e8c95,0.40301940791679974,0.054006295060029,-0.3490131128567707,"[-0.3600310374661957, -0.3471359156324015, -0.3398723854717153]",-0.3600310374661957,False,1,1432,-0.4957591262036854,-0.5139478564541466,"[-0.4809904320154323, -0.5139478564541466, -0.4923390901414773]"
dbeee951-e743-466d-b70b-d4a6b656822e,#-1:0d921509-b589-4654-922f-f415f1db88dc,#-1:6dcb2c22-a031-4aeb-a215-003c138acf8b,0.9064436616791354,0.5635185313249367,-0.3429251303541987,"[-0.33465835690239987, -0.36050753956796233, -0.33360949459223366]",-0.36050753956796233,False,-1,1404,-0.44823402268682194,-0.46206924827815493,"[-0.45689130999719213, -0.42574150978511865, -0.46206924827815493]"
703b81f7-f08d-446e-82e3-663026b30ff8,#-1:6f3fc06f-8f0e-449c-b1da-2b14cd58529c,#-1:0d9f697a-acc9-4758-b3fa-affc3b8d943d,0.4015783097605152,0.05129950415453765,-0.3502788056059775,"[-0.3413285690045975, -0.3489105202423103, -0.3605973275710248]",-0.3605973275710248,False,-1,743,-0.8265703410863381,-0.8402593851751693,"[-0.8402593851751693, -0.8133612931952513, -0.8260903448885938]"
c629c037-2695-4c2b-92b1-60355d591a3c,#-1:7ccd35ff-97f8-4ddc-8bb4-ade001dd4db0,#-1:af79312e-5b84-4eac-9a4c-747cf85fcad0,0.5419822296842258,0.19090995302265726,-0.3510722766615686,"[-0.3451748323966823, -0.36142142217572604, -0.34662057541229707]",-0.36142142217572604,False,-1,1258,-0.7052085171151884,-0.7131657737433439,"[-0.7049197361632062, -0.7131657737433439, -0.6975400414390153]"
736fcf02-e1f9-44e5-a485-2d4088aa1622,#-1:ca6bf1d4-0964-4575-9603-263f8bed118a,#-1:addb54a8-2f7c-46c9-b9d5-6363b4c7dea2,0.8683827140522248,0.5164524908978322,-0.3519302231543926,"[-0.3645055297771582, -0.34813986062895996, -0.3431452790570596]",-0.3645055297771582,False,-1,765,-0.4080099716913255,-0.4195278765747498,"[-0.4195278765747498, -0.39541650990335186, -0.40908552859587494]"
05116a06-4e3c-4b17-9cca-957a3d84c347,#-1:2eabedff-f267-48e5-8dc3-7a1d856e63ae,#-1:028ce652-63ed-4140-ba83-b14ef3c62cb1,0.3723353160383375,0.008052799008783694,-0.36428251702955383,"[-0.3651437259156572, -0.36002997213248006, -0.36767385304052425]",-0.36767385304052425,False,0,36,-0.38191422300500255,-0.39386579539027305,"[-0.3608410548756487, -0.39103581874908594, -0.39386579539027305]"
a546c54b-f9ad-4c45-92df-c1719268f93d,#-1:f99d52e3-de03-4418-9696-c27a308f9c8a,#-1:0b950a35-c048-44ef-9c0d-acdfc4c31524,0.5072901533734164,0.16578583657642565,-0.3415043167969908,"[-0.3685694116612454, -0.3534322937189587, -0.3025112450107682]",-0.3685694116612454,False,-1,1076,-0.8023254098378176,-0.8150725671402389,"[-0.8150725671402389, -0.7937809040923892, -0.7981227582808246]"
da3c984b-843e-4290-a9a4-047bce244363,#-1:fb4425da-736e-4563-a93e-d214e14553ba,#-1:cdbf94a7-c747-429f-b8ea-bf112b3a7d2d,0.47483331284132513,0.11146296850698394,-0.3633703443343412,"[-0.35235135255207256, -0.3721811527238139, -0.36557852772713717]",-0.3721811527238139,False,1,1387,-0.6581276624285609,-0.6790770263469756,"[-0.6364011950632676, -0.6790770263469756, -0.6589047658754398]"
852f520c-7ad6-46b8-ae06-56de951d58d3,#-1:ac5f7b68-76a8-4435-9cb7-4add3fcaf932,#-1:ecc186cd-5916-42fe-b9a3-b0babaf39ebd,0.5235419042620016,0.15970452859892215,-0.3638373756630795,"[-0.37419752610575774, -0.3675167531503123, -0.3497978477331687]",-0.37419752610575774,False,-1,859,-0.7753026512987936,-0.7896385203104396,"[-0.7810699803248415, -0.7896385203104396, -0.7551994532611]"
f5e81311-7b0a-48f8-9489-5d51dc216a09,#-1:850a40ba-1d04-44b5-b6a0-f41be4608860,#-1:81c4397d-0369-4e28-a700-8e8bd7505f1b,0.55664914836213,0.1875357815691587,-0.36911336679297124,"[-0.37710218402303197, -0.35254853084480364, -0.37768938551107845]",-0.37768938551107845,False,0,1577,-0.7890541345290353,-0.8046133376510618,"[-0.7727892439549209, -0.8046133376510618, -0.7897598219811233]"
9b9c82ca-e03e-480d-9951-df1d56e74bd4,#-1:3ce6b0c2-c64b-479f-8a81-6b260ed31ece,#-1:43b8a60c-a440-4171-9f65-6e6326e61609,0.6009349090964528,0.241754375675708,-0.35918053342074474,"[-0.34922393012684405, -0.3785840314249286, -0.34973363871046137]",-0.3785840314249286,False,0,1008,-0.539877088144617,-0.55688085832615,"[-0.5180916112126567, -0.55688085832615, -0.5446587948950443]"
2877edef-288e-44db-9c05-7016ed5d15ac,#-1:ea877d35-fff3-4cd9-9d05-3e0d89e5683f,#-1:23b56dc5-baa4-4783-a3f0-3efdba469284,0.5712494253619611,0.21446878108403747,-0.35678064427792366,"[-0.3340243587934971, -0.35761396761513675, -0.3787036064251369]",-0.3787036064251369,False,-1,265,-0.8215740534383514,-0.8256408438856152,"[-0.8239382058112402, -0.815143110618199, -0.8256408438856152]"
0fac2eb9-17ff-4c12-b87e-c6e146478de7,#-1:ede04b83-fe47-4e6b-b02f-4e850d675965,#-1:fee95afe-64bc-41f1-b53b-22ac1e6fda8d,0.7794489689098844,0.4250210441997841,-0.35442792471010026,"[-0.3788733462204939, -0.34661779330588083, -0.33779263460392617]",-0.3788733462204939,False,-1,113,-0.7756349153127086,-0.7921486796990416,"[-0.7921486796990416, -0.7623919337215393, -0.7723641325175449]"
8bc061fd-73ad-4b34-82fe-9dc2bae8ac14,#-1:a2b9e024-be7f-4c1d-9e5f-444ed95ce215,#-1:1e68a564-5e6a-4e0e-a82f-7b102eead76b,0.9565233342408926,0.5923631833944625,-0.36416015084643016,"[-0.3459724658785849, -0.3800023365295203, -0.3665056501311855]",-0.3800023365295203,False,0,908,-0.44985606863150646,-0.4626323742606334,"[-0.43469935314161756, -0.4626323742606334, -0.45223647849226845]"
999f93ce-12c4-4203-94f2-9c3966458e4a,#-1:73bcf024-fd67-45c1-9147-94e75b485c81,#-1:6588df97-122c-4781-878f-bafec401d53a,0.9017500011807945,0.5398512700529758,-0.3618987311278187,"[-0.3638218412227969, -0.38030474715021856, -0.3415696050104404]",-0.38030474715021856,False,-1,992,-0.9241635454073007,-0.9300234153328236,"[-0.9300234153328236, -0.9210451443288784, -0.9214220765602001]"
9a1300e3-78af-4064-aa5f-9dbd12fa09a8,#-1:beef5b31-db21-4666-8223-fd91d75db8e0,#-1:28f2a4c5-c563-49ac-8baf-dd05befaaa2d,0.4463713971104532,0.07372666851382581,-0.3726447285966274,"[-0.36795453233227776, -0.3803092136860841, -0.36967043977152036]",-0.3803092136860841,False,-1,997,-0.830188801093959,-0.8333217841495866,"[-0.8333217841495866, -0.8327509165087291, -0.8244937026235615]"
d5276a11-823b-4d56-9963-bab55aca7def,#-1:0af3e0c7-b536-4108-8bc5-e07357d70894,#-1:ff6fa8a3-20dd-4dfe-8844-1ffe1935c4b5,0.6071645232773909,0.2659905074798116,-0.3411740157975793,"[-0.3103334496594459, -0.3326365497738731, -0.38055204795941877]",-0.38055204795941877,False,1,1351,-0.6421890540665173,-0.6559769798542978,"[-0.6376617665321308, -0.6559769798542978, -0.6329284158131231]"
dab3efbe-3dc7-44ba-908f-6bc867ebaec9,#-1:c665d3b7-7ca1-4c68-a3ff-4f8d784c6baf,#-1:bec9e3a4-f0ef-4a90-8c9e-8242315dd1bd,0.9253204741333593,0.5638280343072738,-0.3614924398260855,"[-0.3323939341346893, -0.38149428633863924, -0.37058909900492776]",-0.38149428633863924,False,-1,1392,-0.8502946015656591,-0.8665228590279052,"[-0.8500092048197008, -0.8343517408493716, -0.8665228590279052]"
59424e11-e777-481e-a83b-627b03fc3c47,#-1:f99426b7-b8d5-40d8-8c2c-3e01d3077971,#-1:a78ee87d-e2c2-4897-b693-1c3e213c90b8,0.721517587048262,0.3705108216928319,-0.3510067653554301,"[-0.384545356722936, -0.3396994716856665, -0.3287754676576877]",-0.384545356722936,False,-1,589,-0.8498184762916322,-0.8580753835180698,"[-0.8580753835180698, -0.8516463408245073, -0.8397337045323192]"
363c52ce-1682-4699-999c-ce3bde55debc,#-1:ac33292d-eede-4b31-8008-e753835c81c9,#-1:39af2dbe-87db-423b-b31b-d8a51caef2d9,0.3732440014954607,0.01059510840295099,-0.36264889309250975,"[-0.33609274957243224, -0.3848256221375521, -0.3670283075675447]",-0.3848256221375521,False,-1,365,-0.6505966712468899,-0.6540250403281087,"[-0.6540250403281087, -0.6498974468421929, -0.6478675265703682]"
86dd8051-0182-4dfa-bab3-8b3824e3e4a2,#-1:76ea5a72-9d1e-4390-95c2-74b9fceace71,#-1:6662ccc4-ef61-42bc-abf8-c0f0f3159fb9,0.7432352759771743,0.3979023981582867,-0.3453328778188876,"[-0.3214803919738488, -0.3295409784028007, -0.3849772630800131]",-0.3849772630800131,False,1,873,-0.6193599695950972,-0.6419937268164991,"[-0.6042744596720507, -0.6419937268164991, -0.6118117222967416]"
b2a654c0-705a-4c2c-8320-75d63b2b5622,#-1:ff7355d5-dd7f-48f7-bc2b-a3af12636e57,#-1:239e58e2-bcb6-48f2-9b3f-724e476ad65c,0.5525524193597163,0.1978426115968515,-0.35470980776286487,"[-0.3345646497167687, -0.3861756084409569, -0.34338916513086903]",-0.3861756084409569,False,-1,1157,-0.8750679881658261,-0.883163732936953,"[-0.8715497606441255, -0.883163732936953, -0.8704904709163999]"
6cdbe22b-b17f-4fc9-92cf-bf405f45411e,#-1:33f4f621-5891-4236-adaa-d6fc893596bf,#-1:33e82bdc-4481-45ed-8e9b-23e87381a30f,0.6902750897876477,0.3112041027475095,-0.37907098704013825,"[-0.36957640162678485, -0.38845736315611645, -0.37917919633751346]",-0.38845736315611645,False,-1,718,-0.6419587602213112,-0.6500751331637821,"[-0.6500751331637821, -0.6326108400357335, -0.643190307464418]"
20134523-f876-49db-8637-452c55e6b532,#-1:1696ce43-a8d7-4113-ab9c-20382150c66e,#-1:8f81a5a0-9aaf-426a-87df-759ff3bce371,0.5660281338567789,0.1885500759657243,-0.3774780578910546,"[-0.39227683129746516, -0.3830631395352092, -0.3570942028404894]",-0.39227683129746516,False,-1,221,-0.8399621867141156,-0.8518957003157454,"[-0.8355008717793877, -0.8518957003157454, -0.8324899880472135]"
f3f0dbdd-ba53-4ae1-93e6-d3c89266c9c3,#-1:ed477466-ed16-401e-b3d2-c5f58c4d2e58,#-1:305d3be6-21b0-4ac0-9d5d-b9bd2415d41b,0.8593676724855254,0.4691013894132472,-0.3902662830722782,"[-0.39027546539134667, -0.3951065816330374, -0.3854168021924506]",-0.3951065816330374,False,-1,1565,-0.7139777306925589,-0.7244908757053059,"[-0.7134053417108343, -0.7040369746615365, -0.7244908757053059]"
b6e85726-433c-426c-ac22-61725a9acd66,#-1:036fe386-2707-446d-b133-ba17ab779f64,#-1:0294dea4-8cac-49dd-a59c-4315fab81a3f,0.8096451909867176,0.44905290801977166,-0.36059228296694595,"[-0.3567474323477401, -0.32940061502224177, -0.3956288015308559]",-0.3956288015308559,False,0,1186,-0.5359821035206783,-0.5806162777497642,"[-0.5117347997756222, -0.5155952330366487, -0.5806162777497642]"
b195cfc5-8b93-45c7-95fb-42902c58f455,#-1:63c5fcaf-79d4-4a53-9491-a440f28ee8cc,#-1:9ddbcefd-33ea-4cd0-a1a9-f1a46625cde3,0.6066130545203898,0.2526773199067929,-0.35393573461359695,"[-0.389733294843918, -0.2747143368962264, -0.39735957210064654]",-0.39735957210064654,False,-1,1147,-0.8628525371761673,-0.8705415650662512,"[-0.8633665877768634, -0.8546494586853873, -0.8705415650662512]"
7d6019d9-a0cf-49bf-aa88-3dd1b20679d7,#-1:dd5e7a52-0afe-48c6-b115-a7fe5c5bd782,#-1:7806d9bc-327a-4810-81b4-cd3f74b9c0c4,0.7355871587521863,0.3385055542631407,-0.39708160448904556,"[-0.38982433408463124, -0.4009627934713885, -0.40045768591111697]",-0.4009627934713885,False,-1,819,-0.8929459346082433,-0.9003933802349058,"[-0.9003933802349058, -0.8845919415704987, -0.8938524820193257]"
526050e7-c196-4a7d-84d5-21585b3835b0,#-1:0e14a2f3-5d86-4300-9db7-9000005585fd,#-1:5b177a2e-9f09-4900-81b3-e579952832a7,0.4192808986391232,0.03862553982639564,-0.38065535881272755,"[-0.3599923525087506, -0.4024340414310109, -0.3795396824984212]",-0.4024340414310109,False,0,546,-0.7398141918986182,-0.7423245295533718,"[-0.7395213308949934, -0.7423245295533718, -0.7375967152474892]"
69152f1a-fe2f-45bf-89d6-84db581898a4,#-1:ec821b40-657d-4bd2-901a-a694431142a1,#-1:24852c09-755f-4bab-a4de-dbe3c335c7b6,0.403886144794364,0.0003418820476998303,-0.4035442627466642,"[-0.40164814803355653, -0.3985530631200252, -0.4104315770864109]",-0.4104315770864109,False,-1,694,-0.6801441893498557,-0.6867378149770346,"[-0.6867378149770346, -0.6857772550004759, -0.6679174980720567]"
cb14aa3c-abd9-48dd-b787-94b66a8db9f1,#-1:25812022-525e-4e35-985b-eafc19aff569,#-1:8de1f49a-f45a-49e3-bdab-1d9b077d87fd,0.9123661071450022,0.5128107439509545,-0.3995553631940477,"[-0.4030402132930624, -0.41222155478508915, -0.38340432150399173]",-0.41222155478508915,False,-1,1288,-0.8333372788202412,-0.845772405914157,"[-0.845772405914157, -0.8242658881928303, -0.8299735423537364]"
99afe298-a837-4cd4-80d8-7c561e099c90,#-1:06b4ae8f-24cb-4908-a9d1-7bd557786685,#-1:6dff6ac7-11b1-45c0-b56c-7cda640a2d06,0.6583778061816283,0.24926573382009667,-0.4091120723615317,"[-0.4171264558885037, -0.4039145748837416, -0.40629518631234973]",-0.4171264558885037,False,-1,993,-0.7781430888520914,-0.7802733309686631,"[-0.7802733309686631, -0.7748613242340051, -0.7792946113536057]"
71dda6c3-a69b-4781-8254-511aba54e4bd,#-1:aff8ba1b-4a88-4167-a0ed-a2f2b3711bd9,#-1:d7fd9362-148f-4cf5-b607-66d21d53a2ac,0.4203066890953198,0.006014721347337258,-0.41429196774798255,"[-0.4220053686952937, -0.397329553520517, -0.42354098102813714]",-0.42354098102813714,False,0,757,-0.6232684422115115,-0.6360378515609415,"[-0.6268952906218216, -0.6068721844517712, -0.6360378515609415]"
109a9eda-d1c5-4664-a679-ba0b3401b33b,#-1:8fe2a08a-4cd4-4a39-ba1e-1beb5ba8685c,#-1:0b1128b3-b112-496d-8d33-95f550148209,0.8302496232942764,0.41701999548942487,-0.41322962780485156,"[-0.40248682120412627, -0.40788448209993905, -0.42931758011048954]",-0.42931758011048954,False,-1,122,-0.7759838119433065,-0.7855101224491586,"[-0.7855101224491586, -0.7714844396464973, -0.7709568737342634]"
dba4b4b4-c5f0-4eed-8205-1d69992358a0,#-1:25d29c2a-ac73-4a29-9492-335e07d32ac1,#-1:5d7d1e14-ea00-42a6-8a8a-3d796320d3a0,0.827995089438197,0.40850064993787233,-0.41949443950032467,"[-0.4254626860450967, -0.43082397334091294, -0.4021966591149645]",-0.43082397334091294,False,0,1403,-0.8389236909374093,-0.847887547423473,"[-0.8459845964943785, -0.8228989288943764, -0.847887547423473]"
68a848e3-0736-4400-b8e5-78f9c08ab517,#-1:0e18fdda-5332-4ef9-9d7a-919733eb2e8d,#-1:58f6c78c-4d9b-4a29-b938-f30fbd1092f2,0.44007348020669407,0.03536559498410405,-0.40470788522259005,"[-0.3865974273733219, -0.43115143492609576, -0.3963747933683524]",-0.43115143492609576,False,-1,689,-0.543869857155073,-0.5560416411264809,"[-0.542193707287251, -0.533374223051487, -0.5560416411264809]"
db493b33-38f4-4303-bdf0-86eae7c167b7,#-1:683ac3bd-3530-4af4-a91c-3a2e9f86044b,#-1:70f78c3c-0b5a-433c-9a49-428f0f735845,0.8794428704038685,0.462602998364539,-0.4168398720393295,"[-0.4121375723881511, -0.40507755686456376, -0.43330448686527356]",-0.43330448686527356,False,-1,1397,-0.8887450655311806,-0.8920248672434345,"[-0.8849950899204455, -0.8920248672434345, -0.889215239429662]"
049baa7e-caf1-4b5f-a3a7-10eabff58452,#-1:a1f50dea-18e8-4c50-8dad-89a526966fc9,#-1:20ab5388-b4ab-4202-8474-380da6bfdde9,0.8914718624383168,0.4647841383637689,-0.42668772407454786,"[-0.4367925580645999, -0.41423847555640375, -0.4290321386026401]",-0.4367925580645999,False,-1,32,-0.8047448764365925,-0.8151689028140819,"[-0.8031066467754856, -0.79595907972021, -0.8151689028140819]"
24e2c962-6b82-4a97-87c7-4696435615f1,#-1:017a6009-ebac-40c0-8b27-e96a8fc4bea1,#-1:84fed5ae-04f1-4a78-8bc9-c90cebbf6335,0.9272749551662193,0.5006967433907504,-0.42657821177546884,"[-0.4051240373432441, -0.4337913369465126, -0.4408192610366499]",-0.4408192610366499,False,-1,250,-0.5556808186362955,-0.5916586027641019,"[-0.5916586027641019, -0.5308762563437317, -0.5445075968010529]"
d486e454-ea19-4eb8-a79c-734d64b5bcb6,#-1:68a31df9-cbca-461c-bdf4-de6cc5b968bd,#-1:87773b1e-1b10-4fc8-aaf2-8636ab973ad7,0.7205197028415089,0.2969340509661729,-0.423585651875336,"[-0.40198992269510025, -0.44445203206989303, -0.42431500086101476]",-0.44445203206989303,False,0,1348,-0.5247165792292445,-0.5366319338544476,"[-0.5260680084991852, -0.5114497953341007, -0.5366319338544476]"
dc25f824-188d-4f46-abcf-ab1743bca4e5,#-1:59e9d7b3-f544-4d12-b069-f0365d269201,#-1:ac1cd30a-c672-487e-9c8a-109bbf60012e,0.9456094985062063,0.5200783703530217,-0.4255311281531846,"[-0.444720244032638, -0.40065243288999064, -0.43122070753692576]",-0.444720244032638,False,-1,1405,-0.8401579891313412,-0.8544143238820778,"[-0.8278060279492059, -0.8382536155627399, -0.8544143238820778]"
b3833dab-edbd-4369-bbb9-6effb6e7ddde,#-1:ee6ed128-2d47-4272-a946-436d6fecf540,#-1:22ca061d-73f1-49fd-8fe7-8a1b0e60e242,0.900250090667167,0.47297304508428756,-0.42727704558287943,"[-0.4170490121783335, -0.41871610468752085, -0.44606601988278405]",-0.44606601988278405,False,-1,1167,-0.9167091045238401,-0.9237459390542809,"[-0.9131383605720352, -0.9132430139452044, -0.9237459390542809]"
ef791ed6-ea8a-4974-aa4a-2a1dc5a7528d,#-1:a2700da9-ffc4-4b68-9131-4f85bf28fc15,#-1:8731741a-fcee-4682-b622-a8d73730de9d,0.9453507386272028,0.5088380858618725,-0.43651265276533024,"[-0.43704113400710465, -0.42394377377456516, -0.44855305051432115]",-0.44855305051432115,False,-1,1534,-0.9199353924661254,-0.9303279003184715,"[-0.9206659252675417, -0.908812351812363, -0.9303279003184715]"
f918b31a-7622-48b1-9056-123c667ff43f,#-1:114749bc-a66a-4a5c-af0f-e747b614a5c0,#-1:c77efa33-241e-44fe-a8e4-c259f25f3125,0.9813347613414659,0.547035999607322,-0.43429876173414395,"[-0.4488365699099178, -0.43371144681091156, -0.42034826848160256]",-0.4488365699099178,False,-1,1595,-0.9887834163873167,-0.9907407216538162,"[-0.9907407216538162, -0.9876636893022042, -0.9879458382059295]"
2f169fc1-7fd2-428c-8bcc-6c93e43398f6,#-1:bc900b8e-198f-48d2-a3a3-8ff07032f13f,#-1:99e41eac-35e6-49be-93dd-49b60e4f885e,0.4518172657610578,0.02336837233207692,-0.42844889342898085,"[-0.4499202386027493, -0.41182282983550184, -0.42360361184869155]",-0.4499202386027493,False,-1,312,-0.48952939837774556,-0.5115465479059007,"[-0.4620659409791916, -0.5115465479059007, -0.49497570624814424]"
2fa4ae85-3f1b-4150-b2aa-439b8021f919,#-1:98c485b1-67a4-4e66-9884-a7ee6bcf755a,#-1:fab2db1e-882a-49d0-b09b-df4e3645e0ac,0.42226746828102707,0.0,-0.42226746828102707,"[-0.422069710797221, -0.392449591370761, -0.45228310267509936]",-0.45228310267509936,False,0,316,-0.6950336137988308,-0.6989591562698735,"[-0.6917577122892332, -0.6943839728373857, -0.6989591562698735]"
569e6fd1-2a6f-4e63-b3fd-39a2aa7ccbd6,#-1:611087fd-7d02-42d6-817c-358cce9df96a,#-1:bca6d995-b7e9-408d-bbab-0293250b4137,0.7235464543215412,0.2749625948630506,-0.4485838594584906,"[-0.4396405189006953, -0.4516178034488427, -0.4544932560259339]",-0.4544932560259339,False,-1,573,-0.7876280994506649,-0.7955411870393625,"[-0.7805779008484112, -0.7867652104642209, -0.7955411870393625]"
37d32b63-5c19-4c85-8f57-955e0c2679f5,#-1:881714fc-6705-4621-af67-964bd6560668,#-1:d1ac77a6-340e-4fe4-9796-ca5411723272,0.8955695302091616,0.44790706243488193,-0.4476624677742797,"[-0.4442268752472291, -0.44353970321048725, -0.4552208248651231]",-0.4552208248651231,False,-1,379,-0.8765552686619444,-0.8836866357629831,"[-0.8738152929421397, -0.8836866357629831, -0.8721638772807105]"
ff8618a9-8c12-4be9-9a64-8669dc499c72,#-1:f966b4e6-f384-4b76-a951-6b4f9b4b07b3,#-1:a5429edf-a6a7-4b13-a81e-ec0ba15151cd,0.8160145060721121,0.3751583348109415,-0.4408561712611706,"[-0.4591976400544431, -0.42959414807119195, -0.4337767256578766]",-0.4591976400544431,False,-1,1632,-0.6850880713594681,-0.7067946425114301,"[-0.6762729034572078, -0.6721966681097665, -0.7067946425114301]"
815490ce-e4b7-4346-b503-0bf783f8039a,#-1:4e291cad-b5d9-4af6-bcdc-2ca1b9615866,#-1:dd83548c-378c-41b9-8cb3-9f7a0169eb4f,0.7525490255980102,0.3084952146206103,-0.4440538109773999,"[-0.45599288267035326, -0.4592884989986724, -0.41688005126317423]",-0.4592884989986724,False,0,837,-0.750051760243457,-0.7651478088962529,"[-0.7545413929987975, -0.7651478088962529, -0.7304660788353206]"
3dae96f0-31e7-4b53-acce-c1fa8b8cd5bb,#-1:5b53d95f-51ee-4372-a7bc-bc23915f3f2a,#-1:2e083674-d2a7-43ee-b758-89a6a6e682f0,0.45095136673410047,0.003738589051366013,-0.44721277768273443,"[-0.44924067057079076, -0.4656439508211286, -0.4267537116562839]",-0.4656439508211286,False,-1,429,-0.67944790594581,-0.7054777840806822,"[-0.6609111234478603, -0.7054777840806822, -0.6719548103088875]"
475d1f3d-e1bf-403e-9e76-809ad4fef7fc,#-1:b427a5d7-a43e-46fc-9527-a895e67bbf78,#-1:bbca575e-7027-4ee4-bb10-f0d1b8f7ba01,0.46599570813347535,0.004728555375101283,-0.46126715275837404,"[-0.4671980210088121, -0.46944802573626027, -0.44715541153004995]",-0.46944802573626027,False,-1,481,-0.68853635296754,-0.7191377720581184,"[-0.6793752095833041, -0.7191377720581184, -0.6670960772611972]"
49ac4be5-bdae-4acb-a8fe-8ac7d980f7a2,#-1:5e75be90-61d3-463e-9ea6-bdbbd293ff82,#-1:2885e522-8bb5-42f4-a28c-ea2854ef3faf,0.6847762613994703,0.23348358165535296,-0.45129267974411735,"[-0.45017450800805703, -0.4311000606684433, -0.4726034705558519]",-0.4726034705558519,False,-1,501,-0.7554394589795007,-0.7650363862759887,"[-0.7564529025046813, -0.744829088157832, -0.7650363862759887]"
e8fd1bde-a5b5-43e5-b09f-f7fb337e9303,#-1:bc50ee9b-e68d-478b-81dc-a864fffe2b23,#-1:6bf1e939-785c-4409-97e5-70479f6d1f49,0.623373403746119,0.17289150010886487,-0.45048190363725416,"[-0.43431585095805636, -0.4443824430566959, -0.47274741689700994]",-0.47274741689700994,False,-1,1486,-0.7780903208579826,-0.7838212061180941,"[-0.7838212061180941, -0.7697240251583527, -0.7807257312975007]"
2fd66a2a-f7fd-406f-8dc7-3da61dbe5937,#-1:afa2e18c-6c69-490f-8ef1-40d00706a882,#-1:fe67a2f7-7926-4bfd-a0e0-6c8aee02d2e2,0.5688739365221156,0.10948249333297115,-0.45939144318914443,"[-0.43131967609614075, -0.47198777125396363, -0.4748668822173289]",-0.4748668822173289,False,-1,318,-0.8183982312550048,-0.8315187015793258,"[-0.8137933687746866, -0.809882623411002, -0.8315187015793258]"
d582337a-5963-4f8b-b2f3-d5a9088a4085,#-1:e559c483-4a3c-435b-9f50-f1a0beb09b4c,#-1:d13556bb-47b2-4432-af65-2f4790a0c568,0.962084474821192,0.486027216757891,-0.47605725806330096,"[-0.4775252452812919, -0.4729708426786095, -0.47767568623000145]",-0.47767568623000145,False,-1,1356,-0.9599185556097622,-0.9658397841223251,"[-0.9548457391277292, -0.9590701435792324, -0.9658397841223251]"
030b54a3-d340-435f-b205-693256dd23a5,#-1:6806bdb5-7272-4d27-96bb-4e7a5b1153c5,#-1:0059ed58-1c96-4ef9-a8b3-bf35d0934845,0.9637633287514796,0.4968645300168153,-0.46689879873466433,"[-0.45723692431766505, -0.460509661262959, -0.482949810623369]",-0.482949810623369,False,-1,21,-0.9481656882226458,-0.9586882345244628,"[-0.9586882345244628, -0.9474454889368019, -0.9383633412066728]"
85a332fa-3a7d-402a-b728-1a3284e2c593,#-1:13219df1-9d8f-4506-8bf6-a0873c9a4f4a,#-1:8b963fb9-61f7-424e-a213-7baca16ab876,0.6758382763290506,0.21111579125025307,-0.46472248507879754,"[-0.461014312562787, -0.44737942916099027, -0.48577371351261556]",-0.48577371351261556,False,-1,862,-0.6255799738703124,-0.6347973561996245,"[-0.6347973561996245, -0.6104199696723308, -0.6315225957389818]"
b519c699-b41b-4963-9e1b-39af42dce5b9,#-1:2fe0d062-9ddc-4449-86e0-d14781bd3c49,#-1:c89a1114-33b6-482d-9748-56132771d562,0.9443279901898004,0.48665349302639,-0.4576744971634104,"[-0.4340539917865255, -0.4867443640861273, -0.45222513561757843]",-0.4867443640861273,False,-1,1176,-0.9753339450403079,-0.9775840452348012,"[-0.9765757697415971, -0.9718420201445257, -0.9775840452348012]"
b811a93c-32cc-4953-b65d-24a10cdf12e7,#-1:9e1bafe2-3d21-4cff-b545-624d1bd6b670,#-1:771697d6-07d1-43fa-b2ac-6e8ad5333a5c,0.49248369558348787,0.01377023186937787,-0.47871346371411,"[-0.4598755246694983, -0.48810840773589653, -0.4881564587369352]",-0.4881564587369352,False,-1,1192,-0.701930978142166,-0.7109228506661932,"[-0.6911192000317807, -0.7109228506661932, -0.7037508837285239]"
e8ff7762-a1bb-41e5-8219-95482d394cb5,#-1:b3580cd2-fbbd-4576-9660-25ef739faf82,#-1:c43429fb-3543-4fc4-aeed-2c6b54f93e2b,0.9661366719911494,0.49106955223138327,-0.4750671197597661,"[-0.47637319591319927, -0.49052508519168325, -0.4583030781744156]",-0.49052508519168325,False,-1,1487,-0.9379392922832611,-0.9435651732516468,"[-0.9382390090035636, -0.9320136945945726, -0.9435651732516468]"
7a3a0e5d-ecc6-4db4-8fc4-2c9b6b416c62,#-1:ba0d5325-49a7-4110-8646-1505ca4e507b,#-1:1dba1e4c-9264-4fdb-8316-8ebc6d5f1c3c,0.8371278154386314,0.3879661702038077,-0.44916164523482366,"[-0.491544013990481, -0.4400794381128815, -0.41586148360110836]",-0.491544013990481,False,-1,800,-0.9470757383281193,-0.9515925794097374,"[-0.9515925794097374, -0.9460272289108985, -0.943607406663722]"
6e1a725e-9a28-457e-9217-ca79b9db5936,#-1:38752207-49d4-4b4c-9800-a3db2c09b5fc,#-1:faf8052b-0f67-4b43-bd03-75d959cdc42d,0.969413653868053,0.49734910610100064,-0.47206454776705237,"[-0.4937816195975671, -0.4350594177630912, -0.487352605940499]",-0.4937816195975671,False,-1,729,-0.9036702217146831,-0.9155408218505589,"[-0.9155408218505589, -0.8867317483220724, -0.9087380949714182]"
cf28eee0-7a00-4692-afc6-ac70f92c756d,#-1:89955b33-d60b-46e4-aa99-7e88a6542f05,#-1:506267b5-4feb-42e1-9cb7-63d73cba9ded,0.8930342725681739,0.40432505976921845,-0.48870921279895546,"[-0.48443022082852505, -0.49412756043307965, -0.4875698571352617]",-0.49412756043307965,False,-1,1312,-0.8755788004635249,-0.8891701911057605,"[-0.8891701911057605, -0.8781193959170992, -0.8594468143677151]"
3d6e33f0-ebf3-4d6b-bed4-7a7032d5d5aa,#-1:2942c15d-6255-4c85-835e-ffcf0c54ce71,#-1:c0c4c9a2-1c00-4b7d-a1c6-d1dd343db9cb,0.6280410764051804,0.14845756762924076,-0.4795835087759396,"[-0.47546721105981515, -0.4957400396236077, -0.46754327564439613]",-0.4957400396236077,False,-1,428,-0.8933773144306052,-0.9110050240163414,"[-0.8812743026450566, -0.8878526166304177, -0.9110050240163414]"
d264faf8-f73a-4bbb-806f-d7156f44090d,#-1:01997003-e36a-4168-87fa-3778fa8ca23a,#-1:70f6eb5b-b6ad-49a5-b95a-10d2fb25e2f0,0.5051385449548115,0.010462043333969542,-0.4946765016208419,"[-0.4934836382649574, -0.496166619698166, -0.49437924689940255]",-0.496166619698166,False,-1,1336,-0.901758844996221,-0.9093114308549208,"[-0.900778947178919, -0.8951861569548234, -0.9093114308549208]"
fbffbf7d-cfb1-4caa-96ba-1851479db159,#-1:935071aa-a5e2-481f-b524-f5fa6fc3a5b7,#-1:b8a1b23e-40d5-4cee-9bf3-ea914334b8b6,0.8728391860844971,0.38138540903625917,-0.4914537770482379,"[-0.49673127023890484, -0.4891042146639594, -0.48852584624184964]",-0.49673127023890484,False,-1,1607,-0.9483282422199902,-0.9529611223548082,"[-0.9425692718040557, -0.9494543325011066, -0.9529611223548082]"
aea4b743-f10f-40b7-b68e-1ca8272f5571,#-1:5962833a-5f32-4c6d-8665-89c342a3251e,#-1:ebe32d8e-de8e-4376-b1c5-69c193a0db2c,0.9048938924326392,0.41020172085696843,-0.49469217157567075,"[-0.49961407950976267, -0.4877897602780479, -0.4966726749392016]",-0.49961407950976267,False,-1,1130,-0.9402538151920296,-0.947096333419082,"[-0.947096333419082, -0.9391806668184381, -0.9344844453385686]"
b13e139d-9e96-4980-94b2-f507d80166a0,#-1:ccafa882-0da4-43db-96db-26b11dade51d,#-1:a7519789-b6f7-41a4-b125-0ede9384d0a7,0.9038112098316033,0.4244704930643797,-0.4793407167672237,"[-0.47667132155744407, -0.461315268146699, -0.5000355605975277]",-0.5000355605975277,False,-1,1142,-0.7752616441567773,-0.7853380375278685,"[-0.7853380375278685, -0.7631981249296957, -0.7772487700127679]"
18bb775d-0d87-49eb-894c-b90741f8b26d,#-1:d20fd18d-74c7-47f3-8e22-6c2977b56a70,#-1:a6107e0f-b53f-4a42-aea8-102b18f8547b,0.5779052372102714,0.11384637305634264,-0.4640588641539288,"[-0.42056116190591675, -0.5004797940393653, -0.47113563651650425]",-0.5004797940393653,False,0,182,-0.7751103882569993,-0.7924955189014585,"[-0.7772139574507694, -0.7556216884187701, -0.7924955189014585]"
4b8e9156-e66f-47ae-8a80-28de6d739c81,#-1:e4d548d4-ad6e-49a3-81d3-dd2c440d69f3,#-1:dbd8c90d-0a52-4b41-b8ea-19e9631e6629,0.9944994110600077,0.524420967393254,-0.4700784436667538,"[-0.5008076545646949, -0.46936920309961616, -0.4400584733359505]",-0.5008076545646949,False,0,511,-0.490224077531268,-0.5048287623870567,"[-0.4908043734092843, -0.4750390967974631, -0.5048287623870567]"
fe0953bb-8bb1-4dfd-82dc-bc103c9a70a0,#-1:6174dcc4-320b-4510-a119-cc574a76d927,#-1:619a69df-3c7e-42ab-9cc6-c3c9634a3a91,0.9998133703928924,0.5017317706713186,-0.49808159972157384,"[-0.492784421187194, -0.5015868482299096, -0.4998735297476176]",-0.5015868482299096,False,-1,1620,-0.9675461434271244,-0.9759569394083012,"[-0.9759569394083012, -0.963351830057224, -0.9633296608158483]"
453e2a00-53d3-43bd-97f6-5fa5db2d755a,#-1:2352d40a-9af6-465f-93bb-82e698e80fc1,#-1:34380c28-1c22-48ea-9644-39b97b53b94e,0.9729639236832783,0.4877415470404139,-0.48522237664286444,"[-0.4723325734405437, -0.48004927095687644, -0.5032852855311734]",-0.5032852855311734,False,-1,470,-0.7844140579432558,-0.7888400278293141,"[-0.7888400278293141, -0.785181290283933, -0.7792208557165204]"
3990aa4e-d24d-4074-916d-c9c03b887a89,#-1:9387595e-6b2c-4be6-af0f-cd552074da43,#-1:85979738-10e7-4e55-a56a-c4737ce1a329,0.7443827567999327,0.24909063938312256,-0.4952921174168101,"[-0.49457659732466985, -0.5048143104187515, -0.4864854445070089]",-0.5048143104187515,False,-1,398,-0.8476280875175893,-0.8529051667619189,"[-0.852433579896256, -0.8375455158945929, -0.8529051667619189]"
7fd61a1d-df00-44e5-a17f-4c0bf31377c8,#-1:5c238680-39f6-4ecb-9901-30bf635e7302,#-1:0b64f025-1d08-422b-b703-39890bc3f1fc,0.6430514093002467,0.1526107401087991,-0.49044066919144763,"[-0.49001210020035535, -0.5057248079269888, -0.4755850994469986]",-0.5057248079269888,False,-1,832,-0.8975275001177566,-0.8998039076708101,"[-0.8981492725655288, -0.8946293201169311, -0.8998039076708101]"
7ab79866-1599-4cd0-b8b3-8277d7a513ab,#-1:e6ff781a-8933-4208-b70e-0e46a87785d2,#-1:5631844b-f52b-45f7-a616-4b66d7be8bc8,0.49061910448449053,0.0035737373602374965,-0.48704536712425306,"[-0.4972925611939257, -0.5080815707880969, -0.45576196939073654]",-0.5080815707880969,False,-1,803,-0.6061523126780527,-0.6107236959647278,"[-0.6073140958526154, -0.6004191462168148, -0.6107236959647278]"
bc6ad01c-a32d-4494-8546-e832011e847d,#-1:1ae09054-604f-4ad8-95bb-c6546672e746,#-1:c57aa3c4-95cb-4258-b82b-9e6ca790cee2,0.8932896023001419,0.3971438244965529,-0.496145777803589,"[-0.47749814894041, -0.5024989537979422, -0.5084402306724145]",-0.5084402306724145,False,-1,1209,-0.742900033324911,-0.7475081765827883,"[-0.7436439695428193, -0.7375479538491254, -0.7475081765827883]"
e5895082-b194-45f7-9e6d-eb673292fdc0,#-1:5bd337d7-1ea3-45b7-af6e-08b6d6e54b5c,#-1:b09f8511-fb03-49ec-920a-25a3ba7fa15e,0.6212862594636904,0.12203991686711656,-0.49924634259657386,"[-0.5093414066362693, -0.49335700909787067, -0.49504061205558136]",-0.5093414066362693,False,-1,1463,-0.9144133233946904,-0.9239753576879318,"[-0.9123724863655902, -0.9239753576879318, -0.906892126130549]"
19c2db08-b083-47d2-8d1f-cf1c564d0064,#-1:e09f3b59-35fa-4b5f-8f19-3cb4536e7223,#-1:045586e7-e48c-4d15-ba0a-a11e7d2d1059,0.6543996224444132,0.15257621673551924,-0.5018234057088939,"[-0.5112874425685322, -0.48337494078501375, -0.5108078337731361]",-0.5112874425685322,False,-1,189,-0.6528221349307675,-0.655870200005785,"[-0.655870200005785, -0.6555831115296836, -0.6470130932568336]"
397e7d32-10d3-4d8c-9db4-74225ae53600,#-1:36ddcde5-44e8-4ffe-9908-8cc36ce921e9,#-1:eeb5bba4-b486-4288-90e5-5c689ee251c3,0.6335125149684278,0.1372894713134352,-0.4962230436549926,"[-0.5117649394513376, -0.4803389339902514, -0.49656525752338876]",-0.5117649394513376,False,-1,396,-0.8765801265651957,-0.8823524361834908,"[-0.8813362168061745, -0.8823524361834908, -0.8660517267059217]"
3e469067-1cff-43fb-84c8-69ec06a7099f,#-1:8365acf8-a172-43ba-a0ac-43963b7608cb,#-1:52360d66-3c15-404d-a34e-108fe90cee5b,0.8633100608036356,0.3837876932715531,-0.4795223675320825,"[-0.47120787131866504, -0.45523862788964237, -0.5121206033879402]",-0.5121206033879402,False,-1,431,-0.39165656551153605,-0.4041048282961817,"[-0.3702953038231612, -0.4041048282961817, -0.4005695644152652]"
77b392bc-6d20-4d33-8aae-7af1e5a632cc,#-1:8381ee08-8bc3-4b94-9436-463bcfc44fd0,#-1:552993eb-2c87-4808-b75f-1ef8e49e81a6,0.9199642647655244,0.42635996822646244,-0.49360429653906196,"[-0.5146529151498904, -0.4818316212166254, -0.4843283532506698]",-0.5146529151498904,False,-1,786,-0.9259068775758298,-0.9333445695963485,"[-0.9299241497134667, -0.9333445695963485, -0.9144519134176743]"
682f8ef8-96ec-4e6b-9ec2-73f8feb97eee,#-1:04009e2a-19e6-47ab-b4dc-926794054a79,#-1:0099e9d8-782e-4448-910b-d7fed7800853,0.6204078526755591,0.11418029446417927,-0.5062275582113798,"[-0.514812177400789, -0.5028602583838543, -0.5010102388494961]",-0.514812177400789,False,0,686,-0.5662086309965767,-0.5737843033582654,"[-0.5731836008634538, -0.5737843033582654, -0.551657988768011]"
5036c777-2ba7-4dd8-a9a0-e2d35146e68b,#-1:4e1311a7-10c0-4d2e-a534-7fc9a30d0b7f,#-1:d62b96fe-8909-4098-a1b8-d296ea98ac7e,0.8746312299936679,0.3668210973802526,-0.5078101326134153,"[-0.49627186429403847, -0.5154401644217546, -0.5117183691244529]",-0.5154401644217546,False,-1,536,-0.8304400025329373,-0.8447172674090094,"[-0.8447172674090094, -0.8254192121195604, -0.8211835280702421]"
388011b5-a0df-440d-aeb0-f7e38f78542e,#-1:fd2731b8-4d90-4e41-bc5a-be72138bcc3c,#-1:84501b46-1649-453f-9246-6e7a440cc2dd,0.6272879979170286,0.14492239335934223,-0.4823656045576864,"[-0.4556938763490438, -0.47458175275996056, -0.5168211845640547]",-0.5168211845640547,False,-1,389,-0.9299638135677432,-0.9305969934521131,"[-0.9287530277669779, -0.9305414194841383, -0.9305969934521131]"
cbbd8ae8-72d0-4b34-ad28-0bb0823b722b,#-1:dda4971b-b685-4a6c-9e59-201eb0e4b83e,#-1:9a0b1dae-bcaa-4c63-8663-c3c29fca5f9b,0.8393974518998611,0.3372061167933647,-0.5021913351064964,"[-0.48235893851885964, -0.518313517373175, -0.5059015494274548]",-0.518313517373175,False,0,1291,-0.5625500605330765,-0.5857042875995302,"[-0.5581558286158286, -0.5437900653838706, -0.5857042875995302]"
ef281a23-5a01-4a76-9532-bb2825845c63,#-1:07aa9181-e6f5-4a51-91b4-c1485a5e543f,#-1:1f42a56b-ae53-417e-92fa-432432d25b88,0.7375376565554741,0.2336745394712928,-0.5038631170841813,"[-0.5198058615053025, -0.4826026834253232, -0.5091808063219181]",-0.5198058615053025,False,0,1531,-0.7929508794492609,-0.7983015174765108,"[-0.7949425147072647, -0.7983015174765108, -0.7856086061640073]"
894c1dc5-d3d4-40ba-8310-e6b8c379ae1c,#-1:88d82a15-e013-4718-bc98-0080833e2e75,#-1:968b5104-fc60-4e35-98e7-8e9b7520a211,0.6771876104264983,0.1855069767262204,-0.4916806337002779,"[-0.5200928084361927, -0.46008529035266776, -0.49486380231197336]",-0.5200928084361927,False,-1,887,-0.8236423419414137,-0.8352014156323112,"[-0.8104702133394962, -0.8352014156323112, -0.8252553968524338]"
cbf40fa3-d481-4dd6-8782-c9b3171590ec,#-1:2c548c74-ea6a-4e2c-8f46-5b7d61c68e51,#-1:cf5200db-ef63-49e4-9cfb-a371ece6e849,0.9008568215122364,0.3930364579523175,-0.507820363559919,"[-0.5212017400431461, -0.4935449954778103, -0.5087143551588007]",-0.5212017400431461,False,-1,1294,-0.8230396901906293,-0.8349260835678867,"[-0.8159161033143352, -0.8182768836896662, -0.8349260835678867]"
8343dc15-9f47-4034-bf56-ce462e3b4ac3,#-1:d09af862-c684-4675-8fbf-e753d1f54d05,#-1:56e5ddcb-d454-467f-90fc-27e38d84230e,0.921709315623426,0.40682730681961915,-0.5148820088038069,"[-0.5216976900742961, -0.5158417624630677, -0.5071065738740566]",-0.5216976900742961,False,-1,847,-0.9295726513278871,-0.9355566661157629,"[-0.9266048054621979, -0.9355566661157629, -0.9265564824057005]"
1482a156-37ed-4c91-9f73-7a7cf9b1e188,#-1:3a5d00b2-54b4-4a6e-94d5-397d1f805a1a,#-1:4d17ad28-f951-4239-af07-2b5ef0abb31e,0.8653083166168981,0.35986551257874305,-0.5054428040381551,"[-0.5005471973167124, -0.5219057039235077, -0.49387551087424525]",-0.5219057039235077,False,-1,152,-0.935303582510424,-0.9414948889837096,"[-0.9325152430303639, -0.9319006155171984, -0.9414948889837096]"
5ffbae30-a83d-42ae-9ba0-720f792d8aff,#-1:22ee3305-9772-4aac-a8f2-45a48faea3a5,#-1:1f38421a-daa6-4178-8983-6b871fa2bfdf,0.9537297977485754,0.43710612161439166,-0.5166236761341837,"[-0.5237887682126794, -0.5080237329901416, -0.5180585271997303]",-0.5237887682126794,False,-1,639,-0.7369348665504711,-0.7440294235470013,"[-0.7440294235470013, -0.7335341874725817, -0.7332409886318305]"
0163d827-da40-4802-834b-3e08f36cab63,#-1:8841b765-87e5-425b-a330-394865fc51ed,#-1:07502ff7-dd0f-4279-af8a-c30b38b2abf3,0.917897010524337,0.4114892765935181,-0.506407733930819,"[-0.5246749655932634, -0.4909673112829628, -0.5035809249162309]",-0.5246749655932634,False,-1,11,-0.773114915890031,-0.7893587055180405,"[-0.7651216665308864, -0.7893587055180405, -0.7648643756211658]"
0742ed62-c499-474b-b89e-946efc637b76,#-1:4adccc4b-b300-4537-b914-c298413f4234,#-1:a849539a-6382-46d9-bf10-240ee69ce6b0,0.886414662054135,0.36863208341055936,-0.5177825786435757,"[-0.5091226608509964, -0.5174588974063876, -0.526766177673343]",-0.526766177673343,False,-1,50,-0.9351756875114882,-0.9369947743856419,"[-0.9329049188370114, -0.9369947743856419, -0.935627369311811]"
c456d8bd-c65f-4cd1-a287-102c413658ed,#-1:64a8fc3c-c41c-497e-9500-6742f6833a42,#-1:ad353054-5ba6-4b4d-8469-4c5dfae37c39,0.8555439841153168,0.33462769503436274,-0.5209162890809541,"[-0.5225153993615677, -0.5122735860104093, -0.5279598818708857]",-0.5279598818708857,False,0,1248,-0.827920288369057,-0.8417097199483671,"[-0.8138722608929828, -0.8417097199483671, -0.8281788842658209]"
05235ebe-9c0c-4e22-ae97-b3c6a7a28ab6,#-1:c684e794-9d99-47bb-a465-c2ad295139bf,#-1:92917b45-2ca4-4da3-93c0-b19b955b6c03,0.6449096639866677,0.1157836577138131,-0.5291260062728547,"[-0.5295483134221151, -0.5297605044381177, -0.5280692009583312]",-0.5297605044381177,False,-1,37,-0.9021040806682913,-0.9026222545519498,"[-0.9019834191560372, -0.9026222545519498, -0.9017065682968871]"
eb5aa3ce-0390-4d88-9578-5a130b1d7178,#-1:1bb9f592-d1c7-452b-a302-b006be591082,#-1:9c6225ea-0f77-43d3-a082-077a8ca74af3,0.963552864137713,0.45103965233653165,-0.5125132118011814,"[-0.5094883196609058, -0.49731387140777994, -0.5307374443348583]",-0.5307374443348583,False,-1,1505,-0.8008899382539111,-0.8072772858645116,"[-0.8072772858645116, -0.7922135030284297, -0.8031790258687916]"
c91e8f9d-b9f9-4160-9e70-0e6b49cea5c5,#-1:581b0a62-d53f-4733-8853-a0b83f3ba1e2,#-1:100bda1b-d403-40cf-912a-2066ccb4884a,0.6802660127162166,0.15826949228658224,-0.5219965204296343,"[-0.5257691700924568, -0.5089762954853392, -0.531244095711107]",-0.531244095711107,False,0,1271,-0.6028926504893543,-0.613140237234934,"[-0.613140237234934, -0.5973662610781709, -0.5981714531549576]"
87cb92ac-49ef-4552-97cd-e3a174891275,#-1:14cbc867-b0f0-4f9d-a0ac-92287a8b7382,#-1:fb67f345-db2d-44d0-95bc-37b81f582861,0.8046504510360508,0.28120707223514696,-0.5234433788009039,"[-0.5138702448526173, -0.5318209219173813, -0.5246389696327127]",-0.5318209219173813,False,-1,879,-0.7956116474283547,-0.8048825165395797,"[-0.7982105694494365, -0.8048825165395797, -0.7837418562960478]"
3766b19f-196f-4b8e-9822-253548424de7,#-1:ced24889-9bc0-465e-ab14-4f5ab74dfeed,#-1:a0a93cf3-25d4-4ac7-b254-068ed43236ea,0.6365658231463759,0.11612289304486179,-0.5204429301015141,"[-0.5051055907557879, -0.5363082159511985, -0.5199149835975557]",-0.5363082159511985,False,0,376,-0.7553392744095593,-0.7756110397335171,"[-0.7756110397335171, -0.7395603305477568, -0.7508464529474037]"
53b06953-e472-4bd0-8c4b-590e5fb313d9,#-1:4b775403-5c23-4b59-9096-3f9d36c19efa,#-1:d5e654f7-311a-4539-97d4-0e0c69514f8c,0.5395545799732012,0.004321103770209994,-0.5352334762029912,"[-0.5357749910073863, -0.5326062989355582, -0.5373191386660293]",-0.5373191386660293,False,-1,552,-0.8032716275857686,-0.8065798810006165,"[-0.8049716280823782, -0.798263373674311, -0.8065798810006165]"
38edd3c3-9fb2-4ebe-9d85-92db07e730d0,#-1:eec774aa-a297-4de5-97bf-ba1c8ed44122,#-1:9d336c0a-ab6d-4813-946a-7818521dd7c7,0.9754672358455599,0.4499017965858731,-0.5255654392596869,"[-0.5374989932847406, -0.5045614602944994, -0.5346358641998206]",-0.5374989932847406,False,-1,391,-0.7489715139442529,-0.7509396624904082,"[-0.7509396624904082, -0.7452354447120741, -0.7507394346302761]"
61ac7808-325d-4170-b397-4cf762eb70e7,#-1:f4d02c7f-bc96-4f40-a9ad-22325cf1cb98,#-1:96422fed-ce7a-422f-945e-e51882095bac,0.6440297599734951,0.11125284259014583,-0.5327769173833493,"[-0.5380537527390701, -0.5231531100985509, -0.5371238893124268]",-0.5380537527390701,False,-1,648,-0.8547509695978922,-0.8567909684171656,"[-0.8567909684171656, -0.854754233013903, -0.8527077073626078]"
c6b144ec-3567-44bd-aeb3-8591b509cb14,#-1:5fc0163c-4122-453f-9c3c-1d053bc5c036,#-1:7df97f3e-b541-420d-916d-2d86036fef71,0.5206903796630176,0.0010256461430994909,-0.519664733519918,"[-0.5104810394420973, -0.5401222922574133, -0.5083908688602436]",-0.5401222922574133,False,-1,1262,-0.6659799420174984,-0.673900114974474,"[-0.6651096761959269, -0.6589300348820946, -0.673900114974474]"
2b2df5a2-24c3-48e6-b48e-ff28b7ef81cc,#-1:f6e17a30-bb06-4af5-8e1f-b9b1d69f58eb,#-1:8da6c8e7-85b5-4364-8ad3-f3e9d5473ea8,0.584559517444546,0.054719684589937374,-0.5298398328546087,"[-0.5177289663685587, -0.5303138647723198, -0.5414766674229478]",-0.5414766674229478,False,-1,289,-0.5729325272001037,-0.5943943508830184,"[-0.5753817665605344, -0.5490214641567582, -0.5943943508830184]"
e4c816c6-718c-444e-a76e-e1f12e5fe81f,#-1:2240bebc-f823-4b4a-a24f-0b1ff1b330ca,#-1:765b585c-951e-40fd-b4e0-505c84e6726f,0.553176122683169,0.01918861419676107,-0.5339875084864079,"[-0.5422425127293744, -0.5403598308821849, -0.5193601818476643]",-0.5422425127293744,False,0,1457,-0.5920517362623505,-0.6119082340497466,"[-0.6119082340497466, -0.5713919225465133, -0.5928550521907916]"
4a297ff0-c497-4cec-a2f0-fe0918a97f1d,#-1:58b4045a-e07e-4668-b361-29aa79f8bae6,#-1:6afc3e50-bfe7-4fd8-8262-40b9c309673b,0.9486089634084144,0.4103648618918932,-0.5382441015165211,"[-0.5367612158937145, -0.5353849709467174, -0.5425861177091313]",-0.5425861177091313,False,-1,507,-0.708177982464116,-0.7264687882671049,"[-0.7087153845050287, -0.7264687882671049, -0.6893497746202149]"
add84afb-cbd1-4865-8bcb-46656297b03d,#-1:7319d915-e258-4e9d-be17-ee6b0ce17b1d,#-1:9d4f18a5-47da-4cba-9478-18271bfee1e5,0.6723042041177001,0.13862654225800433,-0.5336776618596958,"[-0.5201366850028684, -0.535377057810589, -0.54551924276563]",-0.54551924276563,False,-1,1124,-0.7115779854171048,-0.7301376391564627,"[-0.7032432566817549, -0.7013530604130969, -0.7301376391564627]"
4680d035-8604-4bf2-a66b-3f2de78b2324,#-1:6219c016-f25b-435a-9b24-e084f77b37bb,#-1:3569d735-5495-4ad3-bcd4-5f749a56b345,0.854564326568167,0.3214644344582463,-0.5330998921099208,"[-0.5354103247055915, -0.5462919384220606, -0.5175974132021102]",-0.5462919384220606,False,-1,478,-0.95851850117175,-0.9600728251329012,"[-0.9570661704082501, -0.9600728251329012, -0.9584165079740986]"
171c2188-50f8-4363-8702-15b918b55626,#-1:0ba79a22-7b4d-440b-aa9e-8a00735e63e4,#-1:268d1ffa-30e6-4bfc-9bba-8eb11e9bda16,0.7995500289725541,0.2792381300892066,-0.5203118988833475,"[-0.5486396747294857, -0.5270174613627017, -0.4852785605578554]",-0.5486396747294857,False,-1,169,-0.8569302763207455,-0.8647644097373851,"[-0.8476317498721198, -0.8647644097373851, -0.8583946693527313]"
b682d0d7-abae-4809-be94-1a41172efcb2,#-1:4dc9e787-e01d-4995-bcdf-c74e47a9c18b,#-1:769d6f22-02c8-4086-9219-699185fbd296,0.5432414081839302,0.002471984336130335,-0.5407694238477998,"[-0.535480600581624, -0.5533452093500719, -0.5334824616117035]",-0.5533452093500719,False,0,1182,-0.4404347123911323,-0.4510839795243273,"[-0.4510839795243273, -0.43211035818885213, -0.4381097994602174]"
38aac20c-9377-4b1f-84ca-91871dee8bce,#-1:81a3cff5-c73f-498d-8e8d-e68d9d31a152,#-1:49f423c4-4c8f-43dc-a48b-7d7f0213a972,0.5421481918035252,0.004321103770209994,-0.5378270880333152,"[-0.5263488589206349, -0.5559104524705183, -0.5312219527087926]",-0.5559104524705183,False,-1,390,-0.7462203386685777,-0.7527528897138268,"[-0.7425654812201268, -0.7527528897138268, -0.7433426450717796]"
9bb42469-ea6b-4ed6-ba9f-9195549bfabc,#-1:a20e6698-fc28-4f98-bf79-cba304668cfa,#-1:98fbb6d7-cac3-4bce-aa37-7c9b1abe979d,0.6828804673555663,0.1429736207317102,-0.5399068466238561,"[-0.5572889525923694, -0.5184021990128804, -0.5440293882663184]",-0.5572889525923694,False,-1,1009,-0.8669345236635917,-0.873167597968144,"[-0.873167597968144, -0.8638360514467243, -0.8637999215759068]"
64aa5c5e-b25a-4abb-8fd0-373dacf13a89,#-1:156c3b79-0f68-413b-975b-39be1dc865b0,#-1:d9a458ee-3668-443a-a1f0-af7704afd7e0,0.9172558432631446,0.3641110270848043,-0.5531448161783403,"[-0.5558984328380097, -0.5585037101537356, -0.5450323055432755]",-0.5585037101537356,False,-1,664,-0.9131500713218372,-0.9252667568814053,"[-0.8997649965071084, -0.9252667568814053, -0.914418460576998]"
0296c7a0-b57b-4b19-867d-053045949999,#-1:2c6b81c5-a0f1-4ba1-9df5-9a01dfb9b253,#-1:a300621c-c0ea-420a-85c2-92f37fce963d,0.5462612017265552,0.0012224856930095355,-0.5450387160335457,"[-0.5378187391959275, -0.5588926277160007, -0.538404781188709]",-0.5588926277160007,False,0,19,-0.43770831189647064,-0.4528791650006701,"[-0.4440697680634419, -0.41617600262529997, -0.4528791650006701]"
4593d1c3-2af3-482e-b1b8-734341fe0da1,#-1:cfdb2154-2ef0-49a7-a250-cb1233b32fef,#-1:3d8c66c8-2651-427e-8e59-0330ce4f4cd5,0.9896008857012742,0.45322355064841896,-0.5363773350528553,"[-0.549973063008792, -0.5599857218868056, -0.4991732202629684]",-0.5599857218868056,False,-1,472,-0.9853712852558583,-0.9879613819304054,"[-0.9836876535233717, -0.9844648203137976, -0.9879613819304054]"
2f2ea13f-5a13-45e7-a28e-932ebe505136,#-1:4a702ba0-9c17-43a5-a088-a6bbeb65b013,#-1:667c02ff-28fd-430d-ba24-5f318cddd530,0.6643011958609322,0.11116417026909294,-0.5531370255918392,"[-0.548792164729792, -0.5486929998623615, -0.5619259121833642]",-0.5619259121833642,False,-1,313,-0.758095091974063,-0.7617418465659953,"[-0.7617418465659953, -0.755357010435585, -0.7571864189206089]"
75f51bec-8c37-48d5-a0c3-c606578e529a,#-1:ea819d87-e030-4099-89a1-62f623a12492,#-1:1be9d8cd-299f-43e2-9bcc-fc5448e148ed,0.7618829666910395,0.22119731907616033,-0.5406856476148791,"[-0.5205124009934217, -0.5656541463165039, -0.5358903955347122]",-0.5656541463165039,False,-1,778,-0.8971258503253722,-0.8993564337742896,"[-0.8977096612585225, -0.8993564337742896, -0.8943114559433044]"
bfa0b1ed-4d97-4319-812a-4fff40248646,#-1:978ae270-5887-4749-bb07-113420dcb799,#-1:77ac1a25-92ed-4df0-aaee-e94a40527ebe,0.5516736334683463,0.0012224856930095355,-0.5504511477753368,"[-0.5406168878845392, -0.5660605159041718, -0.5446760395372993]",-0.5660605159041718,False,0,1220,-0.4446097641479229,-0.4562938780653832,"[-0.44773340442707815, -0.4298020099513073, -0.4562938780653832]"
a778b064-c4b1-43af-b020-c284c02cc159,#-1:f501de31-90e6-445f-b0d4-6f2a1dfe0e2f,#-1:b8d34662-15f2-4db3-9444-1c2422bef4d5,0.7130457091091046,0.1497998601771554,-0.5632458489319492,"[-0.567873519821555, -0.5614022906418116, -0.5604617363324809]",-0.567873519821555,False,-1,1088,-0.7894608148684278,-0.7953724990925397,"[-0.7857733084015113, -0.7953724990925397, -0.7872366371112322]"
c1256db5-5330-4544-8807-2c8cfae48563,#-1:2adec63f-4dc9-45b8-9df0-097327519723,#-1:1f759db5-ec5f-41ea-bae5-a79179a0245c,0.9498388198420876,0.3898119280476031,-0.5600268917944845,"[-0.5697129560112877, -0.5584980098876478, -0.551869709484518]",-0.5697129560112877,False,-1,1229,-0.9410480378699951,-0.9479017908860389,"[-0.9362691560844472, -0.9389731666394994, -0.9479017908860389]"
a688a691-f843-495d-8f24-53450a41fb1d,#-1:b3a33b71-70a9-47ac-9d02-241dc0fce15a,#-1:8119b1d4-955a-4983-938a-30fc69b53312,0.5579392363544856,0.0016995000778909936,-0.5562397362765946,"[-0.5737899625763382, -0.5333319074804379, -0.5615973387730075]",-0.5737899625763382,False,0,1082,-0.5313465718929343,-0.5360018299928652,"[-0.5241531512173404, -0.5338847344685974, -0.5360018299928652]"
fe92ef7a-a2c0-4a10-a947-c0686dfa1104,#-1:94856516-9d93-46a1-a16d-482c9a82bd74,#-1:1c18fe47-8330-4ae3-ac8d-dd1cb6509a9b,0.785503463541802,0.22203945545354978,-0.5634640080882523,"[-0.5749375500757491, -0.5688126533042452, -0.5466418208847619]",-0.5749375500757491,False,-1,1623,-0.7248365406125529,-0.7320462725479988,"[-0.7320462725479988, -0.7109478226314309, -0.731515526658229]"
92507335-89c4-4415-9b77-4338f186efef,#-1:283370c3-8ddc-48cf-8b4b-7b5dc6af1527,#-1:322bcf0b-b3cd-48e0-a740-f1134f2350a7,0.9795901150406504,0.4189857330300218,-0.5606043820106286,"[-0.5649398191847659, -0.5401003270999605, -0.5767729997471591]",-0.5767729997471591,False,-1,940,-0.9703728510847546,-0.9724872214453502,"[-0.9698562513277843, -0.9724872214453502, -0.9687750804811295]"
88fa82d5-8db7-44f5-a4de-3528b2552386,#-1:b2417106-218f-4c0e-8593-00de3c4b83be,#-1:25b92e64-8cdc-45b7-807e-4e233863ba85,0.7052622238357048,0.15762722617394195,-0.5476349976617628,"[-0.5785958638536555, -0.5268409998128462, -0.5374681293187867]",-0.5785958638536555,False,-1,886,-0.7670991139485288,-0.7913577829008717,"[-0.7913577829008717, -0.74254080532278, -0.7673987536219349]"
91100e50-94da-4c70-85e4-05cb9e474dd6,#-1:b51f1270-d785-40ab-a070-66e21ad4afcd,#-1:e2679581-5435-475b-be63-2d7e3a4ccb7e,0.8855939425699884,0.31680848574219195,-0.5687854568277964,"[-0.560195329617194, -0.564079059721352, -0.5820819811448432]",-0.5820819811448432,False,1,937,-0.8369650147566351,-0.8435502260149564,"[-0.8354413111547098, -0.8435502260149564, -0.831903507100239]"
00d11c9a-5a47-4040-a553-e666f56e1808,#-1:24b09c9a-6bd7-4815-a058-114f6d9ad1da,#-1:a314b7bd-5b2b-42b7-98e9-fc68cafdb1f1,0.9108140880623342,0.3338312536799672,-0.5769828343823671,"[-0.5835880490502283, -0.5692694523246633, -0.5780910017722096]",-0.5835880490502283,False,-1,6,-0.706831435859452,-0.7215927073059359,"[-0.6968342963250796, -0.7020673039473406, -0.7215927073059359]"
89547f30-828e-4a09-9a2b-a94434acd236,#-1:6e34d80f-d576-4343-9ddf-160fe4637716,#-1:f2757dab-e82e-425f-9393-c7e2d3a7b4ad,0.5591978681889184,0.006432979420505394,-0.552764888768413,"[-0.537276806011425, -0.5365658396482549, -0.5844520206455588]",-0.5844520206455588,False,-1,889,-0.8173272806330946,-0.8323135799057557,"[-0.8073741814856112, -0.8323135799057557, -0.8122940805079168]"
d5e1fa7f-c6fc-4097-a24d-0a203f12f511,#-1:9c837d33-7fc4-4f57-af49-9a622f3f1bbb,#-1:98decff8-867e-4b8a-9d30-92749676d735,0.8335648366306114,0.25708581841907846,-0.5764790182115329,"[-0.5600408127027896, -0.5857086557963843, -0.5836875861354249]",-0.5857086557963843,False,-1,1358,-0.821260986621145,-0.8262817585552255,"[-0.8198569298923892, -0.8262817585552255, -0.8176442714158205]"
4d0aba43-49df-486c-a58b-b06730191c60,#-1:d2e10b04-b8d1-4680-ba77-89e472c715c9,#-1:c7ec65ff-0881-45cd-ae2d-46ae5ed8bb39,0.5778919118488469,0.0,-0.5778919118488469,"[-0.5761655928412813, -0.5715020726000246, -0.586008070105235]",-0.586008070105235,False,0,521,-0.46449165508910095,-0.48048476287480557,"[-0.4566343635137811, -0.45635583887871606, -0.48048476287480557]"
448b34d3-db47-41d2-95a8-978d4403969d,#-1:7ee29989-cf5f-4009-aa1e-4a9125d11e65,#-1:0d282342-f467-40d0-9fd8-af5668868791,0.987177936909815,0.4052149285481524,-0.5819630083616627,"[-0.5860140610598554, -0.5843074087391258, -0.5755675552860066]",-0.5860140610598554,False,-1,469,-0.7165581074164434,-0.7396751028795463,"[-0.7396751028795463, -0.7092152833758196, -0.7007839359939647]"
28f503c0-16fa-4742-b5e9-778eaf8cc2fa,#-1:bb2d2c85-d002-4120-a058-ed3b5c580e2f,#-1:9c4131a2-8420-4c51-b121-5dd57f853d99,0.5806676022719391,0.0025638720434499307,-0.5781037302284893,"[-0.5864751875804817, -0.5751650344720648, -0.572670968632921]",-0.5864751875804817,False,-1,269,-0.7885712650828568,-0.7986058992984023,"[-0.7986058992984023, -0.7880663046604297, -0.7790415912897382]"
058e8542-ebb5-4c0c-af00-ffba9dc89c26,#-1:82b4613a-e561-4db7-a19f-38589db2bc3c,#-1:915e0e14-eb4a-40e1-8d2c-1cc30b471b9b,0.567848379445698,0.0005374474639099903,-0.567310931981788,"[-0.573622736662251, -0.5869375141456594, -0.5413725451374534]",-0.5869375141456594,False,-1,40,-0.8684581274153528,-0.8809511371358162,"[-0.8641905108610873, -0.8602327342491549, -0.8809511371358162]"
a7a2ba56-edcc-4e2e-87e9-f1bb6db9adf1,#-1:78a1ddea-f548-48be-8c6e-db97e48ba14e,#-1:0dd4619b-8b75-4d3d-a766-2f3f9ac6ff34,0.5745561712651212,0.0005374474639099903,-0.5740187238012111,"[-0.5836227366622511, -0.5892487148079136, -0.5491847199334688]",-0.5892487148079136,False,-1,1090,-0.797747462997998,-0.8040527053455916,"[-0.796601414411626, -0.7925882692367764, -0.8040527053455916]"
07939f72-0bee-4c6b-89f9-db5b169d59a3,#-1:41c1a32f-1ce2-4677-a7e3-8c2ae6f3a1df,#-1:666ab13a-6653-4e27-bdaa-cd66e0449e93,0.7786894533964794,0.19101749149419459,-0.5876719619022849,"[-0.5831188975062693, -0.5886417863898663, -0.591255201810719]",-0.591255201810719,False,-1,51,-0.9644461149786636,-0.9733364154482986,"[-0.9733364154482986, -0.9551839018116364, -0.9648180276760561]"
6a9a0574-0553-413b-b35a-fd506a8f717d,#-1:3b307dc9-61e0-4e42-94c9-9e531357e46d,#-1:ea25f1d6-dae5-49af-9148-f03693817b44,0.9762194694920563,0.40948776327674397,-0.5667317062153123,"[-0.5617026322809635, -0.5926703718291904, -0.5458221145357832]",-0.5926703718291904,False,-1,703,-0.9627882817150425,-0.9681513210854988,"[-0.9641525890531641, -0.9560609350064643, -0.9681513210854988]"
23fdac91-4f84-41c1-973e-aed585014449,#-1:2095a914-0b4b-4ee6-93bf-6623c582051e,#-1:ae16a8cd-8103-45af-b6d3-549d7e59cb88,0.8065854730189278,0.23214986180676803,-0.5744356112121598,"[-0.5951130277458134, -0.554152994336492, -0.5740408115541737]",-0.5951130277458134,False,-1,241,-0.8160953127445708,-0.8253848737069017,"[-0.8184383565695778, -0.8044627079572331, -0.8253848737069017]"
0f43c694-9993-4748-b2f3-5cf8bf56dc32,#-1:68b234b2-7ba3-4102-bf4f-fa05508ca5c2,#-1:5c49eb65-19c2-41ac-a9a3-0097df0a4fe9,0.8527947203494542,0.2681746723430067,-0.5846200480064476,"[-0.5878551873921567, -0.5700327143361608, -0.5959722422910251]",-0.5959722422910251,False,0,109,-0.4477266198703285,-0.45279613118710843,"[-0.4474412765012767, -0.45279613118710843, -0.4429424519226006]"
cd2c36f4-2b74-44a4-9c53-faefc5bb0a5f,#-1:dc136e29-1f57-4c5e-be39-2e0ca1174369,#-1:f28dbf76-85ae-44c3-a089-141b1c2e7436,0.7607512140549934,0.1733676693301153,-0.5873835447248781,"[-0.5961577443723202, -0.5912305087395233, -0.5747623810627907]",-0.5961577443723202,False,-1,1301,-0.9142803246768669,-0.930150285238573,"[-0.9168674941648769, -0.8958231946271508, -0.930150285238573]"
77a2495b-e73d-4882-a64a-e08a6ad32fd0,#-1:987d8b11-9299-4a56-bb51-aadcb2edc73e,#-1:2e85f2d1-111e-4ab5-a719-6d2104ea698e,0.8702383094281467,0.2850224372899754,-0.5852158721381713,"[-0.5799358452183858, -0.5973249103132637, -0.5783868608828641]",-0.5973249103132637,False,-1,785,-0.7726118753106107,-0.7804167800597805,"[-0.7596035300822482, -0.7804167800597805, -0.7778153157898035]"
0336e1aa-2ab7-41b7-a992-b7cb93b78c96,#-1:f4daa502-655d-4bfa-9c07-1d63f65312a9,#-1:522c67aa-2c69-4d26-9b03-00b590f3f338,0.695632140140019,0.10136834222348999,-0.594263797916529,"[-0.5910152649729674, -0.593501035944664, -0.5982750928319555]",-0.5982750928319555,False,-1,23,-0.9131271141873042,-0.9197096038656889,"[-0.9013174784918039, -0.9183542602044197, -0.9197096038656889]"
4019cb97-9354-4e18-9f4c-e0a9f2fac49c,#-1:c8df4bdc-4a77-41aa-8af1-b86e044a6cc1,#-1:941d2bb7-fdd2-4e59-8e27-e2a0a4e85533,0.8861927182843358,0.3203211047119917,-0.5658716135723441,"[-0.5643084145226285, -0.534658621682573, -0.5986478045118308]",-0.5986478045118308,False,-1,445,-0.955243864072183,-0.9587074648111382,"[-0.9579230195493975, -0.9587074648111382, -0.9491011078560133]"
a43d0ffd-cbec-4869-8646-875e1374e2e8,#-1:8033a6eb-3669-4e1e-918d-4e2561a415ab,#-1:cc4d526b-f1d9-48fa-9078-bb225858b11a,0.8761770790951194,0.31157782752436036,-0.5645992515707591,"[-0.5719045989813214, -0.522446931290159, -0.5994462244407968]",-0.5994462244407968,False,-1,1070,-0.9564550249699764,-0.9611684038755121,"[-0.9529145130859797, -0.9552821579484375, -0.9611684038755121]"
48fdae7f-14fc-4ba3-86c1-a3bb18e4613b,#-1:df99a45c-324f-4500-95f1-47c0804ccc94,#-1:5bda2b04-10a9-42eb-b977-b1b81223785f,0.9030859290954716,0.33264688823773625,-0.5704390408577353,"[-0.5475828743812865, -0.5617438728547817, -0.6019903753371376]",-0.6019903753371376,False,-1,495,-0.8473213485528727,-0.858996871387711,"[-0.8442315481251006, -0.858996871387711, -0.8387356261458064]"
7d49b716-72c1-41b4-8242-514d5a7af834,#-1:601095f9-51ab-4e1f-9ea0-5c4ad9821b4e,#-1:f97092c1-f62f-427a-b260-f691775ac76b,0.6708114802767283,0.09163640170228023,-0.579175078574448,"[-0.602109642672278, -0.6024778007459382, -0.5329377923051283]",-0.6024778007459382,False,-1,818,-0.8604784205288464,-0.8732936793384324,"[-0.8732936793384324, -0.8474922902094859, -0.8606492920386207]"
269c1f1e-187d-4bf2-bc56-15323e7b1fee,#-1:c1c9cc9d-4bd6-40f3-b93c-86b54ed4669b,#-1:bb9dfb59-769f-4b95-87ff-75bf7eb62fe8,0.7232327777114319,0.12445761310140045,-0.5987751646100314,"[-0.6084477367307236, -0.5991301819867304, -0.5887475751126401]",-0.6084477367307236,False,-1,258,-0.9703510826556186,-0.9760552652655351,"[-0.9760552652655351, -0.9665678137385602, -0.9684301689627604]"
68cf28b7-47a5-42f1-b24d-98e085217372,#-1:632517d3-bbfc-46aa-aaf9-c5db4e9cfc09,#-1:424513c4-b2f4-4d24-b467-17092979f3c0,0.5902446978817989,0.0003398369152553564,-0.5899048609665435,"[-0.600995564625039, -0.5597104735867862, -0.6090085446878055]",-0.6090085446878055,False,-1,692,-0.8088337931690512,-0.8203194253595407,"[-0.7980897233945761, -0.8080922307530373, -0.8203194253595407]"
6bc1758e-0ddc-4e26-b386-a4b5c46be962,#-1:40d15227-42a8-4874-8341-b9bbdf18ecff,#-1:7a9cf905-a637-4c46-8d7c-0102bfb66539,0.7817167777012012,0.1955504030696498,-0.5861663746315514,"[-0.5785933495472111, -0.6098039065570982, -0.5701018677903448]",-0.6098039065570982,False,-1,710,-0.49671755010190655,-0.5080321978846272,"[-0.5080321978846272, -0.48137576380821323, -0.5007446886128791]"
efefec41-78d4-43f3-88b1-9de5adb7b697,#-1:158d3702-a705-44b2-a738-b01f61b72771,#-1:dfb06f79-6020-43a1-b47d-5f3378875a5f,0.86985722748958,0.2777352759280107,-0.5921219515615693,"[-0.6138945761846184, -0.5860890929242284, -0.5763821855758609]",-0.6138945761846184,False,-1,1537,-0.8415051705681011,-0.8417951040104429,"[-0.8416524930418408, -0.8410679146520197, -0.8417951040104429]"
6cebc2ba-583c-4291-a1e2-62fc5a6ce95c,#-1:e3c8b9e3-4ffa-41b3-b874-37460e361c54,#-1:adaff268-46ac-4e06-aa7a-b935be2eedee,0.6937153066812867,0.0902320156168634,-0.6034832910644232,"[-0.6023482619711394, -0.6145390158712803, -0.5935625953508501]",-0.6145390158712803,False,-1,719,-0.955858099705039,-0.9578214349403408,"[-0.9571867009034163, -0.9578214349403408, -0.9525661632713601]"
6eb8f170-c580-4b98-b6dc-87c36af64054,#-1:95052feb-f7f3-44cb-88cd-e44428a1492e,#-1:aaf48ae6-2838-4106-a64f-b7976a44107f,0.7940928862479147,0.19017214636801327,-0.6039207398799015,"[-0.6146244727838702, -0.5964405860897795, -0.6006971607660552]",-0.6146244727838702,False,-1,734,-0.9346761674456285,-0.9425791128234343,"[-0.9425791128234343, -0.9317807166819427, -0.9296686728315084]"
c20a63b9-614d-439e-8a14-ec6f92b4b285,#-1:3f44786b-dd9c-43ef-a435-0846e730ea67,#-1:8beed982-4269-4977-b518-69d89b210834,0.9785560169836395,0.3787771443358216,-0.5997788726478179,"[-0.6153328370495534, -0.5936673263006145, -0.5903364545932857]",-0.6153328370495534,False,-1,1236,-0.9972238504621798,-0.9980585907136277,"[-0.9961227627652504, -0.9980585907136277, -0.9974901979076611]"
54823404-8f56-42b5-bde1-5b25a2294fad,#-1:98963569-80c0-4ee9-831d-5e3146c721a1,#-1:dff03ffc-9b1e-4e74-b6fd-74aab705f61f,0.9866440046965032,0.381383728560194,-0.6052602761363092,"[-0.6161221507300884, -0.5909967468980815, -0.6086619307807575]",-0.6161221507300884,False,-1,562,-0.9897272046214023,-0.9925760958650511,"[-0.9860502592383179, -0.9925760958650511, -0.9905552587608376]"
ca02e47a-57c6-42a2-88e5-c57b9d5cdffd,#-1:a75f5060-c92b-473d-ac67-843adc2d6c53,#-1:21b2c882-1803-49c6-a8b7-6ec981c5e98d,0.8519206409952172,0.2436466734860762,-0.6082739675091411,"[-0.6003846055610448, -0.6163506723190232, -0.6080866246473554]",-0.6163506723190232,False,-1,1278,-0.884825489793522,-0.886555886025841,"[-0.8827134811078209, -0.886555886025841, -0.8852071022469046]"
eee59a46-1e23-41db-b43a-1397324b75d9,#-1:0c6bdef5-26c5-497e-bf01-83c9e26061d2,#-1:431efc6f-35c8-4e67-8543-5970d81ffe27,0.6105066141854235,0.01268225834491406,-0.5978243558405094,"[-0.6186819427646322, -0.5789043710837017, -0.5958867536731944]",-0.6186819427646322,False,-1,1530,-0.8876288911038342,-0.8925222521748449,"[-0.8834671829236429, -0.8925222521748449, -0.8868972382130148]"
9fa310a6-b0fa-4996-ad04-e9d53e0e90f4,#-1:c2cbcc32-7118-40e2-a66b-082e544b3111,#-1:fd80985c-a813-4fa8-a743-d84af61b1f28,0.8550700833458226,0.24656415076069513,-0.6085059325851274,"[-0.6209121980641326, -0.5895201529852312, -0.6150854467060185]",-0.6209121980641326,False,-1,1039,-0.786775007217931,-0.7976650831465298,"[-0.7742452859831822, -0.7976650831465298, -0.7884146525240809]"
cafc71c5-600c-4f2c-bdb8-0850c3416204,#-1:bbe7d4c5-23d5-4de7-9f09-61ca42fd4824,#-1:19faa0c8-c4e5-4586-95fe-6f02792a3011,0.8574516311056904,0.2600206112908407,-0.5974310198148498,"[-0.5687352110680715, -0.6025789757950317, -0.620978872581446]",-0.620978872581446,False,-1,1287,-0.8805541376799925,-0.8885495133903865,"[-0.8791528347603282, -0.8739600648892629, -0.8885495133903865]"
4ff1a344-1a64-461b-8149-bc0632314202,#-1:17288889-dff8-4010-85d8-9e5ecf7839d8,#-1:faec2909-3016-4cae-a04d-8d04ada9d9ba,0.7754690178051288,0.1756714323393753,-0.5997975854657535,"[-0.5844305459598129, -0.6213844150277034, -0.5935777954097442]",-0.6213844150277034,False,-1,535,-0.7982503469050727,-0.8025098843512207,"[-0.7964557701529396, -0.8025098843512207, -0.7957853862110579]"
369384e7-26fe-4237-8ffc-0d4ea5371455,#-1:30333e10-1c00-4784-88ea-34208093af8e,#-1:3dd3b4a9-9ef8-49fd-a3d0-9d6c38e2bb2a,0.9698989204507725,0.3630391748380979,-0.6068597456126746,"[-0.5865816871165612, -0.6116936110650978, -0.6223039386563649]",-0.6223039386563649,False,0,366,-0.4520435327616328,-0.46837974247974234,"[-0.43835631619842147, -0.46837974247974234, -0.44939453960673437]"
5f384f4b-ca4a-454d-9f82-68dd7aeec44d,#-1:8710cae7-42b7-41fa-86c9-1fe7ae9f604a,#-1:f1cd93b2-4c60-4734-b028-08a41fcd7ffa,0.6822704528773899,0.07344196561226546,-0.6088284872651244,"[-0.6185315289884606, -0.5851626995583393, -0.6227912332485736]",-0.6227912332485736,False,-1,634,-0.8429363744708707,-0.8479343693548459,"[-0.83681684011901, -0.8440579139387562, -0.8479343693548459]"
c08c314e-c07f-4c78-be2b-749197fdc116,#-1:f8881a3f-268a-47ce-ac47-114914e3c200,#-1:1fd6ae23-400b-4bc6-88e2-fd1943bc917b,0.6562316130957884,0.06126614568580314,-0.5949654674099852,"[-0.5500893416590671, -0.6109679864121838, -0.6238390741587049]",-0.6238390741587049,False,-1,1225,-0.521739153494996,-0.5355730060709901,"[-0.5106964007604237, -0.5189480536535741, -0.5355730060709901]"
f5f8d096-e70f-4470-834d-439217cf62f5,#-1:4c14d723-4d32-4a58-a906-88da9eee32dc,#-1:8cd47b8b-a77e-44eb-94e2-4225ccddd741,0.7652745092176695,0.15155564086206705,-0.6137188683556024,"[-0.6014894974703349, -0.6247130062120299, -0.6149541013844424]",-0.6247130062120299,False,0,1578,-0.8251012051368237,-0.8301168878097035,"[-0.8224051812063681, -0.8301168878097035, -0.8227815463943995]"
58461aff-0ccd-4bad-b03b-3572335bf6c6,#-1:f39b0316-f054-4f6a-8843-6c5465d4b602,#-1:e1b73660-3fa6-46fa-b42a-271c15510f57,0.9300169647096515,0.33299929725514094,-0.5970176674545105,"[-0.5797179208542367, -0.6250715544481296, -0.5862635270611654]",-0.6250715544481296,False,-1,582,-0.9280470001497546,-0.9297393872640344,"[-0.9253305427199934, -0.9290710704652362, -0.9297393872640344]"
a819d21d-610d-4275-92b7-1ec9c98f372a,#-1:68660d3b-9748-4bc9-ad37-013b2e3fd392,#-1:b9729c28-541d-4ab2-adbb-b215b27f9860,0.9647427295137566,0.3477988827966634,-0.6169438467170932,"[-0.6231038841754131, -0.6256560082489726, -0.6020716477268941]",-0.6256560082489726,False,-1,1094,-0.3763615495615497,-0.390040098790099,"[-0.38575972915972906, -0.3532848207348211, -0.390040098790099]"
a85d70af-06ff-44fe-820f-f72a850cad82,#-1:d52a7043-0e08-4c74-82b0-5b6424dd6e7d,#-1:2108fa65-6b2e-4dd6-9c3d-c631dec22c81,0.8016475124787449,0.2038813776903898,-0.597766134788355,"[-0.5661354762851519, -0.6003169713805265, -0.6268459566993869]",-0.6268459566993869,False,-1,1095,-0.8378087286614391,-0.8514099662390611,"[-0.832115104842758, -0.8514099662390611, -0.8299011149024981]"
003407e1-07d8-46e4-a7c0-3ba69b4ce56e,#-1:85f02eda-aa79-41de-bcb6-1b770bee7402,#-1:c4166d6c-7999-4d3d-83f7-c22e69235805,0.5994051122870817,0.0010180659943894315,-0.5983870462926922,"[-0.6270435213906392, -0.5811542425218319, -0.5869633749656059]",-0.6270435213906392,False,-1,3,-0.9302114676755932,-0.9388096220607732,"[-0.9332771386732533, -0.918547642292753, -0.9388096220607732]"
a06e9b25-0c8e-444c-b0f5-9f2723bc20e5,#-1:7fa81afd-45bb-4383-92e5-2c618bc246a9,#-1:768efb88-b9eb-4871-bfa3-d2b31270b2a4,0.913328335832126,0.3307886110225832,-0.5825397248095427,"[-0.5685950121448407, -0.628013684416223, -0.5510104778675651]",-0.628013684416223,False,-1,1045,-0.9606021541264728,-0.9664754856723704,"[-0.9560677414502962, -0.9664754856723704, -0.959263235256752]"
d15d577f-3d4a-4761-82e9-57780e449e9b,#-1:77dd6f46-0ddd-4a89-9e80-a983bd89bedf,#-1:be2585c3-639a-4dde-a7f7-702deb6eefde,0.7899017395523026,0.17327241391044643,-0.6166293256418561,"[-0.6151068537234401, -0.606237881718726, -0.6285432414834028]",-0.6285432414834028,False,-1,1327,-0.9528101616955021,-0.9561538192634937,"[-0.9561538192634937, -0.9523673720713981, -0.9499092937516147]"
a89f854e-3351-4cae-be82-8135a280fad5,#-1:00a916ad-5458-4281-89e0-d7e20cada3f5,#-1:3759a8a5-da6a-4fa4-b9c4-56045720508e,0.9573744528121755,0.359030729877174,-0.5983437229350015,"[-0.6292036040490843, -0.6032916974530984, -0.5625358673028219]",-0.6292036040490843,False,-1,1097,-0.7635467604864793,-0.7816939143545828,"[-0.7816939143545828, -0.744031776805341, -0.7649145902995136]"
42197174-e53b-4f6f-8c03-073deeeac3ea,#-1:9773df2e-0aac-47bb-b6af-9e1941282faa,#-1:530425f3-1ac2-46f9-8390-457688f2faa0,0.6267879459549958,0.021817079092575613,-0.6049708668624202,"[-0.591125181522114, -0.6293416448449232, -0.5944457742202232]",-0.6293416448449232,False,-1,456,-0.8146921940756354,-0.8178143816551214,"[-0.8106533228715878, -0.815608877700197, -0.8178143816551214]"
7c61666f-7229-46cc-93ea-649d40b70174,#-1:82e8805f-4fa2-4078-8017-724cf466aa63,#-1:4c35efcd-ff3c-4b6d-823a-0d1fbd03dcb7,0.6520170287941444,0.04064836018811759,-0.6113686686060268,"[-0.5930077056180804, -0.6308154084781028, -0.6102828917218972]",-0.6308154084781028,False,-1,812,-0.9247152238244626,-0.9300525707493513,"[-0.923885265689563, -0.9300525707493513, -0.9202078350344736]"
c9dd7467-70a6-46bf-8aab-e159f665f32d,#-1:ab097fff-53d4-40b1-a895-f09f7bca56e7,#-1:df4f5a25-21c9-40e1-8d23-24d719afebc0,0.7544714716415938,0.12834255121010948,-0.6261289204314843,"[-0.6335579557524285, -0.6165604195977725, -0.6282683859442519]",-0.6335579557524285,False,0,1277,-0.780145462137424,-0.7903878685086249,"[-0.7709168438233869, -0.7791316740802602, -0.7903878685086249]"
7017e35f-13ee-4a35-8343-054713a2044a,#-1:66964c5e-53b7-4d2f-a76e-0ab2e8cd8b4b,#-1:627fd292-6230-4de7-8f9a-ab7a026a1465,0.7625811876750959,0.13817847009995654,-0.6244027175751393,"[-0.6315338081944323, -0.6071956423882244, -0.6344787021427613]",-0.6344787021427613,False,-1,742,-0.8756218729099675,-0.8810050954176766,"[-0.8727752430597856, -0.8810050954176766, -0.8730852802524403]"
3c3e7a41-4e24-4fef-9a76-a250fa40bf7f,#-1:b351ea8b-8495-47e8-9284-fcb9d8c00341,#-1:301070ad-6ae0-4771-ab1e-cfdf8422469a,0.6401527338471832,0.012138472545549062,-0.6280142613016342,"[-0.6377624785991991, -0.6281542462679339, -0.6181260590377695]",-0.6377624785991991,False,-1,422,-0.7887824641122334,-0.8033270629848535,"[-0.8033270629848535, -0.7762236486792219, -0.7867966806726248]"
0c50f4f0-4212-455c-aedc-4e272616ff2b,#-1:db3ee3a4-d86b-460c-8cad-9eceba86f8b5,#-1:9e698f67-c66b-4aa5-ab02-58ac75adc7d9,0.9486035593059646,0.32336956408700585,-0.6252339952189587,"[-0.6380436915187553, -0.619058997482391, -0.6185992966557301]",-0.6380436915187553,False,-1,90,-0.8459240363330415,-0.8523513467076339,"[-0.8440005163129747, -0.8523513467076339, -0.8414202459785155]"
a7708bc0-6f0d-45b2-8295-ba0ba6fa4b74,#-1:731bedcd-0b82-4f13-8869-700dfad07a70,#-1:07e6ad7b-e3af-455a-8ff5-6dfc25256cff,0.9445057338075656,0.3147857496731919,-0.6297199841343737,"[-0.6386337346483187, -0.6332941944415431, -0.6172320233132591]",-0.6386337346483187,False,-1,1087,-0.9687657102914855,-0.9712491343404981,"[-0.9640302813302475, -0.9710177152037107, -0.9712491343404981]"
a1baa00c-4a83-4d09-a64d-e2b8c2030354,#-1:60d41f25-80eb-408a-a473-43cc6bf3ac7f,#-1:e9e3aa5b-3cbe-4faa-a685-2446e89a7c25,0.6329957899109916,0.0003418820476998303,-0.6326539078632918,"[-0.6198169428157146, -0.6387600339308434, -0.6393847468433174]",-0.6393847468433174,False,-1,1056,-0.7987748336328608,-0.8040622307605662,"[-0.7971292541380535, -0.7951330159999627, -0.8040622307605662]"
8c843e01-971f-4f88-bd64-220c4bdf36af,#-1:b9bebe7f-ab57-43a6-91ef-96b0a2f6ced0,#-1:433f8b14-a8ee-4c79-9a07-48019654a0e2,0.7278138684520444,0.09351088282185564,-0.6343029856301888,"[-0.6291630913774025, -0.634294416214294, -0.6394514492988699]",-0.6394514492988699,False,-1,913,-0.8927060241037713,-0.8982073162919721,"[-0.8982073162919721, -0.8890069048627826, -0.890903851156559]"
1daa021d-47d8-4fc3-b4a4-4cba4c5d79e5,#-1:c7d05ea7-9916-4fb8-9309-5a3597ddc9e7,#-1:57bfde9c-9a0c-4cc5-bf35-c74f4659e69a,0.9676190163252786,0.3327316287389284,-0.6348873875863501,"[-0.6396742933965871, -0.6345027777446701, -0.6304850916177931]",-0.6396742933965871,False,-1,208,-0.8354728759883683,-0.8484543859553692,"[-0.8261917097947495, -0.8484543859553692, -0.8317725322149861]"
59be6df1-c771-4c0a-96e2-ff9f6f3fd0a1,#-1:be464d33-8d18-41f1-84a1-3550c6f55bc8,#-1:acbc4ee0-9af4-4fff-84e0-ea0903a723af,0.8547003236185408,0.24163300701245785,-0.6130673166060829,"[-0.5930920059286, -0.6059837657003186, -0.6401261781893303]",-0.6401261781893303,False,-1,593,-0.8287819839749692,-0.8405048543574293,"[-0.8405048543574293, -0.8160138858026252, -0.8298272117648527]"
2c5124c0-decb-46cf-a77d-257cadcce4e3,#-1:8182b164-1931-4a33-9eae-f5cdb1417af2,#-1:013e3f51-56b0-4d6f-96b4-921f062b4d34,0.9158290354962068,0.30022174466094054,-0.6156072908352662,"[-0.6067654628913344, -0.6421654655720384, -0.5978909440424256]",-0.6421654655720384,False,-1,299,-0.9526837416922298,-0.9605829957769753,"[-0.9472896612899003, -0.9605829957769753, -0.9501785680098138]"
0f896a7c-ec50-498a-b0bd-101feb2c6284,#-1:9510dbed-1616-45f0-8eaf-63883f6cf1cc,#-1:bec6728c-f499-47b5-98ae-3bac21109ba2,0.7755910127889566,0.13493285281515327,-0.6406581599738033,"[-0.64220403135117, -0.6403297984579528, -0.6394406501122876]",-0.64220403135117,False,-1,112,-0.9267579869321493,-0.9279349531947182,"[-0.9268369126687864, -0.9279349531947182, -0.9255020949329436]"
993e53f0-31f6-4927-aeab-632e676ce60a,#-1:d982d614-bc9a-4a07-bf27-e6ed53539b3c,#-1:83eaeef2-2ff8-445e-aedf-f89440ed10a8,0.9289369073633548,0.30159456477377106,-0.6273423425895837,"[-0.6428156464724857, -0.6340167559338528, -0.6051946253624123]",-0.6428156464724857,False,-1,986,-0.9936762664455044,-0.9947565304110817,"[-0.9947565304110817, -0.9944675205355636, -0.9918047483898679]"
d2859bf2-d40f-43ae-a9e2-12ee60962273,#-1:f3cb4009-2fa5-4da0-9d28-f12283ab17f2,#-1:722aac40-34c6-4d1e-8dff-4a7dfea1b711,0.8653199733872036,0.24150441663372535,-0.6238155567534782,"[-0.6089755349885737, -0.6185175436649214, -0.6439535916069398]",-0.6439535916069398,False,-1,1337,-0.9128907094886087,-0.9198254681225401,"[-0.9198254681225401, -0.8993970590070007, -0.9194496013362853]"
fcc12820-165f-4a86-8228-59b5f17fe71e,#-1:4e2d2654-a5a2-4b1a-b417-4c7e1a9a2f4a,#-1:7ebd74c8-e919-4575-8378-21b86521724f,0.723617445443018,0.08411698044003606,-0.639500465002982,"[-0.6372566608333611, -0.6445036307523433, -0.6367411034232413]",-0.6445036307523433,False,-1,1613,-0.9629709419138109,-0.966863490549196,"[-0.966863490549196, -0.9599746272321619, -0.9620747079600752]"
0276c094-8d88-4240-8a16-b553ca0d4c62,#-1:b2b39181-7a4e-4ca7-847b-7be52cc24fa4,#-1:81fcab51-5139-4449-a0c6-59adb6a2a7b8,0.9650103787879526,0.33667308109713256,-0.62833729769082,"[-0.6452893319740955, -0.6150722381801417, -0.624650322918223]",-0.6452893319740955,False,-1,17,-0.9663590739230162,-0.9681632418087925,"[-0.9673221212817875, -0.9681632418087925, -0.9635918586784685]"
f4b876b4-83c8-4a01-aebd-120f8325e06c,#-1:e13b1ac0-674f-411e-b836-51e78d8f80ae,#-1:3912a27c-e4da-42ac-99f4-2cd216a1ece6,0.9087019303445261,0.27397845823020034,-0.6347234721143258,"[-0.6311011180050587, -0.6472762401624133, -0.6257930581755051]",-0.6472762401624133,False,-1,1570,-0.9349940705661958,-0.9382638750039552,"[-0.9382638750039552, -0.9313539554043453, -0.9353643812902868]"
194d09b6-faec-44b1-8bcd-1f11f48256a0,#-1:c1e1d677-e4b6-4a90-9903-aa15a5f42ddb,#-1:d2993452-eabc-4fca-97dd-5d3e40b53621,0.8942187061284369,0.2619420035077715,-0.6322767026206654,"[-0.6219067843163292, -0.6478839712952018, -0.6270393522504649]",-0.6478839712952018,False,-1,184,-0.9014508154958863,-0.9082515934783751,"[-0.9051525876336582, -0.8909482653756257, -0.9082515934783751]"
c3064865-7674-4f55-a9db-178853c4f355,#-1:023eb7e4-6afb-4eed-b74a-597c5a1228e9,#-1:10e66a6f-2058-4004-b5cb-50065eda58c2,0.8752009530218655,0.22710779370866474,-0.6480931593132008,"[-0.6482803962484706, -0.6496977972898104, -0.6463012844013216]",-0.6496977972898104,False,-1,1240,-0.8985824029868357,-0.902853706453835,"[-0.89543351693099, -0.8974599855756821, -0.902853706453835]"
a722e6a4-b8c8-43e7-85b5-c6c397b25e64,#-1:420ff191-5c36-49b4-9d26-e7f6613fe7cf,#-1:7615cdf9-19e7-4037-b800-ba3b40ebe058,0.6397246619224761,0.0006825717751718562,-0.6390420901473043,"[-0.63848662784902, -0.6501717923239211, -0.6284678502689716]",-0.6501717923239211,False,0,1085,-0.8271294956159204,-0.8303695535405781,"[-0.8246804935844705, -0.8303695535405781, -0.8263384397227129]"
0b2d3277-d1df-493b-83b1-8d7a050b9900,#-1:60c62e23-2976-4a5c-bae9-cadbd4233346,#-1:0761ffed-8ef8-4272-88a0-9d92cbaea383,0.7523486248072743,0.1318539092734161,-0.6204947155338582,"[-0.6213855081026965, -0.5893697126781829, -0.6507289258206951]",-0.6507289258206951,False,-1,85,-0.6266254169864022,-0.6480041347635853,"[-0.6133887499484248, -0.6184833662471962, -0.6480041347635853]"
618f9274-ccd3-463e-9dc5-d502bfe7b0f4,#-1:f209bbe2-0753-4af7-b4c4-47cb2877d9ca,#-1:29fb1ede-cde9-425a-b27c-9af4c2bf06f2,0.828790142314023,0.19876121347177989,-0.6300289288422432,"[-0.6325851858589826, -0.6509146785525732, -0.6065869221151738]",-0.6509146785525732,False,-1,647,-0.9446593602491417,-0.9538923872452907,"[-0.9352937323592241, -0.9538923872452907, -0.94479196114291]"
33cb86d6-1106-4367-8d32-13c105e923e9,#-1:4ebc27d9-15dd-43a9-b4cb-629e09ffaa54,#-1:4adb8f5b-48ee-4eea-af37-084b95fc29f8,0.7710286230263482,0.1339684036790315,-0.6370602193473167,"[-0.6366297082505671, -0.6227635038972394, -0.6517874458941436]",-0.6517874458941436,False,-1,351,-0.7847326343584716,-0.790753233378923,"[-0.7848323995623689, -0.790753233378923, -0.7786122701341228]"
15c4c355-baee-4be6-ba07-e6b866b02884,#-1:24573d61-9871-4525-b6b0-79caabc776ed,#-1:2ac3c81f-a158-4655-9d0c-fcf0b7278e77,0.9507489433139761,0.3087845644460299,-0.6419643788679461,"[-0.6522351179871938, -0.6506295660005735, -0.623028452616071]",-0.6522351179871938,False,-1,160,-0.9394054630865982,-0.9415624845109195,"[-0.9415624845109195, -0.9408221459861646, -0.9358317587627104]"
5a2aaa7b-e756-435a-a8a2-d2c8203eb26a,#-1:36578201-c157-4743-b1df-96f13c3854d8,#-1:e1ae425f-dc03-43ea-aabc-4d4e664f8368,0.6633772610385279,0.0212577682823059,-0.642119492756222,"[-0.628617466818528, -0.6412577780913464, -0.6564832333587918]",-0.6564832333587918,False,0,598,-0.7950386691607217,-0.8059986839437041,"[-0.7774647520651959, -0.801652571473265, -0.8059986839437041]"
e33ca720-7294-4ab6-ad70-745711e1c653,#-1:f61491ba-84a5-4c77-92bc-dd259f722f7a,#-1:b0f3f8ef-568c-46d1-a146-e605c8f7317f,0.8165932183057718,0.17061714358069424,-0.6459760747250776,"[-0.6308957127575384, -0.6569486099335444, -0.6500839014841497]",-0.6569486099335444,False,-1,1454,-0.8836838582070287,-0.8856641655398443,"[-0.8852069190052971, -0.8856641655398443, -0.8801804900759447]"
2ceb32c7-df0d-406f-90a1-6b207bb75a3c,#-1:0e7e5ca2-5dda-491e-85cd-95ac30124412,#-1:e74aa72c-c82a-4073-a4e5-1761e4be2ef0,0.7123870843645803,0.07079266752198181,-0.6415944168425985,"[-0.6304471904911138, -0.657269784274176, -0.6370662757625057]",-0.657269784274176,False,-1,302,-0.7162085092388799,-0.731246272532156,"[-0.731246272532156, -0.7246016182367093, -0.6927776369477744]"
7edda2c8-04e1-4560-bc59-3f42df9052e7,#-1:8ce28916-b67f-4310-bcd3-5bbae213c5d5,#-1:6acc4005-2906-41d2-81f6-b84cbd61e290,0.8526030026974637,0.2261122562205308,-0.6264907464769329,"[-0.65734945682619, -0.6306386730099601, -0.5914841095946484]",-0.65734945682619,False,-1,829,-0.6473804171689864,-0.6655603453992692,"[-0.6655603453992692, -0.6336997025021366, -0.6428812036055536]"
08aa741a-2e4d-4761-ad37-f8d61a592feb,#-1:d1b3aba7-66f7-402f-a026-3241dd196f18,#-1:bc5f776e-a72d-4176-b511-c6b40f23062b,0.9473402489374089,0.30471279825942155,-0.6426274506779873,"[-0.6582444524722494, -0.6436926020903214, -0.6259452974713913]",-0.6582444524722494,False,-1,61,-0.9693120986429743,-0.973458004484211,"[-0.9646067476427709, -0.969871543801941, -0.973458004484211]"
68c4ac34-57c1-4f31-81f6-6af990107728,#-1:bff3e776-be66-4126-ad52-a207e479ef4c,#-1:4a774f48-de67-4815-bcfa-e770a4192309,0.6922954827906705,0.04351081351442204,-0.6487846692762484,"[-0.658427433488996, -0.6474927610945722, -0.6404338132451775]",-0.658427433488996,False,-1,691,-0.9277333680714618,-0.9324858127783165,"[-0.9324858127783165, -0.9264426177995831, -0.924271673636486]"
51b9d219-e2da-4994-bc8f-7e3cec11e073,#-1:f97aa5cc-3176-4c67-aa16-012e8e7ba3c5,#-1:1a34fa02-5f98-4af5-8bf8-6f5d68ca615e,0.9075372970286946,0.25524063855531276,-0.6522966584733818,"[-0.6513596260273653, -0.6461993656028437, -0.6593309837899366]",-0.6593309837899366,False,-1,543,-0.9632223355465138,-0.9715645224554917,"[-0.9534160693916839, -0.9715645224554917, -0.9646864147923662]"
f395b536-7b6e-4452-9702-c4f0f4d21d0a,#-1:8ef6ae1f-5dda-4cde-b9bb-58a9dc7b9691,#-1:e2c03017-f47a-42e5-a261-82661bfaf7bd,0.8737752731687382,0.238407561138857,-0.6353677120298812,"[-0.6599990513280388, -0.6071976485613417, -0.6389064362002627]",-0.6599990513280388,False,-1,1560,-0.9746100138499427,-0.9792257464303713,"[-0.9706499758393491, -0.9739543192801077, -0.9792257464303713]"
af42e7fb-57ba-44ed-b2a0-a86f4da31335,#-1:6876b8be-1580-450c-924d-e839738863c7,#-1:46edca0a-2e61-41ee-816b-58395e3cdf0e,0.7244676262376664,0.06937203874824208,-0.6550955874894243,"[-0.6527206220761056, -0.652345788994302, -0.6602203513978653]",-0.6602203513978653,False,-1,1133,-0.912203824389946,-0.9171201450121359,"[-0.91173991823293, -0.9171201450121359, -0.907751409924772]"
9487656a-c947-4495-83ae-9af4a027ea85,#-1:8616f99d-1082-4d80-909b-f69957816ca9,#-1:256ee942-2f09-47e1-9583-22831673277c,0.8067314935220041,0.15210753262431667,-0.6546239608976875,"[-0.6553341630341585, -0.6476836645852462, -0.6608540550736579]",-0.6608540550736579,False,-1,956,-0.7916925300169398,-0.816738134847732,"[-0.7767646872171938, -0.7815747679858936, -0.816738134847732]"
1116aa5e-83aa-49e8-ac19-1572464ddd54,#-1:1bc6565d-ab35-4e45-a3a0-a8d7c392df6a,#-1:e3ad86c6-fb25-439b-a67d-ecac8606306d,0.7554855550660288,0.10443354431358028,-0.6510520107524485,"[-0.6617459555775881, -0.6430727271110588, -0.6483373495686986]",-0.6617459555775881,False,-1,127,-0.8683205810621001,-0.8746926097987288,"[-0.8746926097987288, -0.8726096763785153, -0.8576594570090561]"
c33ded03-345f-419c-b760-f495b45cf3ff,#-1:21be9a60-81be-43bd-8b52-755bd966b3f9,#-1:dfe0169e-9ba7-4171-921c-3a9470f8f622,0.6674674887872548,0.007390272924157881,-0.660077215863097,"[-0.6621742490663143, -0.6586654712244873, -0.6593919272984893]",-0.6621742490663143,False,-1,1245,-0.9430345453477217,-0.9447510826295086,"[-0.9447510826295086, -0.9435149998414412, -0.9408375535722152]"
ba1d7cf1-2b42-43d8-b44d-eba41354db2b,#-1:2220dbce-6da7-46fc-a160-a9ec675f244f,#-1:6d6a4e94-d302-4a15-a81f-dc600ace11d1,0.757818109393313,0.10463065870810594,-0.653187450685207,"[-0.643920826493797, -0.6625039385954525, -0.6531375869663717]",-0.6625039385954525,False,-1,1195,-0.9481976823340924,-0.9516032083655672,"[-0.9494303364725062, -0.9516032083655672, -0.943559502164204]"
135c7cda-b255-4f4f-884b-69bc9b9b09b7,#-1:a027ceb6-a00a-4a29-b58f-78b6fa28605b,#-1:9d9aaac8-18e1-447e-90e2-3a9a50d16378,0.7612435753863046,0.11248994151094287,-0.6487536338753618,"[-0.6294165231420591, -0.6641214772695276, -0.6527229012144985]",-0.6641214772695276,False,-1,141,-0.7447037685227419,-0.7528120378084068,"[-0.7327028377261791, -0.7528120378084068, -0.7485964300336398]"
0e54984f-160c-49c1-9a06-918468f0ad5b,#-1:84d76782-1fc0-4829-84c9-05ac1c9bd034,#-1:1121338c-28c2-4c98-aab1-a7d615d55405,0.7568427204420041,0.10245048001687433,-0.6543922404251298,"[-0.6587597380226133, -0.6395630857600649, -0.664853897492711]",-0.664853897492711,False,-1,99,-0.9193925046226478,-0.9227008797760989,"[-0.9141967827558527, -0.9212798513359914, -0.9227008797760989]"
5e94c5bf-61b1-42f4-ba57-b7efcbb9a876,#-1:2576c198-3dfb-452e-9893-d757246b26c1,#-1:8d5660c3-d6ca-4209-950f-99f312d116a5,0.9963330136249621,0.3427509027916853,-0.6535821108332768,"[-0.6653793521511184, -0.6484387190598588, -0.6469282612888534]",-0.6653793521511184,False,-1,626,-0.9178986853650049,-0.9218578712767197,"[-0.9140577506312897, -0.9218578712767197, -0.9177804341870051]"
ac24f5cb-d9f1-417a-9eb2-e621c345a766,#-1:a7a45bda-3c81-408d-b624-f95c3e7c94c7,#-1:1856a78f-1620-4736-8676-1a6c1df6299a,0.8169234062626431,0.15790629208587434,-0.6590171141767688,"[-0.6600448973472971, -0.6512388681992625, -0.665767576983747]",-0.665767576983747,False,0,1113,-0.8436121646487464,-0.856884372264462,"[-0.8272158717048039, -0.8467362499769736, -0.856884372264462]"
ec4fcff5-0d79-48a9-9530-918507e343f1,#-1:68525f7e-c492-4e54-9988-3628484e8a71,#-1:e0e1332a-e402-4cd8-9250-b53d797962a0,0.6697972776199962,0.021936081385949935,-0.6478611962340463,"[-0.6673111201748532, -0.6337489518385114, -0.642523516688774]",-0.6673111201748532,False,-1,1513,-0.8041300758644949,-0.820692502833715,"[-0.7846747507120214, -0.820692502833715, -0.8070229740477486]"
7b45ef7e-68eb-4d92-8cf1-c2aa6a0ec295,#-1:1e61f29e-79bd-4c14-95f8-8efc773d8c59,#-1:250e984c-4c1c-4ca9-a11a-a868b0954caf,0.6640535895537444,0.00027390992778788376,-0.6637796796259565,"[-0.6684423499193619, -0.6706355686081036, -0.6522611203504037]",-0.6706355686081036,False,-1,805,-0.9532852460310065,-0.9561525728432971,"[-0.949772338343051, -0.9539308269066715, -0.9561525728432971]"
ebc64189-7801-4440-845c-84d601b5eddc,#-1:bc550db5-80ac-4395-a619-65e609e52e16,#-1:ac7101cb-d14c-43d5-9ce4-c6350988ec99,0.7187297254093087,0.05165198189521051,-0.6670777435140982,"[-0.6624871459817323, -0.6665510207639236, -0.6721950637966382]",-0.6721950637966382,False,-1,1507,-0.8232628995874723,-0.8316436502741925,"[-0.8316436502741925, -0.8269526306188727, -0.811192417869352]"
70f881dd-3033-4190-9f0f-2d47141285fe,#-1:d74d5056-552e-4b0a-ab0c-8f5ea25f1772,#-1:7cbfda05-79aa-4292-823d-4771034bdc8d,0.7705618550212613,0.10452165004788878,-0.6660402049733725,"[-0.6670411249318577, -0.6576772227412027, -0.6734022672470574]",-0.6734022672470574,False,-1,750,-0.8985612001778032,-0.9076612097840207,"[-0.9076612097840207, -0.905458103776142, -0.8825642869732468]"
68857033-0a6d-4882-9c80-294f0bd44a58,#-1:6d0f74e8-fb17-46e2-80eb-ddee9c442ae1,#-1:bc892921-d0a1-4bbd-97d8-1f7693774402,0.99961085590436,0.33528907125885815,-0.6643217846455018,"[-0.674133326969706, -0.6718966070656605, -0.6469354199011396]",-0.674133326969706,False,-1,687,-0.9533219233219418,-0.9605426967432584,"[-0.9605426967432584, -0.9551004208798959, -0.9443226523426711]"
2c2994be-ea0b-46b5-859e-7f435b88daa1,#-1:67023c92-e664-454a-8655-cc227236de9a,#-1:c2d3610e-3966-4f58-a987-2d03c1fb7625,0.7435054684029989,0.08621675097910653,-0.6572887174238924,"[-0.6751118591356318, -0.6486859228272281, -0.6480683703088171]",-0.6751118591356318,False,0,298,-0.6953241954261627,-0.7079064909572087,"[-0.6809264179669172, -0.7079064909572087, -0.6971396773543622]"
3bcf4f9c-c9bd-4ec4-874a-ffe4802c700c,#-1:1d4646c5-5b86-4f32-817b-0ff45ae60353,#-1:1b630213-eaae-4872-8383-c12094191317,0.9653066696500305,0.2941666096958067,-0.6711400599542239,"[-0.6725030699383063, -0.6758613790080359, -0.6650557309163291]",-0.6758613790080359,False,-1,420,-0.9348202644437956,-0.9394962489997544,"[-0.9394962489997544, -0.9299493100852075, -0.9350152342464249]"
9a2c3f5b-232f-4d79-8864-85ed67671054,#-1:af997e49-2cdd-4885-a134-0db6d5f0bf68,#-1:316dedec-0aeb-408a-bf0c-fb61768d13c4,0.8837856322055865,0.22316403339661042,-0.6606215988089761,"[-0.6626053924860825, -0.6423486783342045, -0.6769107256066409]",-0.6769107256066409,False,-1,998,-0.7859869712513369,-0.7971940200334239,"[-0.779609067204906, -0.7971940200334239, -0.7811578265156809]"
3708560b-6cf2-4657-8090-167d83ee2fff,#-1:76c45470-0401-4281-bcf5-147274eb9a0e,#-1:69dab10a-4578-4dd9-b795-70010f087b7d,0.9385915962706556,0.2675235532685909,-0.6710680430020647,"[-0.6780405402213554, -0.6586960634572334, -0.6764675253276051]",-0.6780405402213554,False,0,373,-0.8474054366443159,-0.8598661746174255,"[-0.8317190158007652, -0.8598661746174255, -0.8506311195147569]"
6e98a116-6aa2-410d-b26a-37bd4ca78a34,#-1:19688998-7d8a-4e55-b616-60fba1298810,#-1:aa614a82-b8af-4e67-8791-04ad4301e534,0.6740768513550609,0.005540344030558828,-0.6685365073245021,"[-0.6795884285074761, -0.6659810115515031, -0.6600400819145271]",-0.6795884285074761,False,0,733,-0.8511586049048511,-0.8627186544606347,"[-0.8627186544606347, -0.8445975063832939, -0.8461596538706249]"
24c2a05b-a388-46db-8f6f-ce8bdd48929c,#-1:cf6bfad9-a466-4bd8-a878-a8b8d50f927f,#-1:7c7f58f7-2c06-4866-ae8a-e0283ef98686,0.983236431984985,0.31345929413612394,-0.6697771378488611,"[-0.6803022475720182, -0.6545953204883819, -0.6744338454861835]",-0.6803022475720182,False,-1,248,-0.9690456526286547,-0.9724381586678909,"[-0.9653942802709728, -0.9693045189471008, -0.9724381586678909]"
89a9f230-29f9-4176-820d-4edd2cc27fb1,#-1:8a8488c2-7e07-4a5a-bf17-df682493d990,#-1:b92be7c8-63d2-4911-a7ff-7532522b9746,0.8943313408348414,0.22249469457672863,-0.6718366462581128,"[-0.6741160822726778, -0.6832610556040836, -0.6581328008975772]",-0.6832610556040836,False,-1,893,-0.9528851292337013,-0.954057552182888,"[-0.9525390341968006, -0.954057552182888, -0.9520588013214152]"
072d665e-e4f8-4c1d-97ee-8ef0fa0ede35,#-1:e3f1c3e7-00bb-45a9-ac0f-42394ab7aa17,#-1:42f147d1-fabb-4459-85fa-15c16554f324,0.7168523789624542,0.03262737947750685,-0.6842249994849474,"[-0.6858012413132829, -0.6854956554973229, -0.6813781016442366]",-0.6858012413132829,False,0,49,-0.7521835562976218,-0.7605223240800297,"[-0.7565799390573892, -0.7605223240800297, -0.7394484057554462]"
a793878b-7b78-460d-9652-d0db579eac59,#-1:1457eb9f-e625-45a4-99e9-43649e2107b3,#-1:7c67d332-1d06-4364-8bb0-ae795d4d03a4,0.8758392225778023,0.2102438961112254,-0.6655953264665769,"[-0.6442965607441878, -0.6655555008971713, -0.6869339177583713]",-0.6869339177583713,False,-1,1089,-0.9123300079507876,-0.9235357835534637,"[-0.9021658410110207, -0.9235357835534637, -0.9112883992878783]"
0a20bf6e-70f2-46c8-9733-b0b1f137b02e,#-1:3548b1ce-07eb-492e-bbad-930fd2e78b5a,#-1:8373404e-e23a-43d0-bc13-649ba28c88e4,0.7072979462426131,0.028927087288154713,-0.6783708589544584,"[-0.6821360526362853, -0.6610086572115322, -0.6919678670155575]",-0.6919678670155575,False,-1,74,-0.8855012424913392,-0.8929361345022852,"[-0.8929361345022852, -0.8839586548940068, -0.8796089380777258]"
0f17fcdd-e2a1-4263-90e9-9ec6aa24b485,#-1:4796642b-e821-49e9-9955-de1b861df3bd,#-1:2ff849d5-fc86-42d0-9a63-ba1b90bc218d,0.6899906935741976,0.004396418798676261,-0.6855942747755214,"[-0.6749435379058193, -0.6877877842859534, -0.6940515021347918]",-0.6940515021347918,False,-1,108,-0.8405044129416318,-0.8492949990589903,"[-0.8486967999220649, -0.8235214398438403, -0.8492949990589903]"
fcf5e864-24cb-47ca-9527-56ec6f534b03,#-1:3140f6b6-2727-4d35-ada1-57d7f4613ab7,#-1:e445cb07-1bab-47a0-bff8-11aaadb00ba1,0.9026975777844716,0.22165539555568706,-0.6810421822287845,"[-0.6946380767396606, -0.6724714910389278, -0.6760169789077651]",-0.6946380767396606,False,-1,1615,-0.9548111313754716,-0.9572456598298217,"[-0.9518194797825769, -0.9553682545140162, -0.9572456598298217]"
54e2f95c-86e8-429c-8163-ae82e1b85998,#-1:b0746d77-3a72-47fb-bd20-8d2671504fbc,#-1:99f4edc8-1ec0-47a2-beab-3393b5305d8b,0.6932730946252602,0.0,-0.6932730946252602,"[-0.6979843086410817, -0.6843927732599461, -0.697442201974753]",-0.6979843086410817,False,-1,564,-0.9772800736926318,-0.9822626087208874,"[-0.9790222181373622, -0.9705553942196457, -0.9822626087208874]"
670e3a16-bf65-449b-8660-ef3f20ed8eee,#-1:cdbcc167-ff62-4ac1-b48e-526982cc1c67,#-1:6d8a3a34-54d0-4925-ae4d-30cd91ac1ba6,0.7818291670259984,0.10467768237684331,-0.6771514846491551,"[-0.6984181059813976, -0.6756349849410731, -0.6574013630249944]",-0.6984181059813976,False,-1,680,-0.936301765497669,-0.9380540302941502,"[-0.9342479150340766, -0.9380540302941502, -0.93660335116478]"
d73c3241-fb96-4fe2-941a-2eb09f5caccf,#-1:de3a4bf0-2e9a-4019-ba72-d28f64aafcfc,#-1:d859fc4a-9bda-4cca-87e2-08cdfbe8f71d,0.9651688697808188,0.2795407566573734,-0.6856281131234454,"[-0.686370441154271, -0.7010565874480601, -0.6694573107680055]",-0.7010565874480601,False,-1,1364,-0.9382349950692773,-0.9432751898424104,"[-0.9432751898424104, -0.9362210616031497, -0.9352087337622722]"
253d18a6-19ad-41dd-bcf8-a3a9d83dafbe,#-1:2faafbba-686e-4492-a80f-d3efef80f7d6,#-1:76da470f-a935-4757-835a-7abc8e50acde,0.8035549216555843,0.11555275732070357,-0.6880021643348807,"[-0.6826450200044089, -0.6793005240608585, -0.7020609489393745]",-0.7020609489393745,False,1,253,-0.7880049734492846,-0.7927414511512506,"[-0.7901671979682944, -0.7811062712283086, -0.7927414511512506]"
624460c5-7bb1-4122-af1b-5ca49cf618ec,#-1:24902057-a5b0-4476-96ff-a0a239037008,#-1:78d3c7f3-e18a-4b2b-a395-56b9877f112f,0.788607945002426,0.10607286403932731,-0.6825350809630988,"[-0.7029669910927104, -0.6562893913755964, -0.6883488604209897]",-0.7029669910927104,False,-1,655,-0.6327909131707786,-0.666377723786591,"[-0.615513214931218, -0.666377723786591, -0.616481800794527]"
f217c220-b6fd-4c4b-98ee-c4247790694d,#-1:e587e6ae-ca6e-4872-aa93-f3c49fc9c24e,#-1:b5f0a275-8f49-4aae-8a98-141792c52d08,0.7159667577622607,0.027679389410325484,-0.6882873683519353,"[-0.6777002859143437, -0.6836107998963328, -0.703551019245129]",-0.703551019245129,False,-1,1550,-0.9382755991493325,-0.9469076399773368,"[-0.9380457005366355, -0.9298734569340253, -0.9469076399773368]"
93be9f6b-6454-4223-8dab-68774ed6c6b9,#-1:613c3e38-16e4-426a-8c3a-b516d2be3cf8,#-1:58e70cdc-cd66-489a-92e9-ee57d3f7127c,0.6969915914414272,0.020038006108063177,-0.676953585333364,"[-0.6446515504679013, -0.6816806170626802, -0.7045285884695105]",-0.7045285884695105,False,-1,950,-0.7070161839606958,-0.7151994436486896,"[-0.7151994436486896, -0.703275051781008, -0.7025740564523897]"
39097c3c-380e-4c28-a6f8-11a843816944,#-1:450fd0db-168c-423f-b674-cf99eb6b26d3,#-1:516e86f8-8632-425d-84c5-61d2d1e73c09,0.7757841117641836,0.0856972692753385,-0.6900868424888451,"[-0.7059489933369645, -0.684167711191793, -0.680143822937778]",-0.7059489933369645,False,-1,392,-0.6222734968894877,-0.6257150697871021,"[-0.6257150697871021, -0.6231000627242463, -0.6180053581571149]"
894d5311-4af0-40b8-a325-e2db6ab4e3a2,#-1:11392240-4f79-45f7-a0b5-6c725319922f,#-1:b86cba9b-7ec1-426c-9b80-416fb353abc9,0.6942023305573858,0.00077415399653821,-0.6934281765608475,"[-0.7031823956756746, -0.7073029262257178, -0.6697992077811503]",-0.7073029262257178,False,-1,888,-0.9536703426703208,-0.960556265980089,"[-0.953624929269431, -0.960556265980089, -0.9468298327614424]"
8ccfd46e-2cce-42ab-b5e9-ce32755c34e0,#-1:bbb3c01a-5069-48a8-896e-b541e0f7cbc8,#-1:c1c4fda7-5202-4fb0-a740-a13cca17a7ec,0.8056736471157819,0.12067358407188873,-0.6850000630438932,"[-0.7021629968439955, -0.644416757664838, -0.708420434622846]",-0.708420434622846,False,-1,916,-0.6393470972662828,-0.6503555900024567,"[-0.6276036656200913, -0.6400820361763007, -0.6503555900024567]"
65ed9958-8cf9-4ca0-907b-1bf58482dc0e,#-1:c2665ee3-7bfb-4bd0-87d7-55c2c72cca72,#-1:374b58b4-a01d-4fd4-931a-cb59303076c0,0.8276267907918946,0.1434351684342002,-0.6841916223576944,"[-0.7087303403335348, -0.6835565729434014, -0.660287953796147]",-0.7087303403335348,False,0,674,-0.7814613312000264,-0.78794294855823,"[-0.78794294855823, -0.7808360938843083, -0.7756049511575408]"
9a9d7abc-6ed7-4802-b1a3-b3a259d44f9a,#-1:d3430112-e0fa-47ef-8397-08cc0f3157f8,#-1:6d53973c-ed1f-4aa8-883e-24dc470facfd,0.9381537007139767,0.2436466377698644,-0.6945070629441124,"[-0.6670600299667875, -0.7089982454681507, -0.7074629133973985]",-0.7089982454681507,False,-1,1001,-0.8661544423733045,-0.8695458238637855,"[-0.8675780307245424, -0.8695458238637855, -0.8613394725315855]"
1e021235-1577-4817-bbcd-d831d5ba0464,#-1:8efea4da-b6c3-4af3-8f78-d5996c69dff8,#-1:9c3ef763-cdfa-40b8-bd37-a35a3ba61fc2,0.9501397719290163,0.2552436395006072,-0.6948961324284091,"[-0.7093625055569898, -0.6763106112172066, -0.699015280511031]",-0.7093625055569898,False,-1,213,-0.8214923903887131,-0.82809855126591,"[-0.8220082319445796, -0.82809855126591, -0.8143703879556496]"
e7f41a77-445f-4b58-b5d8-7238f99de039,#-1:52e95e4b-51a4-4ebf-852c-e291a6273b55,#-1:75a32d5a-ea35-41be-82e9-664c3a9da346,0.7074454572148596,0.002176983693267449,-0.7052684735215922,"[-0.7027756249850382, -0.710510717760132, -0.7025190778196065]",-0.710510717760132,False,-1,1479,-0.5545746164678346,-0.583805764879847,"[-0.583805764879847, -0.5233951450736579, -0.5565229394499988]"
0c0e4342-e8fd-4187-82c5-78076f6c65ab,#-1:0b05c238-db49-45ff-b6e1-709696a9a80b,#-1:f3c58576-3104-410e-9042-b9efa788ff08,0.9836886263808674,0.29499888320926043,-0.688689743171607,"[-0.6747996275124857, -0.6792069913692709, -0.7120626106330643]",-0.7120626106330643,False,-1,87,-0.8374112225767182,-0.8459070395708721,"[-0.8372072571297295, -0.8459070395708721, -0.8291193710295528]"
3c69b34b-2cfa-4097-9f9e-aa8ff9f4a939,#-1:fe20693d-76d4-4e7c-8a67-82ae22d33ed7,#-1:a9dc6d35-fa69-4b70-8506-484b12039198,0.9938235634592724,0.2945832437979929,-0.6992403196612795,"[-0.7121769713779862, -0.6962777133409874, -0.689266274264865]",-0.7121769713779862,False,-1,423,-0.9364979955080539,-0.9398925621987227,"[-0.9360158149815015, -0.9398925621987227, -0.9335856093439374]"
c158a036-0675-44c7-aeaf-dd80270fb952,#-1:abb54d4d-b975-4ce8-af23-59029bda410e,#-1:5856cf2b-c5d4-47cf-8708-a4ed22459795,0.8453732506045716,0.14243767709093916,-0.7029355735136325,"[-0.7080226285723419, -0.7147447846057653, -0.6860393073627902]",-0.7147447846057653,False,-1,1231,-0.7981694631034353,-0.8018004998302755,"[-0.797721507298322, -0.7949863821817083, -0.8018004998302755]"
332d472a-9e4a-4ee4-9519-a8aa0801101e,#-1:d0376597-0cc9-40c3-83b9-ed340bbe9f0f,#-1:ae23e501-461d-40fa-99b6-cbb7a7aeeeb1,0.8849193460598057,0.17781917759596466,-0.707100168463841,"[-0.709515432345328, -0.7149721376026613, -0.696812935443534]",-0.7149721376026613,False,-1,344,-0.9830356792968805,-0.983955156294331,"[-0.9838627018121191, -0.983955156294331, -0.9812891797841915]"
485a30de-40db-465d-b217-6a19f45f1dda,#-1:d4192a3a-8641-4d1b-a1f7-83429bb9cabc,#-1:bee6ff16-9c6c-49ef-a74c-17a42f50251a,0.7079474424307429,0.0022088031453436105,-0.7057386392853993,"[-0.7077217842974948, -0.7162050975206341, -0.6932890360380689]",-0.7162050975206341,False,-1,487,-0.911813577851766,-0.9162121112508677,"[-0.9147079573350643, -0.9045206649693658, -0.9162121112508677]"
cecba1c6-91af-48ae-895f-7e0f527afb0d,#-1:1427f88e-7364-4358-a2af-87267216706f,#-1:11020261-aa33-4f6d-9ac3-0b05a862b6f3,0.7571411831955109,0.04474922432222833,-0.7123919588732825,"[-0.7168834327746636, -0.7077129363796354, -0.7125795074655488]",-0.7168834327746636,False,-1,1310,-0.7796498889226265,-0.7846126307740736,"[-0.7752927588289403, -0.7846126307740736, -0.7790442771648656]"
084a9538-a430-4061-9de2-c65987498989,#-1:c43c7dbd-22c0-4dc5-bb0e-b8187d8c57c6,#-1:e52e4fc2-d1b5-4ac3-8c36-06fd928fa6fe,0.9601839340685147,0.24522033593581347,-0.7149635981327012,"[-0.7179486016695995, -0.7145280923208789, -0.7124141004076254]",-0.7179486016695995,False,-1,57,-0.5599850425115391,-0.5755390511001471,"[-0.5421341609164181, -0.5755390511001471, -0.5622819155180523]"
e5465f4f-cada-4673-bba2-c29977e303cc,#-1:c2ae13fc-eb88-446b-9c81-70e9745943a3,#-1:e9c21e18-9488-4cea-8b78-e67e9a3ad235,0.8180830821928885,0.10266465854946999,-0.7154184236434185,"[-0.7184875761743574, -0.7099596627857441, -0.717808031970154]",-0.7184875761743574,False,-1,1462,-0.8808512566179342,-0.8899571788528321,"[-0.8899571788528321, -0.8793762470289972, -0.873220343971973]"
9d546aa6-ddbe-45cd-a634-66d90154f379,#-1:1facd6ad-dd1b-4da7-8e52-11252ccfaad7,#-1:d5f6f472-90fe-4d54-9944-c93c4e497283,0.9141818995490033,0.2148997316622102,-0.6992821678867931,"[-0.7015566057272776, -0.7210780711142051, -0.6752118268188966]",-0.7210780711142051,False,-1,1026,-0.9859022194393803,-0.9885232695734063,"[-0.9850974197866359, -0.9885232695734063, -0.9840859689580986]"
8049234d-2f2f-47e1-bc7e-ff17a155641f,#-1:7bfb5517-0c3d-4bef-888f-a453f9194aa5,#-1:e779fcdd-c732-4e08-bcce-93e74c4527f4,0.959979540303781,0.24533728936887744,-0.7146422509349035,"[-0.7049529250827584, -0.721335714580495, -0.7176381131414574]",-0.721335714580495,False,-1,834,-0.8700548519676553,-0.8752449667106007,"[-0.8643069979842373, -0.8706125912081278, -0.8752449667106007]"
86da465f-a67c-4b1e-bd3f-7ac3513c2924,#-1:6109e16e-6494-4106-bd05-ab6b23e7f172,#-1:b9323c67-8f5c-49d3-9081-2cd0187c5786,0.9035346510073898,0.2058809203368738,-0.6976537306705161,"[-0.7221338982282272, -0.694353485286028, -0.676473808497293]",-0.7221338982282272,False,-1,872,-0.8828071085950171,-0.8916564212442409,"[-0.8828603843786058, -0.8916564212442409, -0.8739045201622042]"
21b0663a-112c-404f-889e-529b3e249a3e,#-1:d4e19afe-29b1-410a-be3f-8746a4b053fb,#-1:9592fea6-82e1-4a40-9cfa-8f1e8d0766f8,0.8515624758469212,0.1467584445881358,-0.7048040312587854,"[-0.6984150547609642, -0.6925709530922207, -0.7234260859231714]",-0.7234260859231714,False,1,230,-0.9009804912476426,-0.9083084853864356,"[-0.8988708648640462, -0.8957621234924457, -0.9083084853864356]"
372db323-dd59-4aa0-b9f7-9750f0f78e64,#-1:392e2e41-b4a3-4934-b008-d8b7d0b97645,#-1:9c1161bd-7d75-4785-8be3-33c3135de082,0.8037551556675299,0.10378348070678223,-0.6999716749607476,"[-0.7246658824885678, -0.6574659443385237, -0.7177831980551516]",-0.7246658824885678,False,-1,374,-0.6566608473944494,-0.6742052681021344,"[-0.6449624115525215, -0.6508148625286921, -0.6742052681021344]"
c97f5920-6ec4-4340-9197-7178f6ed78f9,#-1:8e78f638-02ce-450a-8f58-76bc96770633,#-1:866c693d-4882-4f55-94a3-943b2d41914d,0.718929496546567,0.0022983284360542366,-0.7166311681105128,"[-0.7125736488727187, -0.7121665625479187, -0.7251532929109011]",-0.7251532929109011,False,-1,1276,-0.8684668953592908,-0.8805877330278825,"[-0.8658489648950821, -0.8805877330278825, -0.8589639881549076]"
86571ede-10de-4eaa-b8bb-ecdecae4c7b9,#-1:0ef1aa19-be48-437e-b43d-932e06c61f1a,#-1:d1227e93-b476-4056-9813-312931326e7c,0.8102355731400802,0.09627752192556249,-0.7139580512145177,"[-0.6942817018596724, -0.7260217946314531, -0.7215706571524273]",-0.7260217946314531,False,0,869,-0.7201863547658213,-0.7247618208815684,"[-0.7247618208815684, -0.7179301790182185, -0.7178670643976769]"
7a0be36f-83bc-4cd3-92fb-2c3b74deb691,#-1:5c8bedf8-e70b-428b-b550-07ef7e48351f,#-1:45972e79-7632-4282-bfad-92ac83788c8d,0.9173128821474371,0.20325469449715716,-0.71405818765028,"[-0.6950368387834618, -0.7209084234034425, -0.7262293007639354]",-0.7262293007639354,False,-1,799,-0.9128441640299765,-0.9321242035806986,"[-0.9321242035806986, -0.8986713481002305, -0.9077369404090003]"
383326e3-ab80-4b34-a1c6-6bc7b8c04d9c,#-1:6d2c69d1-1f59-4624-9ff9-afa957462493,#-1:628184bc-279a-4a06-bb4a-af8909f5946f,0.8087184655563343,0.10405566794782029,-0.704662797608514,"[-0.7264626456124424, -0.663226133738554, -0.7242996134745457]",-0.7264626456124424,False,-1,386,-0.6664314480991945,-0.6895130525399188,"[-0.6595011611637044, -0.6502801305939603, -0.6895130525399188]"
84e2ab9f-4c20-4e17-975e-d02e9c23ab08,#-1:6a4b973c-900f-4c15-aa5b-1c529366e392,#-1:c8400c15-0209-408a-b2c2-9008394a8acc,0.7077342290808822,0.0007493370135986158,-0.7069848920672837,"[-0.6846733640010161, -0.7089820577220955, -0.7272992544787396]",-0.7272992544787396,False,-1,856,-0.7596466190331567,-0.7627381212781741,"[-0.7627381212781741, -0.7585513271226154, -0.7576504086986803]"
065f03a2-3051-49d0-b5bb-b4c1f9b05ff9,#-1:7a82822f-052d-4fb7-b831-2702037b4be6,#-1:2429efad-9cef-453b-8473-1964ef82d7d3,0.8858760112945333,0.17221897138032868,-0.7136570399142046,"[-0.7018670421783704, -0.7113481702599262, -0.7277559073043169]",-0.7277559073043169,False,-1,42,-0.9886147712689186,-0.9921780122124629,"[-0.9877512688599475, -0.9859150327343454, -0.9921780122124629]"
24c818d2-2ead-4ee8-bb57-2fbb6b5cce6a,#-1:d7fe4cce-c29c-4288-ab5a-f75dedbe6527,#-1:f2624731-261b-4bc5-8a8a-ff256180c037,0.7693848320033959,0.05745177774219525,-0.7119330542612007,"[-0.7278057096424095, -0.7077656569851636, -0.7002277961560289]",-0.7278057096424095,False,-1,249,-0.8968524308434637,-0.9056198788966494,"[-0.8915796250912283, -0.9056198788966494, -0.8933577885425136]"
4c934f5f-629a-41f3-863e-1b509085a685,#-1:6458332f-94cb-4af6-9cea-fb428444a404,#-1:7a777b44-7167-45bd-905f-a8b5e316f8ed,0.8057418026006068,0.09264194732894891,-0.7130998552716579,"[-0.7004783440702472, -0.7289094625221301, -0.7099117592225964]",-0.7289094625221301,False,-1,517,-0.9715814798150264,-0.9776918262875939,"[-0.9776918262875939, -0.9676193862575115, -0.9694332268999738]"
ebcde47e-f9cb-4d76-8c34-4ae1b02eb138,#-1:120638a7-cc04-46bb-b45e-e81e7c367cee,#-1:49dbd8fc-7fea-47cc-a2ff-660b1799a921,0.9993424183083022,0.2787246286906612,-0.7206177896176409,"[-0.7057384577366766, -0.7267248162919254, -0.7293900948243209]",-0.7293900948243209,False,-1,1509,-0.9889022217209299,-0.9904072517511916,"[-0.9904072517511916, -0.9889888567357134, -0.9873105566758846]"
3e9c5833-5181-41d3-b65c-c6a5a4ccefcc,#-1:52cbb4c9-71b5-48db-99fb-3a91b27db38c,#-1:6f7078bc-142e-4697-af81-c94b4b299207,0.8511003799124621,0.13742362317286327,-0.7136767567395988,"[-0.6847473802147528, -0.7295198438452204, -0.7267630461588231]",-0.7295198438452204,False,-1,435,-0.9917355252997381,-0.9946036086122333,"[-0.9914734015830848, -0.9946036086122333, -0.9891295657038958]"
be5a365d-7863-4e9f-bef2-8f16936d6ae0,#-1:edb97cb7-152a-4713-9c5a-d4a47051be96,#-1:dce3839d-86d2-4148-85a4-225aebc7de37,0.9520213819498338,0.2249862447539952,-0.7270351371958386,"[-0.7293755301127305, -0.7295694620276267, -0.7221604194471586]",-0.7295694620276267,False,0,1214,-0.5513621339696614,-0.5570762994582728,"[-0.5570762994582728, -0.5449311163382573, -0.552078986112454]"
dac7f005-e9eb-4826-8e64-78c4f387a8bb,#-1:7b893bd3-a24b-4e34-847f-88f106532f96,#-1:525142a9-e3c2-43f9-8faf-05e58ab52a38,0.8340588003122419,0.11351882311417526,-0.7205399771980666,"[-0.7068939100801005, -0.7248983663450694, -0.7298276551690299]",-0.7298276551690299,False,0,1394,-0.7314109780261587,-0.7374866175135077,"[-0.7374866175135077, -0.7305041883422277, -0.7262421282227409]"
416fefe4-2544-4619-9204-acef86fbf80c,#-1:d944985f-5e8a-4985-a793-056fe0eed8b6,#-1:1b96cd52-0926-4c4e-964d-4f320d673204,0.7233464923310068,0.010137258715002704,-0.7132092336160041,"[-0.7208413813661776, -0.7299823764879754, -0.6888039429938589]",-0.7299823764879754,False,-1,453,-0.9611060842585054,-0.9647381219030144,"[-0.9615884042356321, -0.9569917266368694, -0.9647381219030144]"
0668b977-62e2-41c8-8571-51ff75538023,#-1:3e8cdab7-339d-4ac5-84a4-d296e2f071ab,#-1:6bcce52e-b99a-4dbf-b21e-3bf4a4656c53,0.9491489068731745,0.23943170493854216,-0.7097172019346324,"[-0.7318025308053937, -0.6939130239524822, -0.7034360510460211]",-0.7318025308053937,False,-1,43,-0.9641756582175857,-0.967696347621067,"[-0.960529904708017, -0.9643007223236726, -0.967696347621067]"
9e832fbf-867e-4214-bd24-7f57c76a60aa,#-1:73434b60-202c-449f-b74e-b328941673a2,#-1:c10e9e47-ca5c-4a59-9a05-916ae8009fc9,0.9624895401060428,0.2357517483281526,-0.7267377917778902,"[-0.7331735148660365, -0.7260044154068601, -0.7210354450607741]",-0.7331735148660365,False,-1,1034,-0.9912683788275974,-0.9924092620672654,"[-0.9889937485021139, -0.992402125913413, -0.9924092620672654]"
418ac63c-2f3b-422f-b5c7-f059ac091ebd,#-1:0ab18e5a-50cd-4201-ad42-adbf066c23c6,#-1:d762bc6f-0a52-414a-8bfd-c34dde6a6921,0.7205914659707909,0.0010409354635392179,-0.7195505305072517,"[-0.7146360033408986, -0.7107712681380739, -0.7332443200427824]",-0.7332443200427824,False,0,454,-0.7277071541025807,-0.7307977563982748,"[-0.7307977563982748, -0.7267445623996374, -0.7255791435098299]"
2c17662c-7ff5-4c00-9933-48c52e4477fb,#-1:980eccd3-168e-4e19-9d4e-a9acab9af051,#-1:7ab233e6-803f-443d-97f3-25713afe8489,0.7612820389760439,0.03772733260189334,-0.7235547063741505,"[-0.7335752757477598, -0.723704331451434, -0.7133845119232577]",-0.7335752757477598,False,-1,296,-0.7645821413005859,-0.7721609978571896,"[-0.7558270451423071, -0.7657583809022611, -0.7721609978571896]"
50f7b890-dc77-4492-b73d-fff70f2ab907,#-1:9e91de9e-f62d-4d74-a99c-64bd6dd852b7,#-1:0f06027a-6bd1-4867-8ed9-7587b9f05bec,0.9744589171527797,0.24776928529857445,-0.7266896318542052,"[-0.731021875464072, -0.7358836330078444, -0.7131633870906993]",-0.7358836330078444,False,1,538,-0.8549723157875415,-0.871033992675666,"[-0.8488248768547054, -0.8450580778322532, -0.871033992675666]"
38036184-e69f-4ef4-97cb-b175c29ed885,#-1:b76c58fb-b492-455a-8d37-af325fa7aa49,#-1:514feea3-f538-423d-9527-f2ab91a818ea,0.7273296958337179,0.00027390992778788376,-0.72705578590593,"[-0.7365914775383396, -0.7181286646581132, -0.7264472155213371]",-0.7365914775383396,False,-1,383,-0.9737245942365492,-0.9744348887686187,"[-0.9730920074584608, -0.9736468864825685, -0.9744348887686187]"
0290c216-7731-4a58-9e6d-8b14f4c295ff,#-1:9274b4bd-8640-4eae-b66a-a180a18701f3,#-1:07560f7f-4514-4b49-8f5c-53054d1a375d,0.7072596564500883,0.0052490482613776505,-0.7020106081887106,"[-0.7366711652972412, -0.6894826881864538, -0.6798779710824371]",-0.7366711652972412,False,-1,18,-0.7138606283963633,-0.7171355990806626,"[-0.7146283869670323, -0.709817899141395, -0.7171355990806626]"
88169c9e-ce37-4c95-b5f0-3d4b6ee11213,#-1:e146b9de-3a03-40ab-8e8e-47152affcad5,#-1:281c10ff-6c27-46d5-886d-7a12d7eee7f0,0.9584045189559248,0.23799257722197242,-0.7204119417339524,"[-0.7110860462919355, -0.7373052736220106, -0.7128445052879113]",-0.7373052736220106,False,-1,882,-0.9585708708445987,-0.9616512732105463,"[-0.9616512732105463, -0.9533344369997242, -0.9607269023235254]"
5e256124-0049-4a68-b3f7-e538f9313baa,#-1:c820e750-2860-44e6-b5f3-da1bc239c454,#-1:fa40f891-17cd-4b32-ac42-181360dce720,0.9025157236658217,0.17610617800211,-0.7264095456637116,"[-0.7243898663784263, -0.7373995006925691, -0.7174392699201397]",-0.7373995006925691,False,-1,622,-0.9619623546184101,-0.9646666747178937,"[-0.9628203488116832, -0.9646666747178937, -0.9584000403256535]"
705b81e8-79ec-400f-8351-e2a4e3ba5b7c,#-1:de592b94-5593-4e2f-86b6-afb647b2d469,#-1:36a8271b-3ad9-417f-9a17-23ba67c15715,0.8708432613176648,0.13528855025046416,-0.7355547110672006,"[-0.7365293980154693, -0.737812034095005, -0.7323227010911278]",-0.737812034095005,False,-1,745,-0.8254792896069328,-0.8319051975106425,"[-0.8196355964153685, -0.8319051975106425, -0.8248970748947878]"
2981b05d-555f-4c1f-8981-6b1258f9e4c7,#-1:33abd7ea-9dfc-433d-80f3-f3ca95b84b9a,#-1:00a1cde4-b345-4fdc-8ef3-308fb82c9a20,0.722450162894964,0.017689447976952283,-0.7047607149180117,"[-0.6883662031363713, -0.6879795489025505, -0.7379363927151134]",-0.7379363927151134,False,-1,276,-0.8915980062909176,-0.897285014590781,"[-0.8921726302369475, -0.885336374045024, -0.897285014590781]"
badec0c6-c859-49e0-b2fd-ee87957df9c9,#-1:6bc74dc9-8ce3-4fe7-8661-789544320a06,#-1:a782508d-b755-43d0-9afc-12fccf854eac,0.8164720043793806,0.09352933037170474,-0.7229426740076759,"[-0.7051284613427273, -0.7247306309902476, -0.7389689296900527]",-0.7389689296900527,False,-1,1198,-0.9127898638618142,-0.9194743138658156,"[-0.9194743138658156, -0.904226003813825, -0.9146692739058021]"
9f2dcdce-52a7-4cfd-8d0c-34f44be617f1,#-1:73958b0a-01b1-4c33-a5a6-8a6c31e4fbf3,#-1:165bbefe-1d42-4371-b6eb-8b3a305d74a7,0.8808517538467754,0.1622782020740057,-0.7185735517727697,"[-0.6925360887852826, -0.724120624883209, -0.7390639416498174]",-0.7390639416498174,False,-1,1037,-0.9703631492892456,-0.9737370618123784,"[-0.9737370618123784, -0.9636902529504128, -0.9736621331049455]"
e070f170-7cca-4fb4-8bcf-399c6c45da7d,#-1:65a78997-5ccc-4cfb-a2be-72f8ef0a280d,#-1:814c0b1f-47d3-4240-8b39-41dbe90e7cdb,0.9103978790741136,0.17961779827885493,-0.7307800807952587,"[-0.7300818809846379, -0.7393806633038025, -0.7228776980973356]",-0.7393806633038025,False,-1,1433,-0.9654667645181201,-0.970168966026153,"[-0.970168966026153, -0.965345017438579, -0.9608863100896281]"
a6b39538-fa4f-4a7f-a346-0dbcf33a31fd,#-1:187cebcf-d2b2-4600-b21e-fa81b0ba931f,#-1:ce434cf4-b4bc-4832-bc2b-6767fb582dbe,0.9399004739318878,0.22778779053576448,-0.7121126833961233,"[-0.6905897368748837, -0.7396958279424996, -0.7060524853709869]",-0.7396958279424996,False,-1,1084,-0.9885218261073375,-0.9904592294454003,"[-0.9898228476913905, -0.9904592294454003, -0.9852834011852215]"
c033d20e-8dd8-42a8-aef3-7860d3a46af6,#-1:1cdf3a42-d21e-42d9-82ba-80cd13245e0a,#-1:df8bc65e-827e-4ae0-85bb-7c99ceab8b3b,0.9502924667216059,0.23010441366221687,-0.720188053059389,"[-0.6987783159047014, -0.7400230839243962, -0.7217627593490695]",-0.7400230839243962,False,-1,1222,-0.949859485668466,-0.9576820006575194,"[-0.9429556484044339, -0.9576820006575194, -0.9489408079434449]"
be5a107b-7cee-4190-8e0c-a4ca0d92680a,#-1:9953cc53-e0f2-4c32-92e7-1952164b2833,#-1:161c906e-5b68-49fa-8f93-e9ed20424b9c,0.7686530038151363,0.04030892206492963,-0.7283440817502067,"[-0.7415119503266614, -0.7272381569291894, -0.7162821379947696]",-0.7415119503266614,False,-1,1213,-0.8855088481015185,-0.888897366103538,"[-0.8845369776724181, -0.888897366103538, -0.8830922005285996]"
8d9a9b61-78a3-4302-92ec-729e773e230e,#-1:220a9abb-6b43-43c2-bd9f-634dece15a5a,#-1:9cf12510-0ef5-4483-99f1-56b27bd6e796,0.7909861769679797,0.05557578353759022,-0.7354103934303895,"[-0.7217562650414895, -0.7428019383558595, -0.7416729768938195]",-0.7428019383558595,False,-1,918,-0.8897578920947796,-0.8956961741223718,"[-0.8857182611629388, -0.8878592409990284, -0.8956961741223718]"
e9d4cc86-2cae-4511-bf4d-61bbc9c4ef22,#-1:8a77a02f-becb-4b80-9bf8-173a124d896c,#-1:0493d024-4c92-480e-9e03-32ee3f2ce6dc,0.9842835302333337,0.25684274106405924,-0.7274407891692745,"[-0.7104060266059586, -0.742812338176307, -0.7291040027255578]",-0.742812338176307,False,-1,1495,-0.9208450951924742,-0.9237517004237707,"[-0.9237517004237707, -0.920424373451512, -0.9183592117021395]"
617ce3b7-589c-4890-98b0-ff793bbccd39,#-1:e4847c3c-dd07-4279-80bc-ca15dae06ed1,#-1:ce9bc183-3aee-4c99-9dc9-ba1351563383,0.9327928397571233,0.19495679730171248,-0.7378360424554109,"[-0.7449648995234267, -0.7250408737953379, -0.7435023540474681]",-0.7449648995234267,False,-1,646,-0.9052301503224531,-0.9070445321967106,"[-0.9060490590535343, -0.9070445321967106, -0.9025968597171145]"
b2160948-6da1-42db-99ce-78da20621906,#-1:bb98c0be-425a-4e93-b972-0b1bc2f4cc68,#-1:ca714ac5-bd3a-4f5a-b9a4-6a5bd2079c6d,0.9050073786735114,0.16220328797724318,-0.7428040906962683,"[-0.7390560885864813, -0.7442963257598791, -0.7450598577424439]",-0.7450598577424439,False,-1,1152,-0.9645600783494245,-0.9726735652521147,"[-0.9726735652521147, -0.9597295652451643, -0.9612771045509944]"
cc815cb4-8d92-45b0-b8b3-237eff526f0e,#-1:a6c90585-f7a8-4f92-8b7d-5f9a456c3bb4,#-1:10b7073b-9a0e-4aeb-b360-36d906fd1365,0.837289967524549,0.10179939588843973,-0.7354905716361093,"[-0.7460500770257531, -0.7314696415807869, -0.728951996301788]",-0.7460500770257531,False,-1,1298,-0.8990901935756904,-0.9023207842458564,"[-0.9023207842458564, -0.8954518641886944, -0.899497932292521]"
33b6bbd8-bb30-4147-a6de-de5ad8aa779d,#-1:bf6341e6-fdb7-4f96-96e9-25fac2f518e4,#-1:b10f38a5-192b-460c-a5bf-b1e71e6a6f68,0.9243346717127056,0.18676245603713382,-0.7375722156755717,"[-0.7407268314555522, -0.7248875701409175, -0.747102245430246]",-0.747102245430246,False,-1,350,-0.9378856072301213,-0.9432282359123026,"[-0.9319668664160832, -0.9384617193619779, -0.9432282359123026]"
aada36f8-508f-44d6-bb72-1540ae08b463,#-1:8cbe07a1-9b58-4eba-a519-409f742f70ea,#-1:5ec7a9d3-5673-47ee-9b03-c4602421fba2,0.8017043395381006,0.060736166434124696,-0.7409681731039759,"[-0.7315162406294674, -0.7476776616224471, -0.7437106170600131]",-0.7476776616224471,False,-1,1105,-0.8665682956421524,-0.8734922804987112,"[-0.8552126718989198, -0.8709999345288261, -0.8734922804987112]"
396f71ba-3b3e-420b-8a67-d87db693f65c,#-1:871b340c-8fbe-4efa-8505-f9479a6f2e22,#-1:b6369ef4-de2c-4782-b73a-2d7716c3fbb4,0.7679189449516696,0.033377868538164185,-0.7345410764135054,"[-0.714089051452728, -0.7409569815316304, -0.7485771962561577]",-0.7485771962561577,False,-1,395,-0.8842918643220173,-0.8914687224570098,"[-0.8758369105535051, -0.8855699599555371, -0.8914687224570098]"
30088efa-3569-45c6-bb38-c7c99d7b1619,#-1:5a19ddd7-7653-4d03-932f-24b29efdc057,#-1:f2c6755d-c116-4375-bb60-53bd90dbeaa1,0.7710114545276109,0.022426051429335514,-0.7485854030982754,"[-0.7498128089922861, -0.7451788858753158, -0.7507645144272244]",-0.7507645144272244,False,-1,320,-0.7741841606143645,-0.7756009548868593,"[-0.7756009548868593, -0.7729754646884516, -0.7739760622677827]"
43852af5-16a5-4160-a925-7a14cbd228ee,#-1:ed013366-67ac-47b3-9eb0-e8a840ca4c65,#-1:fb423eda-eccf-4268-9572-67ede2577a0e,0.8388532872635217,0.09394030491087925,-0.7449129823526425,"[-0.7314831057205053, -0.7504852997158635, -0.7527705416215587]",-0.7527705416215587,False,0,467,-0.9599499870579509,-0.966923447707583,"[-0.9564346750103339, -0.956491838455936, -0.966923447707583]"
45cc8393-66ff-4852-b214-4956870760b7,#-1:2cc9efe0-ea21-41fa-8184-e6738a6c2167,#-1:69f2fd28-8440-470c-b16b-578339ed8158,0.7442864326144639,0.0011216001354359274,-0.743164832479028,"[-0.7543331539905013, -0.7431435608905643, -0.7320177825560182]",-0.7543331539905013,False,-1,474,-0.8945457575690329,-0.897829841609515,"[-0.890765575203989, -0.8950418558935948, -0.897829841609515]"
93fc2488-7661-4326-a2db-a915d9d90ef3,#-1:7c4243d8-bf63-4e7b-84ae-d17e7b198f6e,#-1:9285fd30-d828-4041-9f68-c568fa4709e3,0.9370052187853258,0.1855083320020016,-0.7514968867833243,"[-0.7545009413210195, -0.7480963051253617, -0.7518934139035914]",-0.7545009413210195,False,-1,951,-0.9945773621439756,-0.996029644256475,"[-0.996029644256475, -0.9926735577793727, -0.995028884396079]"
40267adb-ba3e-4f72-a419-f1f4d458cc7c,#-1:b89c9271-9984-4a74-af51-2aefc27c5ec4,#-1:49465df5-760d-4ba3-9332-4408f4205824,0.9611680833029065,0.2152853195954588,-0.7458827637074477,"[-0.7312118389850116, -0.7562040316971587, -0.7502324204401728]",-0.7562040316971587,False,-1,447,-0.9971430259686795,-0.9978709237481355,"[-0.9957734856850736, -0.9978709237481355, -0.9977846684728295]"
102783ea-c7e6-418d-bfc0-8272e2e24cfc,#-1:d48a8c5b-2359-459f-8924-02d5d8a03ac1,#-1:56f9ef4b-723e-4f4a-9bfd-8cd8502378ca,0.7471124766321862,0.0,-0.7471124766321862,"[-0.7514761032663172, -0.7581879295022002, -0.7316733971280412]",-0.7581879295022002,False,-1,117,-0.7322916328833227,-0.7431157411181852,"[-0.7230514316663681, -0.7431157411181852, -0.7307077258654147]"
f0533316-7eb2-42a6-ad8f-4768f5321fe2,#-1:d666c22b-fd4d-462e-8edf-e3d61f6838b7,#-1:93b89531-1d77-418b-bce3-14d416070e55,0.783444039686959,0.03728156692418228,-0.7461624727627767,"[-0.727781186529371, -0.7589285277773951, -0.751777703981564]",-0.7589285277773951,False,-1,1540,-0.9726906480428751,-0.9790039304360013,"[-0.9720730499272318, -0.9669949637653922, -0.9790039304360013]"
218bd01a-e560-494d-b4f5-153b90331a64,#-1:0dcd6b1c-28c2-4ba6-aa5f-4de19672866c,#-1:0f277943-7ac4-4e31-acc4-e481e45c78aa,0.7560195730291598,0.009042400452753936,-0.7469771725764058,"[-0.7328202541654222, -0.7481503514981191, -0.759960912065676]",-0.759960912065676,False,0,229,-0.7994940366248167,-0.8261855082041853,"[-0.8261855082041853, -0.7765129290991767, -0.7957836725710877]"
ad5ab046-5174-4374-88b0-804f6653b046,#-1:7731330f-ef6f-44dd-8eb9-af48176c4466,#-1:c200cd6f-02c6-4e6d-a5da-cc3b52b91baf,0.7582482314107022,0.01053108147779071,-0.7477171499329115,"[-0.7459765445467019, -0.7602951202038833, -0.7368797850481491]",-0.7602951202038833,False,-1,1120,-0.7187594382654446,-0.720514728270479,"[-0.7182333305922506, -0.7175302559336041, -0.720514728270479]"
a0db163a-ebe6-4261-b129-f826da04dd0b,#-1:e31eac15-b48d-48e4-8d91-bbb5edb40bae,#-1:df82130f-6a26-46ee-93fa-a6c0be5f4ce1,0.943751625926795,0.20196363937476833,-0.7417879865520266,"[-0.7147716668982842, -0.7498565709631069, -0.7607357217946886]",-0.7607357217946886,False,-1,1049,-0.995709708535118,-0.9968101674413206,"[-0.9968101674413206, -0.9950229013606768, -0.9952960568033568]"
a7ab14aa-7b63-4167-87f5-fcf9dc3bb390,#-1:434ff98f-774d-4147-bfa1-5a73a9d5f725,#-1:76b860d4-f495-40a3-aa7d-2a6ef37287a8,0.8218860307567257,0.06724924259198799,-0.7546367881647378,"[-0.7492426279534683, -0.7534801027146173, -0.7611876338261275]",-0.7611876338261275,False,-1,1091,-0.9781124011862312,-0.9799395286806449,"[-0.9793324099824618, -0.9750652648955868, -0.9799395286806449]"
152fcd8a-1c7c-4c24-94d3-884d10b94e21,#-1:23b18c1c-3cbe-466e-8252-8b6d120db5bd,#-1:faaae83e-8d3f-4c61-80b5-c07dc5b80052,0.95873141025004,0.20745343194610022,-0.7512779783039398,"[-0.7616811401387672, -0.7504914928824089, -0.7416613018906436]",-0.7616811401387672,False,-1,155,-0.998721386358243,-0.9996379433048633,"[-0.9980161865313336, -0.9996379433048633, -0.9985100292385323]"
1ce8624e-bdb3-4ab4-9dac-9e520bf28a0c,#-1:31f99738-a6b1-482f-87d0-9c5caff85311,#-1:6113db85-3746-4179-bafc-aa0fdc903e28,0.7578616434307136,0.0,-0.7578616434307136,"[-0.7617780641607906, -0.7581190244931268, -0.7536878416382234]",-0.7617780641607906,False,-1,202,-0.9637371587820867,-0.9690951550988617,"[-0.9636242483234873, -0.9690951550988617, -0.958492072923911]"
7598c31f-b9eb-4ddd-9332-dd725b9ae445,#-1:3a897ce1-232e-4a64-9922-d4a9ab849903,#-1:cab3db1b-a892-4ca6-aa57-da9a68ab8d5f,0.8215431129410016,0.07984038491526176,-0.7417027280257398,"[-0.7628952227751266, -0.7173032739013192, -0.7449096874007738]",-0.7628952227751266,False,-1,777,-0.6742722739576138,-0.6786467033345699,"[-0.6786467033345699, -0.6685066338542811, -0.6756634846839903]"
94131063-859f-401c-a2bd-278389d67a51,#-1:dcee4d5c-99ed-4c9f-a983-f2ce666d3575,#-1:fa510c01-1610-494d-989f-ede87d1812b9,0.9470075745889398,0.19546961986844322,-0.7515379547204966,"[-0.7578036089459546, -0.7632468206384927, -0.7335634345770425]",-0.7632468206384927,False,-1,952,-0.38336273702284873,-0.3988093742858449,"[-0.3988093742858449, -0.3547553981298509, -0.3965234386528504]"
8a3b4f26-1077-4d78-b20a-f0e9bc076e28,#-1:8e5e4c69-1308-4112-91a5-efbd75d46dce,#-1:023691c1-64a0-4393-a906-68245e48e12a,0.8814304054288326,0.13584402402944085,-0.7455863813993917,"[-0.763680752268564, -0.7419646155123817, -0.7311137764172294]",-0.763680752268564,False,-1,895,-0.9403272708417546,-0.94627667113679,"[-0.9354215107073955, -0.9392836306810781, -0.94627667113679]"
e305dfd5-bce0-412d-9b83-697f02ff3846,#-1:7230fef2-2d70-4f28-9fb3-7d0520e9fe72,#-1:967f3a75-e191-4468-ab32-8145922212fa,0.9162840104765544,0.16887964666391034,-0.7474043638126441,"[-0.7644979928457617, -0.7444941701719963, -0.7332209284201742]",-0.7644979928457617,False,-1,1452,-0.8693814925750774,-0.88346957494976,"[-0.88346957494976, -0.8630239575496309, -0.8616509452258412]"
ee467da2-c906-40c5-b8ce-6f5eb249bb80,#-1:2e9e7c74-ea1f-4732-8704-d695f6c94f93,#-1:62dde108-c9e4-471d-a87e-41b32bc7ec87,0.930851258692388,0.16775712335039053,-0.7630941353419975,"[-0.7640281142777825, -0.7599135474307156, -0.7653407443174942]",-0.7653407443174942,False,-1,1528,-0.9864080172101835,-0.9897887923228696,"[-0.9897887923228696, -0.9837983908354968, -0.9856368684721839]"
5a7a7116-6091-4ce4-a1a8-81a9346e2112,#-1:c14ab23b-d68d-41ea-8ba4-38d355e1c0f2,#-1:7767a76e-f84a-4961-9276-40ed45130e29,0.9742334957044742,0.21791776487306913,-0.756315730831405,"[-0.7633395496983169, -0.7660177438353946, -0.7395898989605036]",-0.7660177438353946,False,-1,601,-0.8172750434204582,-0.8232076894515523,"[-0.8099364239437521, -0.8186810168660699, -0.8232076894515523]"
0bbb23e3-a9c5-4858-9622-3af620430c1f,#-1:ab3cf9af-faa2-4402-89de-cde094f38ac4,#-1:07284753-c890-472c-b88a-b45cbe873ee2,0.8779957477627639,0.1192771691268419,-0.758718578635922,"[-0.7491710419676483, -0.7599288619668787, -0.7670558319732387]",-0.7670558319732387,False,0,86,-0.9555892306923083,-0.9564053771863601,"[-0.9552967378988958, -0.9564053771863601, -0.9550655769916688]"
11032abb-8069-44b7-8696-4728e5edf5e3,#-1:f44d836a-d84c-4ca6-8ab2-05acea66ac90,#-1:b2009706-c76d-4c2c-84c5-4e4eb8e04a69,0.8304680873416351,0.07403943814175644,-0.7564286491998787,"[-0.7418413802681099, -0.760094726104881, -0.7673498412266453]",-0.7673498412266453,False,-1,123,-0.8151576874393193,-0.8287465433502269,"[-0.8287465433502269, -0.8050289115767683, -0.8116976073909624]"
9e36f01d-d24c-4e15-8af4-e74f78248d79,#-1:160eb7e1-3e6e-4502-ab74-0a10b024a20c,#-1:b7782e08-fb83-4d05-baf2-84b08b020bf1,0.7659037745990319,0.0007300020649031416,-0.7651737725341288,"[-0.767606598539207, -0.7614872007621557, -0.7664275183010236]",-0.767606598539207,False,-1,1032,-0.9685670637370386,-0.9738671104914437,"[-0.9662224561469973, -0.9738671104914437, -0.9656116245726751]"
b376a9fa-e082-41df-bfe9-74dbb30ab018,#-1:79fd7575-406f-430f-8696-9f48052bef93,#-1:417eb569-5b0c-4df3-bfb0-ca17c5d40d0d,0.7438662664243494,0.001810960454825028,-0.7420553059695244,"[-0.7419264272812569, -0.7161433576867231, -0.7680961329405931]",-0.7680961329405931,False,-1,1164,-0.9839401830925502,-0.9849061532233249,"[-0.9849061532233249, -0.9833442888130719, -0.9835701072412537]"
92820848-7d6c-46fa-9fd0-f2fa2caba65d,#-1:c8a0446f-fb8c-4bae-ba3f-ba772124c505,#-1:1c3cc9ed-af9a-485a-9a65-699bdc3fa6f0,0.9495882286290328,0.2097984007187164,-0.7397898279103164,"[-0.7702835284423897, -0.7130479596634701, -0.736037995625089]",-0.7702835284423897,False,-1,942,-0.9686366957872229,-0.9721136865548279,"[-0.9692430855283064, -0.9721136865548279, -0.9645533152785342]"
9b92a264-f22f-4d8e-9582-9060fbb657b5,#-1:5ebe7c90-e14a-4acc-aa03-e32953df3b7c,#-1:bb85cd6b-28f0-4320-85e6-ffc3ca2b4f03,0.9006679354946631,0.13824668687658784,-0.7624212486180753,"[-0.7707815049149361, -0.7692559883246675, -0.747226252614622]",-0.7707815049149361,False,-1,1007,-0.9373946544495925,-0.9419549491796939,"[-0.9352441094064197, -0.9349849047626637, -0.9419549491796939]"
8e75fcbe-1779-4a93-80c2-58ec2a6fb85c,#-1:613cee50-483f-4cd8-8ae9-5ca1cbfbdc31,#-1:21f8dbf2-db50-4114-b06f-9c53a0c4ccf2,0.904962724071103,0.1392307507156442,-0.7657319733554588,"[-0.7655892332447618, -0.7709459566310544, -0.7606607301905604]",-0.7709459566310544,False,-1,925,-0.9864770424871226,-0.9882339402155019,"[-0.9882339402155019, -0.9840423907875322, -0.9871547964583339]"
0d8e3f45-ef8f-444e-a3bf-4334ae981f02,#-1:881619f4-d919-4f5c-836b-e268aed09ebc,#-1:b67eee35-bb84-4f5b-8ad3-cf2f82c87615,0.7563240858111363,0.0007959189692639075,-0.7555281668418724,"[-0.7478505289679673, -0.7471600152048551, -0.7715739563527946]",-0.7715739563527946,False,-1,96,-0.9179405531016397,-0.9225373304329323,"[-0.9095048265343716, -0.9217795023376152, -0.9225373304329323]"
738a7c33-3fd6-4a4e-9b54-fa644ff25704,#-1:bd6c3405-8a34-4f48-9502-ee06074199c8,#-1:c1a9005b-14ee-46a3-b7e3-cb28b217efa3,0.8361820062068767,0.07004155143900061,-0.7661404547678761,"[-0.7582601236308839, -0.7734911276941846, -0.7666701129785595]",-0.7734911276941846,False,-1,766,-0.9813353396337355,-0.9845412886084977,"[-0.9845412886084977, -0.9811651353523302, -0.9782995949403791]"
ca6d84a4-6a00-447f-ae1e-0d8bef4fca0b,#-1:43fb1a05-0c34-4f47-81a0-e7c2be227ad0,#-1:7b0777ae-532a-48c0-9276-05840d8b3701,0.9578500686870197,0.19071849427898332,-0.7671315744080364,"[-0.7550011146056042, -0.7755913830921846, -0.7708022255263206]",-0.7755913830921846,False,-1,1280,-0.9219462869119875,-0.9249851567319742,"[-0.9240761884669586, -0.9249851567319742, -0.9167775155370296]"
3e9db977-f09d-4d0b-b927-07c97a23185b,#-1:2953dfa9-6143-492b-b451-d9716349688d,#-1:63590c18-7ef1-4189-bcf1-e78c1bd17e9d,0.9742805213668392,0.20651688752220643,-0.7677636338446328,"[-0.7756155008500234, -0.7633401924252365, -0.764335208258638]",-0.7756155008500234,False,-1,436,-0.9803913492489214,-0.9847935932962031,"[-0.9775807280961434, -0.9847935932962031, -0.9787997263544174]"
b68b7653-2c72-4178-b2c5-3330a925a58f,#-1:7c0b7fc2-3039-4b27-8be8-7674d88656bc,#-1:bccf8873-b499-446a-9cda-fc86d598b3e0,0.7631610833043346,0.0004089266964284811,-0.7627521566079062,"[-0.76135648727215, -0.7512321372923292, -0.7756678452592389]",-0.7756678452592389,False,-1,1183,-0.7940850880177285,-0.8011096382509565,"[-0.7840280431565639, -0.8011096382509565, -0.797117582645665]"
962efc7d-d068-4fb7-8923-c52ba02b8664,#-1:77ee97e7-525c-4b83-88b7-faabe7c84e81,#-1:91bde0ec-9b46-46dc-8877-172805f2639b,0.9854638354205036,0.21461584053736002,-0.7708479948831436,"[-0.7736678135696387, -0.7627123008419782, -0.776163870237814]",-0.776163870237814,False,-1,969,-0.981026756388314,-0.9830018163862698,"[-0.9792810448464059, -0.9807974079322664, -0.9830018163862698]"
4ac3cebf-d84f-48a2-9399-0066cd468a02,#-1:2e09bdea-7f02-4fdb-a424-0e3f5bcd1224,#-1:f16b8d6d-3907-4815-914c-77806678478e,0.9269209813892862,0.15653285059365515,-0.7703881307956311,"[-0.7757540384616636, -0.7771431861255637, -0.758267167799666]",-0.7771431861255637,False,-1,508,-0.9714733526271736,-0.9746394030387263,"[-0.9746394030387263, -0.9682824643503376, -0.9714981904924569]"
cd9130ba-0081-4dbf-b625-8ac638f7f984,#-1:dc173b99-5f11-44fc-8e3a-b151267a65b8,#-1:7330762c-4803-4fce-a517-c5ee5f063754,0.9010245697785729,0.13123478167716665,-0.7697897881014063,"[-0.7612482328302885, -0.7779176061965516, -0.7702035252773789]",-0.7779176061965516,False,-1,1304,-0.9233802864792199,-0.9257211118247032,"[-0.9257211118247032, -0.9222729566234635, -0.9221467909894931]"
fe8995bd-ecca-482f-8a72-961e3590898f,#-1:761d8a73-e497-47d0-9bd2-2ff5406567f0,#-1:593eba92-5a98-425a-be08-316b7d5c9e9e,0.9442450379541922,0.1765173513355168,-0.7677276866186754,"[-0.767611744668706, -0.7790404144374742, -0.756530900749846]",-0.7790404144374742,False,-1,1622,-0.9541594403384733,-0.9616304166495662,"[-0.9494160051564924, -0.9616304166495662, -0.9514318992093613]"
22c57b05-7022-47d5-87ae-d0b10a54b447,#-1:fff82a1e-45d1-4d92-84bd-336eed675629,#-1:d77b3df3-d896-4f4c-bcb8-75bb381e3575,0.7737879460991169,0.0005706337136728846,-0.7732173123854441,"[-0.7689949868509497, -0.7715237387825846, -0.7791332115227979]",-0.7791332115227979,False,-1,236,-0.9053109916550609,-0.9102516104532243,"[-0.9057697670890035, -0.8999115974229548, -0.9102516104532243]"
a4eda8cf-1e47-4f63-b643-d10946f340f8,#-1:deb0027e-a5da-447d-8b56-5e34fe0b8b81,#-1:ff7cd1f5-dc50-400d-9b9e-6e296722e3e6,0.8555670468467818,0.09128191690572258,-0.7642851299410591,"[-0.7794169181587166, -0.7665763564697344, -0.7468621151947263]",-0.7794169181587166,False,-1,1073,-0.9348873191007462,-0.9410376411282987,"[-0.9410376411282987, -0.9293628909469716, -0.9342614252269684]"
c1600ffe-0de6-4bd6-9c42-f307d4ab0158,#-1:88aa34f3-89c5-4587-bfad-d9c493568b76,#-1:fa2874e0-b354-4fd8-a944-16cf4fe5cdfb,0.8145878397671934,0.041103798713772906,-0.7734840410534205,"[-0.7607996814570098, -0.7782525250341229, -0.7813999166691286]",-0.7813999166691286,False,-1,1232,-0.9900544439433375,-0.9943065982745056,"[-0.987059974821026, -0.988796758734481, -0.9943065982745056]"
646a4a6b-5c03-4aac-89a5-05313d74fa5d,#-1:883ab417-dc86-488e-a3e9-7799d8d5355c,#-1:4e2600ad-f4ef-4c0a-a534-ea533c6c5d4a,0.7622084852179007,0.0,-0.7622084852179007,"[-0.7591810316742911, -0.7457896842779187, -0.7816547397014927]",-0.7816547397014927,False,-1,663,-0.8445301421749146,-0.8493328137041672,"[-0.8357485111911513, -0.8485091016294252, -0.8493328137041672]"
9bdf68f6-be68-4db0-9f35-e04fd419ea50,#-1:63308e82-f0fe-431a-a6f4-ea397bb2420b,#-1:4bb61258-9621-496a-8f9f-834596eb83fa,0.9311231169433302,0.15631338898633687,-0.7748097279569933,"[-0.7821988752380487, -0.7685269087326193, -0.7737033999003122]",-0.7821988752380487,False,0,1012,-0.9760049184263212,-0.9764066894676553,"[-0.976020545796921, -0.9755875200143871, -0.9764066894676553]"
545c5904-2a16-40dc-a3be-3e4cf613a4df,#-1:9c643e23-9d56-4712-8e76-85922c56ef73,#-1:62748397-028a-4284-8623-350e13b33eee,0.7899000908055461,0.011811287495082068,-0.778088803310464,"[-0.7663496131438592, -0.7831867009002076, -0.7847300958873253]",-0.7847300958873253,False,-1,560,-0.9402925809723969,-0.9422034818103304,"[-0.9422034818103304, -0.9414783723113849, -0.9371958887954753]"
c8e502bd-b94c-41c0-82c1-75128174b833,#-1:c742ce82-f8db-48c9-81fc-75718f0e453d,#-1:21ea7ede-4f5c-4e83-8a8f-ddb0ff6b0557,0.7865571022545911,0.003793024709717188,-0.7827640775448739,"[-0.7795126659384639, -0.7826841864787967, -0.7860953802173608]",-0.7860953802173608,False,-1,1269,-0.7332475187053699,-0.7401718413184715,"[-0.719460907329678, -0.7401718413184715, -0.7401098074679601]"
1ddc728a-6d15-4f4e-be7a-c4a9b5dd13cf,#-1:90a96a03-d9a7-45ab-aa5f-fefe8d904281,#-1:2afde1a1-e907-48b8-907e-b3b2a9f5c857,0.7668011223464015,0.0,-0.7668011223464015,"[-0.763881727227337, -0.7492852491713027, -0.7872363906405647]",-0.7872363906405647,False,-1,210,-0.8385076896339475,-0.8572610099508609,"[-0.8309587673870895, -0.8572610099508609, -0.827303291563892]"
567719a8-1c3a-4d50-a0e8-3a3d81a6b80f,#-1:8438986d-c872-441f-be6e-561b85f8e543,#-1:f731e3e2-dff3-4e79-8613-39bba6c6413e,0.7824039736605967,0.002119316100842284,-0.7802846575597544,"[-0.789275860567474, -0.7696397168333198, -0.7819383952784698]",-0.789275860567474,False,-1,572,-0.9235350603162251,-0.9295430358609669,"[-0.9295430358609669, -0.9205717983992686, -0.9204903466884397]"
d1a617b6-96f0-418d-99dc-b7cfbc3df42d,#-1:e695bd44-5cc0-40b1-a3a8-2b2fbe10b346,#-1:fc1e40ed-bdf1-4fa2-ba25-a4442be22bd0,0.9281629892458847,0.14115991292972643,-0.7870030763161583,"[-0.7900047568393658, -0.7840690889309184, -0.7869353831781906]",-0.7900047568393658,False,-1,1329,-0.973917061444029,-0.9793766607005058,"[-0.9748358755219224, -0.9793766607005058, -0.9675386481096587]"
b03716a0-053d-4a75-9b70-b582e997e7d2,#-1:c5581f28-df18-44b9-ac86-63f8a5b3a756,#-1:dae1807a-9d65-44e3-b701-6ad4c8461569,0.9148997554896113,0.139011675924377,-0.7758880795652343,"[-0.7726293645044803, -0.7906261243643757, -0.7644087498268468]",-0.7906261243643757,False,-1,1136,-0.9725795866177092,-0.974992295429997,"[-0.974992295429997, -0.9707908529111966, -0.9719556115119338]"
84f2f446-b8c4-40d6-a105-4327922cdaca,#-1:cf27d85a-df8d-497c-9b70-ebd4bdca6d30,#-1:f952a10d-8152-4193-aaba-6340a5f2d233,0.7637215325494329,0.0,-0.7637215325494329,"[-0.746499961804389, -0.7906640842863262, -0.7540005515575835]",-0.7906640842863262,False,-1,857,-0.9158863731634256,-0.9232652862750362,"[-0.9062958634643451, -0.9180979697508956, -0.9232652862750362]"
a2cc2d8e-e169-47cb-aa93-3f3b4d933a21,#-1:2120b18f-f494-493f-969f-8344f105ed95,#-1:a91bd8cd-5521-4fd4-a6de-486744c280b4,0.7844662270321581,0.005645586844800953,-0.7788206401873571,"[-0.7911467629759514, -0.7619364839887508, -0.7833786735973692]",-0.7911467629759514,False,-1,1064,-0.7370069264662308,-0.7507586917068149,"[-0.7134069777030714, -0.746855109988806, -0.7507586917068149]"
93b6510e-8544-44be-8bbf-06a7ff409146,#-1:8294765f-9a6e-4ed4-bd9b-5683a6c8e086,#-1:4bc87b05-bc45-4825-920f-91f419c11e99,0.8077492797153774,0.022493952795387465,-0.7852553269199899,"[-0.7819561557274173, -0.7915489736319803, -0.7822608514005717]",-0.7915489736319803,False,-1,949,-0.9313608122951145,-0.9332810462950222,"[-0.9315918123700122, -0.9332810462950222, -0.9292095782203089]"
ef3287d1-2617-42b6-bc75-dabbaf55450b,#-1:1e06b505-038a-4d12-bee4-bf596e02a784,#-1:33d88a17-74db-45ab-8e24-0f88e5936037,0.9470762244903987,0.16971429896934864,-0.7773619255210501,"[-0.7817176019006095, -0.7924871271756546, -0.7578810474868863]",-0.7924871271756546,False,-1,1532,-0.9855770926397182,-0.988523483516951,"[-0.9840005705260252, -0.988523483516951, -0.9842072238761782]"
f629b265-b9c8-4a6a-85f3-97a9572872f8,#-1:4bb9b1e3-8193-4ca7-9cdf-6b831ce7eb52,#-1:59342c20-a334-48be-b70d-3cac2a6b611d,0.7889847658385069,0.0020035815377983384,-0.7869811843007085,"[-0.7936006302117431, -0.7923865889647578, -0.7749563337256246]",-0.7936006302117431,False,-1,1579,-0.9873991700912903,-0.9894223381446475,"[-0.9894223381446475, -0.9853847475868047, -0.9873904245424183]"
3c8b7843-c302-43f5-89ea-65a41ed90f49,#-1:8138c200-2dde-485e-8977-d55ee48b7446,#-1:ba71e331-fa75-4ee0-8e5b-6f7047e057fa,0.9211645373366094,0.13484817296711027,-0.7863163643694991,"[-0.7861846036685403, -0.7936657437054628, -0.7790987457344943]",-0.7936657437054628,False,-1,424,-0.9205674492090612,-0.9255434815008539,"[-0.9255434815008539, -0.9195546919704378, -0.9166041741558918]"
0ecf65db-9e36-43ba-ada3-5118f2b24b19,#-1:c264894d-d4f2-479c-998a-fe9fa32b0b40,#-1:dc844801-b6b4-40bc-8679-07f9712ad6f6,0.908643132299483,0.13321444664749701,-0.775428685651986,"[-0.7608827405488194, -0.7703673529215984, -0.7950359634855404]",-0.7950359634855404,False,-1,103,-0.9824905393312303,-0.9853905920704734,"[-0.9853905920704734, -0.9797951042496674, -0.9822859216735502]"
e97609c2-5cd2-4892-9a74-27d89259e1df,#-1:5278f954-d8f6-404e-a8bd-9d4f35d1a793,#-1:b57683cb-75f0-43bb-9e7d-59a345a737fd,0.8390406636202651,0.051831397524394786,-0.7872092660958703,"[-0.7771577418394278, -0.7893943840583882, -0.7950756723897947]",-0.7950756723897947,False,-1,1492,-0.9717155405511021,-0.9745395489690658,"[-0.9673249624305792, -0.9745395489690658, -0.9732821102536612]"
c7172872-545b-4aed-899c-3388f8473000,#-1:c59f2edb-0a1e-4180-85ef-fbeb0283b032,#-1:917444ec-15d8-4351-9a67-8a874d62923a,0.7966998208287,0.005311359766568042,-0.7913884610621319,"[-0.7957502177754839, -0.7918093016536116, -0.7866058637573002]",-0.7957502177754839,False,-1,1263,-0.9812090652825888,-0.9841112232329451,"[-0.9808704272757099, -0.9841112232329451, -0.9786455453391112]"
42dc2663-d59c-4990-8baa-8d2c228f134a,#-1:33933a87-db65-41fe-b4ee-4f275506a902,#-1:aa78ef94-efeb-4030-806a-0e0aa606aed8,0.814227890134537,0.03509712597088491,-0.7791307641636521,"[-0.7957714166455514, -0.7611366721404428, -0.7804842037049622]",-0.7957714166455514,False,-1,460,-0.990090839503129,-0.9907093182976989,"[-0.9894500050745858, -0.990113195137102, -0.9907093182976989]"
c874c620-32d4-44a8-b80c-29630d5639ca,#-1:dc04eb61-0a5d-4310-822a-e1972407622a,#-1:72276014-5fb9-483b-804e-879a6612ec53,0.8315312636268044,0.03977219179397847,-0.7917590718328259,"[-0.7853789911289102, -0.7969599117246333, -0.7929383126449343]",-0.7969599117246333,False,-1,1267,-0.9021968838919658,-0.9091028274529076,"[-0.9042652381658987, -0.8932225860570912, -0.9091028274529076]"
2c8414e0-b37b-4ae7-8106-ea1f2284ddab,#-1:a6f8accb-7422-4cc2-822f-f7cc69363ff0,#-1:8e9cd0b6-0756-4fd0-8f4c-a457df0ab9c8,0.890208699304659,0.10829044583759549,-0.7819182534670635,"[-0.7975045892370964, -0.7741462903375842, -0.7741038808265098]",-0.7975045892370964,False,-1,300,-0.9580486577778545,-0.9635456138773053,"[-0.9516143934099953, -0.9635456138773053, -0.958985966046263]"
63fe516b-dc58-4cde-a007-f740f0be00fa,#-1:c8ad903b-1957-42f9-822c-8a8cf9c09877,#-1:7ece2d26-09c5-4907-b121-eb2a482cd901,0.9249638647967595,0.13495305781080355,-0.7900108069859559,"[-0.7983515473035634, -0.7963938786019805, -0.7752869950523239]",-0.7983515473035634,False,-1,661,-0.9227777538698293,-0.9294367795244319,"[-0.9135472254960396, -0.9294367795244319, -0.9253492565890165]"
d0ed2c17-77b4-4c51-af9a-56f1cf195bcd,#-1:b408e464-64ed-40c9-b4b5-951da121d256,#-1:1dc2b73c-95c4-4d4d-a34e-04e9f60fe14d,0.8503817696140303,0.06863160388850255,-0.7817501657255278,"[-0.7767166747792555, -0.7993543104809201, -0.7691795119164077]",-0.7993543104809201,False,-1,1324,-0.883907810194101,-0.8959863840034424,"[-0.8959863840034424, -0.8788190592166245, -0.876917987362236]"
a9f8104c-5bc6-4635-a783-305aa3f4c00c,#-1:407cce00-c46a-43c7-bf49-f8077f612904,#-1:4e1295a8-dfd9-4918-ac15-f0e42c1c1fb2,0.876140614253611,0.08110817908131057,-0.7950324351723004,"[-0.7946542526497347, -0.7902937466122388, -0.8001493062549278]",-0.8001493062549278,False,-1,1101,-0.8568146801438559,-0.8663165127599098,"[-0.8566457266463245, -0.8663165127599098, -0.8474818010253335]"
83eb3228-d66d-41a3-b96f-e5f6b0ba2fd3,#-1:75f93a51-6b4b-496b-98a0-6983d4083102,#-1:24546666-f8e2-4477-bcc9-e4aeb9d26439,0.9271708396532938,0.13512878137728815,-0.7920420582760057,"[-0.780407713623563, -0.7952117665859272, -0.8005066946185266]",-0.8005066946185266,False,-1,849,-0.9054126543624123,-0.9147881151787961,"[-0.9016289162024135, -0.8998209317060273, -0.9147881151787961]"
7243156e-048d-4ace-bdc3-f856e6493409,#-1:87e3214a-6eb2-4c9f-a5b6-07fecb69049b,#-1:44757fb6-82fe-4485-a99b-4a17c158efff,0.8334027904578424,0.032677924283295974,-0.8007248661745464,"[-0.8031096027589697, -0.8003199167524185, -0.798745079012251]",-0.8031096027589697,False,-1,759,-0.7054928951603294,-0.7234506903897366,"[-0.6982055569101323, -0.7234506903897366, -0.694822438181119]"
a2001070-16ba-40d9-949a-9f9dc872ec22,#-1:be8f5600-abe4-436d-8737-ac55e0965821,#-1:aa666f12-c947-4e0d-a00f-3d7f0a820fd3,0.9411052480022496,0.1554824750829848,-0.7856227729192649,"[-0.8032847266457686, -0.759269533624044, -0.7943140584879814]",-0.8032847266457686,False,-1,1060,-0.890567631945224,-0.8937845031583616,"[-0.8937845031583616, -0.8906730315735666, -0.887245361103744]"
d4688790-07db-4196-b30f-c132611efba6,#-1:c452f317-e66d-4389-88a9-c1d5d83de4ed,#-1:8587839e-8a96-4499-9bd2-272a7712ab89,0.8922317589909835,0.10047104220381531,-0.7917607167871682,"[-0.8036571886768962, -0.7837619766463733, -0.787862985038235]",-0.8036571886768962,False,-1,1347,-0.9226696125054271,-0.9261277519746894,"[-0.919583632088985, -0.9222974534526067, -0.9261277519746894]"
32287fa9-06e0-454a-94d6-acc4ee30a871,#-1:584bc224-5f37-4b62-aa0b-232084df0753,#-1:05b9b208-17c5-47f0-87c6-92835a5ae8d2,0.9733115309503887,0.18915738418768013,-0.7841541467627086,"[-0.769337177581762, -0.7788075091066684, -0.8043177535996949]",-0.8043177535996949,False,-1,336,-0.968843028550275,-0.9710394956135228,"[-0.9710394956135228, -0.970787240936989, -0.9647023491003133]"
0c440dbf-cf49-4ac4-85c8-dba8b60ac4a4,#-1:1a826cc6-7af4-4d84-9e00-c1d1856d6627,#-1:ebe82ae4-0321-4228-945d-c300297e7e78,0.9753741355255152,0.19288883788012348,-0.7824852976453918,"[-0.7672926322959938, -0.7750355195056043, -0.805127741134577]",-0.805127741134577,False,-1,89,-0.9759323085582366,-0.9785514327168868,"[-0.9783939984732541, -0.9785514327168868, -0.9708514944845692]"
9d21c46c-fddb-4ea0-a92b-c18f0408d4e1,#-1:a25c1aad-aef0-436f-8624-624b704915b0,#-1:ea3ec239-4424-4164-87a8-cfa35b3f06b7,0.8077924460829843,0.005555313146938531,-0.8022371329360457,"[-0.8005377299859583, -0.8009108637541053, -0.8052628050680737]",-0.8052628050680737,False,-1,1023,-0.914424666318795,-0.9278398146863088,"[-0.9153065728694665, -0.9001276114006097, -0.9278398146863088]"
f13c55e7-1eb9-4c1e-bcad-e0c1efb5b917,#-1:40dc0077-9094-407e-bad3-f5c2c707f01e,#-1:10e6101c-1bac-44f2-bbb1-c47348ad340e,0.856246079950111,0.06044015501201011,-0.7958059249381009,"[-0.7828589473344513, -0.8060516913036597, -0.7985071361761916]",-0.8060516913036597,False,-1,1546,-0.9928708449685916,-0.9952266479247032,"[-0.9920706639379108, -0.9952266479247032, -0.9913152230431609]"
ff80f074-de9a-42ec-b3c6-5f4faecdb9bd,#-1:cc3146dc-3dd5-4109-8402-b31a471cbb4f,#-1:c757cbb8-bf6e-421d-81ce-7b11fec17f64,0.9254996533650391,0.12373895927770594,-0.8017606940873332,"[-0.8029691835793674, -0.7962365634179962, -0.8060763352646358]",-0.8060763352646358,False,-1,1630,-0.9850767743190971,-0.988596225105922,"[-0.988596225105922, -0.9811312052566652, -0.9855028925947041]"
4673ddba-3e6d-4ac0-a54c-ed8bda2af0dd,#-1:4f6d9492-d03f-4567-8102-924e2c69f7f4,#-1:36e8e4b4-b047-4e0b-a4f6-dab113b1c7d9,0.8300566806183219,0.03667617050306255,-0.7933805101152593,"[-0.8061698472249554, -0.7860259972510409, -0.7879456858697815]",-0.8061698472249554,False,-1,477,-0.960175348814981,-0.961225298032822,"[-0.9611377023405914, -0.961225298032822, -0.9581630460715298]"
ae47d68b-362d-4326-8f86-82b3ba88e1b6,#-1:679e32e0-f2a6-4314-b2c0-0adf677eb17f,#-1:0453b2f3-d5b5-499d-b54f-8a1e5f47131b,0.9485926951908152,0.15073768960399028,-0.797855005586825,"[-0.7817493331494308, -0.806381368295717, -0.805434315315327]",-0.806381368295717,False,-1,1128,-0.9782428951597938,-0.980223147467018,"[-0.980223147467018, -0.974514717617729, -0.9799908203946345]"
1b3d0a63-136f-40be-8dea-64a5838ce911,#-1:64ac3ab6-fddf-4ee1-924d-9bff789646bc,#-1:ffcef8f0-7314-439e-b9d3-55d8dd01a287,0.8148037118699,0.020820623023242207,-0.7939830888466578,"[-0.795039647124955, -0.8068225399156239, -0.7800870794993943]",-0.8068225399156239,False,-1,193,-0.7238895396967223,-0.7340441871639968,"[-0.7340441871639968, -0.7064646630776222, -0.731159768848548]"
8794e3e1-997b-4dba-9342-ba2081ee6043,#-1:f5cec581-6c40-4057-bd49-d85233b4d800,#-1:05f5384c-bda1-4047-aec3-0428f7460ff8,0.7978578767289447,0.0013706605696598903,-0.7964872161592849,"[-0.8100972143003027, -0.7772878826989797, -0.8020765514785723]",-0.8100972143003027,False,-1,877,-0.7271642090118725,-0.7337704163000733,"[-0.7231538824663022, -0.7245683282692423, -0.7337704163000733]"
ed487e48-fd51-4022-b1dd-e4b2192c4e08,#-1:34a25647-6bee-437b-96d9-b7ca54637e74,#-1:2454fcf8-dfc0-4f0c-9e1f-7e33a7729180,0.9546025781550157,0.16349899233661616,-0.7911035858183996,"[-0.8114253838162191, -0.7730874969448169, -0.7887978766941623]",-0.8114253838162191,False,-1,1518,-0.9824118200970546,-0.9856788539120452,"[-0.9830604768386599, -0.9784961295404588, -0.9856788539120452]"
b42963bc-1810-403f-b744-86b6beb62134,#-1:f32deae0-d3d9-4ffd-9aad-bdcfcf0901d6,#-1:abe540cb-77b3-4333-91a7-02d269d7cd7d,0.9721811877089651,0.1738785642195986,-0.7983026234893665,"[-0.7774766729742838, -0.8059357163259859, -0.8114954811678294]",-0.8114954811678294,False,-1,1171,-0.9964825522757824,-0.9977088167365965,"[-0.9960878326614371, -0.9956510074293138, -0.9977088167365965]"
85c6b5f3-19b9-4ea6-8cbc-7cb5e74e7be5,#-1:aafab37f-cd52-4076-b95b-0189eb284ff3,#-1:ae8c82ce-db13-4261-85d4-b6ed9a9b1fb5,0.9982169814259452,0.2047512779198957,-0.7934657035060495,"[-0.7903143380968259, -0.7779193779218835, -0.8121633944994391]",-0.8121633944994391,False,-1,863,-0.9920300523404495,-0.993073568027554,"[-0.9927851506993558, -0.993073568027554, -0.9902314382944386]"
13e64567-eb3b-4930-8de0-2033caebedcb,#-1:76ec7ccb-3768-4066-8289-6acb1bbd8b7f,#-1:6d3f8d77-43f1-4f55-ba8a-fd4fc33345cb,0.8356219000511086,0.03588256431988706,-0.7997393357312216,"[-0.8130055674462988, -0.7808953665089063, -0.8053170732384596]",-0.8130055674462988,False,0,145,-0.9191533374678581,-0.9225492649279263,"[-0.9178001013779392, -0.9171106460977088, -0.9225492649279263]"
d16a2211-19d9-4919-b266-6cc59d5da7f8,#-1:6800bfd8-d981-4808-ac74-1fe6699621f2,#-1:5d3e9e60-ee83-459e-88b2-97ab7dfccb34,0.8061605776263585,0.0,-0.8061605776263585,"[-0.8064957490813274, -0.8130058001363268, -0.7989801836614212]",-0.8130058001363268,False,0,1328,-0.7947500556169439,-0.8086210769612214,"[-0.7905674761557708, -0.8086210769612214, -0.7850616137338394]"
3e64d7c9-cb9f-46ad-a1d7-3e7082d57a00,#-1:0446ad34-60bc-498d-bd0c-604a238a0414,#-1:21254794-1e49-44cd-a80e-8c508fd69f61,0.9331480744254373,0.13088936541067986,-0.8022587090147575,"[-0.8132161408486518, -0.8061045285157218, -0.7874554576798988]",-0.8132161408486518,False,-1,434,-0.9637276227664451,-0.967444165539662,"[-0.9627411037096206, -0.967444165539662, -0.9609975990500526]"
8358060e-94fc-45d6-822d-bc1dbacfbdd0,#-1:bd279d1d-6f60-4ff0-9d07-cf9ac69b69a7,#-1:6e7cc7ee-a2b4-49ff-b120-37ce2f83f6b2,0.808786960477278,0.00027390992778788376,-0.8085130505494902,"[-0.8077275645393481, -0.8138451750087322, -0.8039664121003899]",-0.8138451750087322,False,-1,848,-0.907287106944243,-0.9101088491925493,"[-0.9053445361174665, -0.9064079355227129, -0.9101088491925493]"
17f2c939-5dd5-43cf-a946-229eaa53f9fe,#-1:488dffd9-58f8-46be-8e7e-26f7e43d34c2,#-1:3f4d2249-a3fd-45e9-b3d9-4d0fcc024b42,0.8993841940286389,0.08787348278873038,-0.8115107112399085,"[-0.8126846315794132, -0.8079381840743163, -0.8139093180659963]",-0.8139093180659963,False,-1,177,-0.9246993780209726,-0.9266778677831036,"[-0.9261803852447107, -0.9266778677831036, -0.9212398810351035]"
3844caab-b5f4-4f9b-9252-928b44be4420,#-1:e87f48a6-f650-4d4e-9f2d-72618b591026,#-1:f1b8f676-be6f-4e32-8d18-bf24a09e8d0a,0.8129026540037723,0.003493338496393475,-0.8094093155073788,"[-0.8095463826152515, -0.8142297233202853, -0.8044518405865999]",-0.8142297233202853,False,-1,388,-0.7391664255293305,-0.7498950597872324,"[-0.740383045389692, -0.7498950597872324, -0.727221171411067]"
def0f3ca-4233-477a-b9be-a4d5749869fe,#-1:474628f1-55ce-4d0c-982e-e592b8c73558,#-1:a33c4136-f672-4b26-85d8-65ab8fcbcd21,0.8146888660050483,0.0049640558538059,-0.8097248101512424,"[-0.8058297883215562, -0.8087984814183018, -0.814546160713869]",-0.814546160713869,False,0,1421,-0.7258340576006604,-0.7294973025436077,"[-0.7294973025436077, -0.7222246079474983, -0.7257802623108752]"
4727daa8-dedc-43df-9cc2-8245693f0226,#-1:27169c2e-ef29-49a9-a283-eb979905736f,#-1:a175dd2a-4e19-4319-8378-b6c58378b1e4,0.9855037283464109,0.18269550216237906,-0.8028082261840318,"[-0.7850148408953815, -0.8087367779353344, -0.8146730597213793]",-0.8146730597213793,False,-1,480,-0.8210283898920276,-0.8233259819924558,"[-0.8171505600028983, -0.8233259819924558, -0.8226086276807291]"
eda77477-1134-4758-b14e-a7a18b11f632,#-1:a2148861-cd9c-4fd7-a111-9b9e4a0657d5,#-1:b4dc597b-970b-46e0-b387-5e32d6948755,0.8089628213382958,0.00038730552890494204,-0.8085755158093908,"[-0.8156840946153854, -0.8063850096033558, -0.8036574432094312]",-0.8156840946153854,False,-1,1524,-0.7906387072363049,-0.8106437585136198,"[-0.8106437585136198, -0.7716089508067168, -0.7896634123885782]"
d45dc677-7c22-457e-b887-614ecc6502ff,#-1:6ea48f2a-816c-44eb-84fa-733984066d83,#-1:f437a32e-b91e-4775-990b-74c418f8357b,0.9982750881390956,0.19388428873447386,-0.8043907994046218,"[-0.8054574856085291, -0.8163870938490426, -0.7913278187562932]",-0.8163870938490426,False,-1,1346,-0.990191810348485,-0.9926626470826875,"[-0.9926626470826875, -0.9922085528126966, -0.985704231150071]"
b3c8e6f8-89a7-4c3f-af66-555672644436,#-1:61aff130-53cf-4743-87e1-d30e4e5fb8f0,#-1:6e060667-7fef-4c4b-8ea0-6d4aa4e2f27b,0.9445165022034021,0.12999340583188498,-0.8145230963715171,"[-0.8125428654800065, -0.814298673043889, -0.8167277505906559]",-0.8167277505906559,False,-1,1170,-0.9592292653469374,-0.9626601253786004,"[-0.952668134265413, -0.9623595363967989, -0.9626601253786004]"
f08013e6-c521-49d2-9e8e-2f7520d9200d,#-1:4442e29b-684a-4690-8809-794f7732b4b6,#-1:4e78c3c6-d096-4d27-8963-52fcb77aa5e3,0.8202121808341089,0.007294285119834582,-0.8129178957142743,"[-0.8057916331592908, -0.8138633138191725, -0.8190987401643597]",-0.8190987401643597,False,-1,1541,-0.9172683392280095,-0.9263830002376588,"[-0.9122806912617041, -0.9131413261846658, -0.9263830002376588]"
120aebbc-8195-47ff-9cb8-2afc849989d3,#-1:7f506cfa-b4f9-4f56-b06f-3e56551624d4,#-1:710feab7-db25-43ff-927e-9e1888bf4acd,0.9358681821005334,0.12507214902065952,-0.8107960330798738,"[-0.797226663996636, -0.8198988059273373, -0.8152626293156481]",-0.8198988059273373,False,-1,133,-0.9777311735327158,-0.9812873362923119,"[-0.9767577639975626, -0.9812873362923119, -0.975148420308273]"
5b786663-b821-4103-87ff-f498f3275ccb,#-1:b7ea46d4-9e3f-4981-9be1-3d17a6c24db8,#-1:5c96a0a7-6544-4db8-b8f0-684292b9bf42,0.8247392065207958,0.010613304768581057,-0.8141259017522148,"[-0.8094762990753074, -0.8128064865803543, -0.8200949196009828]",-0.8200949196009828,False,-1,604,-0.9257486827245334,-0.9284725070878689,"[-0.9284725070878689, -0.9230907003012213, -0.9256828407845101]"
1435b581-131f-41e0-a90c-1d33e03df141,#-1:e1b23764-6db9-48d2-8688-e3aeb1271158,#-1:77935b8c-98c3-4c5b-aa82-02d9861de0d1,0.8253788115477291,0.010421702899944653,-0.8149571086477844,"[-0.8097318773918805, -0.814316085849232, -0.8208233627022408]",-0.8208233627022408,False,-1,149,-0.9477052775616865,-0.9542611820177889,"[-0.9440204332568443, -0.9448342174104264, -0.9542611820177889]"
163258e6-595f-487f-a028-2a35d7e40ab1,#-1:12ac71e6-9acb-418d-8e0b-2dea795064df,#-1:4ad6e931-b96a-4911-9529-f2f10ea68345,0.9134215967163758,0.09882166543947808,-0.8145999312768977,"[-0.8125029223843188, -0.809052958412762, -0.8222439130336123]",-0.8222439130336123,False,-1,164,-0.9841751005667708,-0.9865364135989656,"[-0.9803242622055174, -0.9856646258958296, -0.9865364135989656]"
f4afa75e-9b21-463b-a34f-59e6f712c86b,#-1:88f4c06b-f1b2-4aa7-8aa9-5141281af88b,#-1:0bc9f2bb-5f24-42da-8dd3-7c35b3f8b0a8,0.990766622265198,0.1756459522844602,-0.8151206699807377,"[-0.8083519085180442, -0.8147333086144091, -0.8222767928097603]",-0.8222767928097603,False,-1,1569,-0.9562732815459798,-0.9576830413893451,"[-0.9537733444137626, -0.9576830413893451, -0.9573634588348315]"
e0c87489-c2ad-43a6-9e68-5576775e7c8c,#-1:a50a43a2-048a-4a35-9d85-aadc2ded8c01,#-1:9f211565-3fb5-44e1-adf6-1faab5c93b2d,0.9387238762118609,0.12554134549532764,-0.8131825307165332,"[-0.8224439989129521, -0.8125886146771946, -0.8045149785594534]",-0.8224439989129521,False,-1,1437,-0.9740420078025765,-0.9775627292614221,"[-0.9727955787791903, -0.9775627292614221, -0.9717677153671171]"
e1216585-49c7-4706-9eed-61d3d8e1a565,#-1:ee8f7802-278f-4dd9-933f-de6ea4c0a5c4,#-1:57bfc7d6-027b-4719-b20e-86a3b3ad2041,0.9459711633504874,0.1292951783818699,-0.8166759849686175,"[-0.8154628997338172, -0.8227784271138927, -0.8117866280581423]",-0.8227784271138927,False,-1,1441,-0.9930060858679223,-0.9937287205542396,"[-0.9937287205542396, -0.9936312152234321, -0.9916583218260949]"
cab4fe21-0493-452d-8372-b56cd6908fa2,#-1:b9ce8c24-8858-4a1d-b655-3452342c1ea8,#-1:cd37a218-3ccb-4231-9254-5a5a14759993,0.8800286300871681,0.07238656841944906,-0.8076420616677191,"[-0.8012862035622615, -0.7974980666544336, -0.8241419147864624]",-0.8241419147864624,False,-1,1285,-0.9510070170892524,-0.9580979732470113,"[-0.9580979732470113, -0.9461966093739368, -0.9487264686468092]"
f6e6e4f9-7a01-48bc-8ad2-efccdf50ddc7,#-1:a744b61f-122e-4818-b360-5d505bc5c2ec,#-1:754a8bc5-92ce-4431-aad1-7f043b193ebe,0.9198922490555762,0.1040369743100102,-0.815855274745566,"[-0.7988811926682158, -0.8236232861413854, -0.8250613454270967]",-0.8250613454270967,False,-1,1586,-0.9924267600567988,-0.9946477516892075,"[-0.9946477516892075, -0.9890205165140242, -0.9936120119671643]"
6c45119e-58ec-428e-806e-aaa1b173806a,#-1:27c53e96-4898-47f1-ab4c-c66f8dbbeca5,#-1:7f3d7939-ee9b-4481-958b-b7de2ad93f2c,0.8231489506327025,0.002327533085186306,-0.8208214175475163,"[-0.8251020210558938, -0.8193390958719309, -0.8180231357147241]",-0.8251020210558938,False,-1,713,-0.8538318448788855,-0.8680774946252853,"[-0.8628733304781807, -0.8305447095331906, -0.8680774946252853]"
9330286c-6e83-4b5f-99eb-4b417b605cad,#-1:06aa034d-6af0-447a-ad5a-fb06bdf4396c,#-1:57d4671b-c088-4a5a-a1b2-60baea5c6755,0.9027123669231637,0.08000040555177561,-0.8227119613713881,"[-0.8146236347130236, -0.8258387921780794, -0.8276734572230615]",-0.8276734572230615,False,-1,947,-0.9911563305343459,-0.9940529890167153,"[-0.9940529890167153, -0.9910951678519625, -0.9883208347343603]"
82549e93-5060-485a-9a4c-f4b63a016df3,#-1:6be8d77f-c7d6-45c3-b260-2551924d0514,#-1:5ef074ba-e5e0-4a9c-bfc1-2036d3a0e892,0.8173931110664964,0.0,-0.8173931110664964,"[-0.7970176542423641, -0.8278502684524195, -0.8273114105047054]",-0.8278502684524195,False,-1,843,-0.7204727514855337,-0.7227359953141524,"[-0.7162490667261424, -0.7227359953141524, -0.722433192416306]"
70478e67-7bae-4961-933e-7a6cbaee0ab3,#-1:7a21654d-6ce2-4215-8a7f-306ea80b46c4,#-1:1716b701-ce4f-4e30-9399-1d6cdff56e5f,0.8398750312113114,0.01881064894665258,-0.8210643822646587,"[-0.8114211033942376, -0.8281499223336529, -0.8236221210660858]",-0.8281499223336529,False,-1,744,-0.9240502585797357,-0.9332439706578692,"[-0.9201288131147137, -0.9332439706578692, -0.9187779919666237]"
a176263b-3e08-4125-930c-a16890de184b,#-1:b1ea84c6-8bc0-4832-afbd-cc1d53d81000,#-1:970fa376-b3ba-48d3-9ad9-5c7ef3d3a619,0.9277162833585605,0.12229615896065156,-0.8054201243979089,"[-0.8299843831847747, -0.7868742725596398, -0.7994017174493127]",-0.8299843831847747,False,0,1052,-0.9727895238350128,-0.9749318371377844,"[-0.9710565506852349, -0.9749318371377844, -0.9723801836820193]"
9a868851-21fe-454d-8d18-71df615d2e56,#-1:96066b12-3938-4af7-9cbf-c68780ef53e5,#-1:205b1c68-323d-4176-baa7-24de04e92476,0.831403265343935,0.0035871175042962527,-0.8278161478396387,"[-0.8207827398108503, -0.8317673413787687, -0.8308983623292971]",-0.8317673413787687,False,-1,1000,-0.8888778232253035,-0.8908768276318229,"[-0.8905470151486921, -0.8852096268953956, -0.8908768276318229]"
3fff9c51-a10c-48a1-a092-1fd4f4a69a4d,#-1:6c461f33-4f28-47c1-b3fc-98553d2747b8,#-1:fcf60a5d-bede-4425-932e-07fdf97165b2,0.9284932297364611,0.10552840257003011,-0.8229648271664309,"[-0.8219307913338947, -0.8142558010322898, -0.8327078891331084]",-0.8327078891331084,False,-1,444,-0.9987644913424969,-0.9991084767166651,"[-0.9986287223516636, -0.9985562749591623, -0.9991084767166651]"
5442d9bb-9c5b-440b-bd9a-cf9c60afbb13,#-1:67c58f55-80eb-4a13-a6dd-af2ddff93a51,#-1:6cb7731f-9aec-4ef5-ad03-dadbff5584d7,0.8293673813786627,0.00027390992778788376,-0.8290934714508749,"[-0.832966563232144, -0.826790150317728, -0.8275237008027527]",-0.832966563232144,False,-1,556,-0.904409061851679,-0.9056918206228565,"[-0.9039385404997049, -0.9035968244324756, -0.9056918206228565]"
6fd2a5bb-a8a8-42ce-a782-97893049280b,#-1:f256d726-885c-4af2-b744-016b4c283671,#-1:0c4355be-58ba-47fe-95ae-24b6b41fdf76,0.9373647412885866,0.10714547383253026,-0.8302192674560563,"[-0.8258144304063252, -0.8335815269759349, -0.8312618449859088]",-0.8335815269759349,False,-1,739,-0.9991404407966712,-0.99923564076386,"[-0.9990932568069514, -0.99923564076386, -0.9990924248192019]"
95a2d973-7006-4f5c-b73b-771c5f270b3c,#-1:f157fb7f-cd0e-49ad-abdc-f2fcadfc26bf,#-1:d7d225bd-a705-4ec4-b953-eb536e0a34e2,0.8492372674888676,0.026539941642208104,-0.8226973258466596,"[-0.8154226751632139, -0.8188117127791467, -0.8338575895976182]",-0.8338575895976182,False,-1,966,-0.8912080777551186,-0.9029712010094043,"[-0.8826838192012417, -0.8879692130547098, -0.9029712010094043]"
55a5f662-fff6-44a6-8687-8fdc1aa3ecdb,#-1:a7cff7be-6f40-4277-a147-e30f4365e545,#-1:62585a17-e486-489a-89ba-d02fa1cf7eff,0.8610416730239288,0.06728224691363122,-0.7937594261102976,"[-0.8347726552225182, -0.7712503433256531, -0.7752552797827216]",-0.8347726552225182,False,-1,568,-0.9603302048381979,-0.9658250896204674,"[-0.9580472556978139, -0.957118269196312, -0.9658250896204674]"
d373b946-a434-407b-a7f0-c4ed0232a094,#-1:fd873550-0f75-44af-8fce-695304bdc039,#-1:71425478-e61c-49a4-b5a5-de666c45ba3b,0.9292427163853555,0.1267558001916748,-0.8024869161936807,"[-0.8348388913687809, -0.7898656751099427, -0.7827561821023187]",-0.8348388913687809,False,-1,1343,-0.9259654003957501,-0.9328808662153166,"[-0.9237628522949586, -0.9328808662153166, -0.9212524826769752]"
2339ac64-c912-4ee0-91d2-f7c11ed87193,#-1:617eb9d2-457a-4d24-a1ac-deae2d82ff91,#-1:45d9830e-1af7-45ea-b03e-f662b02085d3,0.9365776298869047,0.1104942281327753,-0.8260834017541294,"[-0.829888224388128, -0.813290231584162, -0.8350717492900981]",-0.8350717492900981,False,-1,237,-0.9745432962346481,-0.9774563239531479,"[-0.9744437353058174, -0.9774563239531479, -0.9717298294449792]"
1572806a-42d0-4d98-b90e-b2574c7b75e2,#-1:e2d3e129-d215-49b3-a0e1-a618b8315324,#-1:d3882fae-80ae-450d-8bca-1aaa9ce799b5,0.8408228550635304,0.014008550125082314,-0.8268143049384481,"[-0.8252546428331292, -0.8189729410674982, -0.8362153309147169]",-0.8362153309147169,False,-1,156,-0.9319357696836884,-0.9343419571804513,"[-0.931595624981835, -0.9343419571804513, -0.9298697268887789]"
19536093-9e7a-4c2d-8000-17f7950f847e,#-1:cd165871-ce3a-4a09-a82b-c31327955b19,#-1:d0c7022c-30f4-44ea-8ed4-d7d51c8f3528,0.9658469139806387,0.13949700954360295,-0.8263499044370357,"[-0.8248364094778294, -0.8365157151119395, -0.8176975887213384]",-0.8365157151119395,False,-1,185,-0.9258578996098233,-0.934428450482018,"[-0.9269439566572641, -0.934428450482018, -0.9162012916901883]"
5e59abef-93b9-4414-81fc-10626334f4bb,#-1:4c0b7cfa-1332-4d5e-b6ca-7b9d18309f16,#-1:567218b2-850f-4453-a6c3-6b960c0e2463,0.9502957751489393,0.12480753490141455,-0.8254882402475248,"[-0.8200921461983128, -0.8375347934682668, -0.8188377810759941]",-0.8375347934682668,False,-1,624,-0.9895419940411979,-0.9906972965842645,"[-0.988111854429839, -0.9906972965842645, -0.9898168311094904]"
8073d7da-d83f-40f3-b445-1c840888f5ab,#-1:0608ece6-bbc3-4747-bbeb-2fa9a7e77e1c,#-1:335728ca-4a18-41dc-8840-9ec59303cf2f,0.8314278622801611,0.006044838751979917,-0.8253830235281812,"[-0.8211686364746065, -0.8394610348809397, -0.8155193992289974]",-0.8394610348809397,False,-1,835,-0.8960490604388319,-0.8986380507599453,"[-0.8951292027086202, -0.8986380507599453, -0.8943799278479301]"
7841687b-3200-46a9-88c6-6612635d7a2e,#-1:4df3938d-a008-4a5d-9fc7-acd2f1b888c0,#-1:ddbd9aef-9c4e-4a77-b6a6-967b3f1cc9c1,0.8442720070912445,0.01576523235642892,-0.8285067747348156,"[-0.8396589063782662, -0.8187666730009202, -0.8270947448252601]",-0.8396589063782662,False,0,787,-0.9164634846923713,-0.9231420940744608,"[-0.9231420940744608, -0.9156183985654445, -0.9106299614372085]"
0a9fcee5-c1d4-4402-8687-34a5628df144,#-1:877abe36-5e14-4291-8af9-89069cccbd92,#-1:ad886893-f858-48f6-8af6-c3244b2a5163,0.8336130686664629,0.0009193998749013164,-0.8326936687915616,"[-0.8216097744037362, -0.8410805063597177, -0.835390725611231]",-0.8410805063597177,False,0,79,-0.9088767213631314,-0.9111289985552606,"[-0.9111289985552606, -0.9098225769918297, -0.9056785885423039]"
5a0b565a-bc17-4987-9d26-ac0cfeb7e9f4,#-1:be097da0-e03b-4543-a3b1-0e9d76c712ca,#-1:d39648c7-42a3-4c75-b829-35c24c08f3e2,0.9068178056714332,0.07359962094389291,-0.8332181847275403,"[-0.8380447917230408, -0.8411370300189697, -0.8204727324406105]",-0.8411370300189697,False,-1,596,-0.981728957658118,-0.984837381439623,"[-0.9803999335114618, -0.9799495580232689, -0.984837381439623]"
2a4c9d23-f202-4875-bb8f-40f960c8ce13,#-1:de0db9f6-adcf-4c47-b588-edd6ab390932,#-1:e006b3e0-8142-46d8-a611-f25d77977259,0.915162306414859,0.10416384025079385,-0.8109984661640651,"[-0.7882782774014843, -0.8412670594016398, -0.8034500616890716]",-0.8412670594016398,False,-1,285,-0.9757732012647219,-0.9781531405136865,"[-0.9737450115389565, -0.9781531405136865, -0.9754214517415225]"
2b3fa20c-d3d1-4c71-9ba0-e2a0534c8fc6,#-1:2087b7ee-7acb-4997-abfa-dde00f3f7d2c,#-1:61e8372d-537a-49ef-a6f5-486a1388e06a,0.8438851698283671,0.013741834776946562,-0.8301433350514206,"[-0.8213471584279091, -0.8273526991238648, -0.8417301476024879]",-0.8417301476024879,False,-1,290,-0.9644444834168979,-0.9668057769976681,"[-0.9668057769976681, -0.9604671756049894, -0.9660604976480361]"
15b1f9a1-fe5b-44f7-86f9-7d7cf22b13c6,#-1:e531fd68-98af-4451-a8cc-7c814de92083,#-1:5c1739c8-e397-45a2-be05-06694b21add6,0.9979721131532591,0.1631582105696269,-0.8348139025836322,"[-0.841934443949929, -0.8286819232557082, -0.8338253405452591]",-0.841934443949929,False,-1,159,-0.9788600757231557,-0.9803580616808718,"[-0.9761685379188, -0.9803580616808718, -0.980053627569795]"
1737a6b2-df94-47e4-9b1d-65eb34679a49,#-1:47d0e758-0cbe-4367-b6db-26c62efdc5fc,#-1:ffcdd635-936e-49c9-8d21-e1ca136d5b8a,0.8198774952394157,0.0015210465034301447,-0.8183564487359856,"[-0.8225096653951791, -0.8425328384612482, -0.7900268423515294]",-0.8425328384612482,False,-1,170,-0.9812133051753916,-0.9819291852860172,"[-0.9819291852860172, -0.9810467259438003, -0.9806640042963576]"
3481b599-a328-46f5-882c-204e48c3a30a,#-1:f688c915-e563-4de4-a68f-962627dd6b5c,#-1:837e409c-d638-4e5d-8bab-b7e237a0d3c1,0.8515840479006195,0.01709470370910404,-0.8344893441915154,"[-0.8430656331959004, -0.838445386424961, -0.8219570129536852]",-0.8430656331959004,False,-1,356,-0.5077020124384374,-0.5350587808051401,"[-0.49855912351884824, -0.48948813299132365, -0.5350587808051401]"
a7ee2490-7dfd-4ec1-81c3-8e8d5e6bc489,#-1:cac692d9-5318-4a15-b339-bca1a34595dc,#-1:e8825fef-ef0d-477d-b174-e6c98aaa1ec6,0.8385423441960339,0.00970385696752517,-0.8288384872285087,"[-0.8434496054895949, -0.8109949410241308, -0.8320709151718005]",-0.8434496054895949,False,-1,1093,-0.9741935610178495,-0.9798725990500817,"[-0.9687407103079837, -0.9739673736954827, -0.9798725990500817]"
9f5cb76f-7990-461b-bddb-66db99ca7e27,#-1:7584b089-cdea-4411-a0de-cc39e0052c9d,#-1:028780ed-b1af-4317-8fd8-663605f9494e,0.8515840479006195,0.016715925586604088,-0.8348681223140154,"[-0.8442019675634003, -0.838445386424961, -0.8219570129536852]",-0.8442019675634003,False,0,1038,-0.5147807688671938,-0.5399466373929969,"[-0.5059964251061498, -0.4983992441024348, -0.5399466373929969]"
df1cb7ca-ca21-4bdc-9b53-0bc2e5436a80,#-1:102d2880-103f-4de2-aec6-87343e622f61,#-1:9e0dede6-82ec-493a-80bb-fea7ffcfccff,0.8522273094948137,0.016495670066600455,-0.8357316394282133,"[-0.8442019675634003, -0.8391061529849719, -0.8238867977362676]",-0.8442019675634003,False,-1,1422,-0.5076370773735023,-0.5341496898960492,"[-0.49927340923313396, -0.48948813299132365, -0.5341496898960492]"
03ecc11b-0c13-4940-b4a4-369451fba6fb,#-1:6e778780-2967-4b3d-bd90-e0587b1cdb01,#-1:6cf30a4a-6a86-48b3-9d93-94f181622afb,0.8626416837832743,0.020348764175587276,-0.842292919607687,"[-0.8451908957241796, -0.8431063571262154, -0.8385815059726662]",-0.8451908957241796,False,-1,28,-0.8892156114776743,-0.8914013102868359,"[-0.889545827867572, -0.8914013102868359, -0.8866996962786147]"
4d45c84c-67bc-4855-bb62-1b63628dba0d,#-1:4120f22c-93c4-4cd2-b9ec-4df955a1c41f,#-1:913a6e2f-bfb4-417e-8a9b-d73366e95e3f,0.9391991776861189,0.09697166765508636,-0.8422275100310326,"[-0.8425333996821409, -0.8388903223502089, -0.8452588080607478]",-0.8452588080607478,False,-1,525,-0.9675508867137004,-0.9683628247113055,"[-0.9683628247113055, -0.9669726632834631, -0.9673171721463326]"
b15eab1f-9dcf-4e24-b232-78e3d84fdceb,#-1:96704853-8459-4c11-8921-a2b1b7179252,#-1:d5391d0f-7477-4701-b813-afc33638031d,0.8621886510801131,0.022931012562358383,-0.8392576385177547,"[-0.8331115523990292, -0.8393958909882704, -0.8452654721659648]",-0.8452654721659648,False,-1,1144,-0.9846363548275822,-0.9856793965683573,"[-0.9856793965683573, -0.9835755586892456, -0.9846541092251433]"
549cc3e1-675f-4663-af49-f4e0fe5d7927,#-1:02ba2a3a-4e9c-4200-8788-2b36c1b25838,#-1:efbc4bfa-2765-4e16-bfc4-07aa6810276f,0.8583947207599332,0.027324222972942357,-0.8310704977869908,"[-0.8129208724602636, -0.8455030643311127, -0.8347875565695962]",-0.8455030643311127,False,-1,563,-0.8984029620082289,-0.9067639138839607,"[-0.9067639138839607, -0.8929061879574662, -0.8955387841832595]"
533960a4-3fe8-419d-9a4f-70245093509d,#-1:7f00d7bf-5c80-4fd0-b9a6-85bce5916317,#-1:2094a827-a4b7-40aa-bbf6-04bbe7a3e98b,0.843387295076301,0.0037367685585991384,-0.8396505265177018,"[-0.8379751900542282, -0.8456465744177771, -0.8353298150810998]",-0.8456465744177771,False,-1,550,-0.9654774980388501,-0.9683650191710137,"[-0.9683650191710137, -0.9653076209313579, -0.9627598540141785]"
fd1d7387-4ece-45f1-94e6-2411be022c86,#-1:d7e72857-832b-4464-9818-fed906f52143,#-1:3a37f107-3f55-45f2-a6cd-ffd71ff3a266,0.860241458249052,0.01671280011304084,-0.8435286581360111,"[-0.8480122962325206, -0.8460367364348308, -0.836536941740682]",-0.8480122962325206,False,-1,1616,-0.5218545084650908,-0.5445567328530924,"[-0.5193479968801938, -0.5016587956619865, -0.5445567328530924]"
2c218f3d-ceda-47ae-a928-1fa704d03953,#-1:a1729dd0-0aa3-4464-9cb5-bd990c4e7a52,#-1:0ef97b22-963f-4dd4-a908-866cf68a5368,0.8402857390166062,0.010705591830030831,-0.8295801471865754,"[-0.835256096085306, -0.8052463595368612, -0.8482379859375588]",-0.8482379859375588,False,-1,297,-0.946731765606911,-0.9566633689825579,"[-0.9566633689825579, -0.9365414223071273, -0.9469905055310476]"
0a929a40-2cbd-4494-816c-cab200075031,#-1:a5904b83-0a44-4ce8-9202-9bec2f006b8d,#-1:7b8bfeb8-5aec-42b2-9522-73a5f4888659,0.8666352545589163,0.02345042350610291,-0.8431848310528134,"[-0.8486117427634537, -0.8371008047461207, -0.8438419456488656]",-0.8486117427634537,False,-1,78,-0.9540247705286194,-0.9598365070743153,"[-0.9598365070743153, -0.951022252390424, -0.951215552121119]"
f232d686-3a8d-40eb-a205-b4b17ffb6650,#-1:5317ac59-635b-4c66-9f57-8f45adb05299,#-1:2e765a2f-e8e6-4596-9927-e82b7f703d5c,0.8539094471203129,0.02103081610142162,-0.8328786310188913,"[-0.8228129876380806, -0.849013563395079, -0.8268093420235141]",-0.849013563395079,False,-1,1552,-0.9051423482994215,-0.9133225410544613,"[-0.9133225410544613, -0.9006555157550483, -0.9014489880887553]"
4691c17f-52de-4079-80ac-ecb4448e11d3,#-1:73903ab5-4735-4ee1-a625-d206e89dbb6a,#-1:3987fec2-7424-4047-8f16-064d6b255af9,0.9051534560717461,0.05820658488408529,-0.8469468711876609,"[-0.846316761653448, -0.8494066035443564, -0.8451172483651781]",-0.8494066035443564,False,-1,479,-0.8414272836181406,-0.8430480254410265,"[-0.8430480254410265, -0.8418466245954733, -0.8393872008179218]"
f162221e-7b41-4728-957a-90808ae8526b,#-1:86d77317-e46a-40bc-a98b-2dd3864c9cf4,#-1:36f211ed-f840-4c35-b292-d615b688490e,0.8549873220134211,0.02110903721108349,-0.8338782848023376,"[-0.8503852688990331, -0.8215543652814224, -0.8296952202265571]",-0.8503852688990331,False,-1,1547,-0.8799965899299685,-0.8865136971183566,"[-0.8814027682142794, -0.8865136971183566, -0.8720733044572697]"
d1a84f60-77ed-4e6a-81fb-700f366aaf1e,#-1:33437644-5483-46d3-b29e-1d119455888a,#-1:a0842c13-ac70-4084-8243-9be9f6764372,0.8411773334806121,0.0,-0.8411773334806121,"[-0.8436876852406255, -0.8514154871129693, -0.8284288280882415]",-0.8514154871129693,False,-1,1330,-0.8758821814659878,-0.893443900023617,"[-0.8647332546117233, -0.8694693897626232, -0.893443900023617]"
95078dd4-4761-4d39-b858-2e7abad3ffab,#-1:9ceb9933-c303-415f-9957-12332d6db106,#-1:3d837158-bd68-40d6-869c-76b9b5c8b4f6,0.964030029549423,0.1218059709152904,-0.8422240586341325,"[-0.8406824360666589, -0.8334622032030166, -0.8525275366327221]",-0.8525275366327221,False,-1,961,-0.9825494182569406,-0.9861908366497997,"[-0.9796169231467746, -0.9861908366497997, -0.9818404949742475]"
40f42598-5df6-41f3-a2ed-50d1155a30df,#-1:5365a1a1-ab6c-4a87-b553-fa0e7f6f3293,#-1:e52e4f5f-b680-4599-a206-0882dca0f4b9,0.9992313695658207,0.15479148619844274,-0.844439883367378,"[-0.8509216040617665, -0.8296584246284526, -0.852739621411915]",-0.852739621411915,False,-1,452,-0.9665848513710822,-0.9685399854340911,"[-0.967562503823666, -0.9685399854340911, -0.9636520648554893]"
ff5dcd55-faec-4991-83f1-074f96c26d3d,#-1:0fdd9e1a-821c-44d7-9b19-a012421cb9c8,#-1:1dc3289a-cd4a-4479-adce-eee7de27cde2,0.8625992875390415,0.015943700856474924,-0.8466555866825666,"[-0.8529227568202692, -0.8448012886726389, -0.8422427145547914]",-0.8529227568202692,False,-1,1627,-0.9016194074100401,-0.9079326059695205,"[-0.9079326059695205, -0.9030902185966022, -0.8938353976639974]"
e5a6c690-2b47-4442-807f-205b25204707,#-1:df401950-a512-4e1b-a13b-67f69bbeddbe,#-1:49875ca8-0944-47b7-b994-10c2ff7974c7,0.8308563098180106,0.002265137430862428,-0.8285911723871482,"[-0.8261605724980633, -0.8530667001151824, -0.806546244548199]",-0.8530667001151824,False,-1,1466,-0.9259299916231934,-0.9311776238813656,"[-0.9243654842426988, -0.9311776238813656, -0.9222468667455161]"
e8e5e9c8-b9e8-445f-86f8-a1a6dd7b8b1d,#-1:892c9f07-d594-4a1a-adaa-5d35a023e888,#-1:13c069d1-a228-40b5-8c9a-0bff53657f69,0.8584020538487153,0.010870276930232889,-0.8475317769184824,"[-0.8531762066873814, -0.8447819485586925, -0.8446371755093737]",-0.8531762066873814,False,-1,1485,-0.9465269899109402,-0.9517792638937678,"[-0.9517792638937678, -0.9411664248311575, -0.9466352810078953]"
4265a019-6ed5-4698-b756-e2e33862c6d9,#-1:f0f52e04-01fd-421a-a87a-d059b5611a64,#-1:5c95549d-6af5-43f9-a2c0-bf68d58cd466,0.839451283246211,0.00038871617731721353,-0.8390625670688938,"[-0.8545522280955945, -0.8223845856994767, -0.8402508874116102]",-0.8545522280955945,False,-1,457,-0.960888179052681,-0.9681995139258003,"[-0.9519333142617348, -0.9681995139258003, -0.9625317089705078]"
12359339-2fb1-4fbc-9f95-0b831b5bfb09,#-1:c340ea7c-2d51-4ff7-9663-b571f224b818,#-1:f60525c3-5a34-4534-84cc-4b1022972aa5,0.943379570780737,0.08985079840152083,-0.8535287723792162,"[-0.854884994658602, -0.8506200355627469, -0.8550812869162997]",-0.8550812869162997,False,-1,134,-0.9378781462184609,-0.9401750743188874,"[-0.9401750743188874, -0.9367146644046773, -0.9367446999318179]"
66eff744-3c78-4425-9692-9dbd9a1bfd1e,#-1:a6472f6d-537a-410b-9fe3-55ca1ad56e7d,#-1:031dd7eb-f55b-49cd-9850-a059a79c3c73,0.9512424953491648,0.1023209522774638,-0.848921543071701,"[-0.8555160257805312, -0.8493533958873939, -0.8418952075471778]",-0.8555160257805312,False,-1,679,-0.9943267645735672,-0.9948195740205359,"[-0.9936792029067362, -0.9948195740205359, -0.9944815167934292]"
1d06d4dd-1983-4da4-bda2-4bafa9acf45a,#-1:c0134f04-4534-4f3e-bd5f-a8bbdbae4a72,#-1:0b4210ac-0258-4984-8822-6aba3f707193,0.9416654547529678,0.09611533102400081,-0.845550123728967,"[-0.833885293050105, -0.8562521240675758, -0.8465129540692206]",-0.8562521240675758,False,-1,204,-0.9860911373507971,-0.9896076470869665,"[-0.9832159942804899, -0.9854497706849351, -0.9896076470869665]"
70c4d120-75b4-4cf0-8a15-9288115cfd04,#-1:d56ea214-36ea-4129-bb43-684e456f9bf6,#-1:8a50d21f-0015-48ae-85ec-440fc244bba4,0.9859808310432657,0.14172369062089718,-0.8442571404223685,"[-0.8374909149776868, -0.8386884803591443, -0.8565920259302743]",-0.8565920259302743,False,-1,747,-0.9964534119866024,-0.99716855418454,"[-0.9952715103603555, -0.9969201714149116, -0.99716855418454]"
debf0893-3acb-4b2f-9741-7294a0efdbf6,#-1:f20b6f4d-516e-4494-85a2-65af8eeef40e,#-1:b02064b1-8eab-480d-8fce-51eef69a86ab,0.9292521767888927,0.08989564933389745,-0.8393565274549952,"[-0.8375289677047785, -0.856952545340365, -0.8235880693198423]",-0.856952545340365,False,-1,1419,-0.9665560803434444,-0.9718852235212921,"[-0.9616295364366605, -0.9718852235212921, -0.9661534810723805]"
29c62eff-5757-4754-901f-cac0f8097423,#-1:b59f93ab-c221-4e79-ae7c-a0eac8295163,#-1:30d1a996-1667-4e35-ab5c-a253b4444e24,0.9986584553885605,0.14870388851414598,-0.8499545668744145,"[-0.8571854956826188, -0.8422882806193941, -0.8503899243212304]",-0.8571854956826188,False,-1,279,-0.976694521603246,-0.977604331197946,"[-0.9756315921340233, -0.9768476414777687, -0.977604331197946]"
ad5b9241-f346-4af1-8274-1a7bf2d9987e,#-1:1c48ce23-45a3-4721-80b0-557649af8f0e,#-1:26edf849-4551-4363-a14b-946edf447f11,0.9083581851575467,0.05600215678574711,-0.8523560283717996,"[-0.8446312563104129, -0.858910537611867, -0.8535262911931191]",-0.858910537611867,False,-1,1121,-0.987662863467682,-0.9883694842129009,"[-0.9883694842129009, -0.9875532191005092, -0.9870658870896356]"
ab51e9de-07a5-4795-8efa-065f98173dd4,#-1:f0d2878a-78c5-44e8-b68a-46c7a7796814,#-1:626e32c4-39a8-4c05-94ab-6f214634a16d,0.9026812477408243,0.0515663829645965,-0.8511148647762278,"[-0.8594081710546233, -0.848753798981548, -0.8451826242925119]",-0.8594081710546233,False,-1,1108,-0.996193801402358,-0.9962197698488531,"[-0.9961683611899956, -0.9962197698488531, -0.9961932731682255]"
3a75aff9-2acc-4281-8f5b-6f5369d32141,#-1:7d572809-dbff-4d84-b27c-64d25191ad68,#-1:a4f5d831-f765-497a-9fd1-396be351f2a5,0.9170457027011066,0.0743432276704466,-0.84270247503066,"[-0.8598276099978928, -0.8405352520907441, -0.8277445630033432]",-0.8598276099978928,False,-1,411,-0.9834654159086237,-0.9847058666790105,"[-0.9838809012202877, -0.9847058666790105, -0.9818094798265729]"
e2050ecb-6de5-43d6-8975-c5b0d3b4fe89,#-1:595eba0b-f1a4-47e8-a864-62c27bbca7c0,#-1:42147ca1-32ea-4501-b9db-5d06bf261ab2,0.9583563686440986,0.10680663084924803,-0.8515497377948505,"[-0.8505270990561349, -0.8440234430162881, -0.8600986713121287]",-0.8600986713121287,False,-1,1446,-0.9716603382411156,-0.9740390020645971,"[-0.9714177021013876, -0.9740390020645971, -0.9695243105573623]"
3800aab5-55cf-407f-b4e2-97793790197d,#-1:4614c397-220d-4078-aa0a-907e8e806dee,#-1:ecaff7f4-6baf-4133-a8d8-b688c7bc786c,0.8599686060849709,0.013587766315192545,-0.8463808397697784,"[-0.8206187958235055, -0.8611973709076259, -0.8573263525782034]",-0.8611973709076259,False,-1,382,-0.9598961187876028,-0.9642952702431454,"[-0.9642952702431454, -0.9612398277735481, -0.9541532583461148]"
37f789c9-97c2-4e57-b574-7c8acebf1527,#-1:c781602f-2218-402e-bf31-a0ec6899b4ce,#-1:f579eff4-4a7b-45bf-b5a1-72e2c9a04372,0.9438059023849735,0.09397372686862586,-0.8498321755163477,"[-0.8617507925064881, -0.8461474640870413, -0.8415982699555136]",-0.8617507925064881,False,-1,381,-0.9961362844579641,-0.9968965786792539,"[-0.9962910598617748, -0.9952212148328635, -0.9968965786792539]"
435caf3a-d872-41b4-8fb9-69d53cc2d644,#-1:39a6efd6-fd5e-4d89-bfc4-5924aece4c01,#-1:b46ed96f-aa22-4cfc-91f2-697f80fb811e,0.8525341152862161,0.0022606001974638697,-0.8502735150887523,"[-0.835783883359278, -0.8619842333949608, -0.8530524285120183]",-0.8619842333949608,False,-1,465,-0.9342434762094323,-0.9352656029797762,"[-0.9352137647123978, -0.9352656029797762, -0.9322510609361228]"
98969e56-f86e-4a26-b25f-175561e8fad5,#-1:16d7e422-3093-4670-bfea-504940f3e9f2,#-1:df0963ee-3674-40e6-8488-1c5260faa07b,0.8829252587381967,0.03476548046539068,-0.8481597782728061,"[-0.832958907146086, -0.8625716379528859, -0.8489487897194463]",-0.8625716379528859,False,-1,984,-0.963117149513465,-0.9641725305147204,"[-0.9629727692134089, -0.9641725305147204, -0.9622061488122658]"
9bd73b82-3a70-40e5-9cb8-c064b65e771e,#-1:5b706e89-bcd2-4290-8f80-29caec2fb5af,#-1:adff6548-df5a-4e47-a146-f432a22a439c,0.9386342109761975,0.09381237543118544,-0.844821835545012,"[-0.8631677431322058, -0.8321145084389626, -0.8391832550638676]",-0.8631677431322058,False,-1,1011,-0.8877557530403939,-0.8902900607646064,"[-0.890264389611804, -0.8902900607646064, -0.8827128087447715]"
d1ded815-ad26-4540-8ebd-c055d117328e,#-1:95a991c3-9e56-4066-9cc9-6ae443e21cd5,#-1:a9e44526-f68b-455c-9166-0f426f9efbe1,0.9883432417797021,0.13358036471564042,-0.8547628770640617,"[-0.8491231183838854, -0.8631940519998699, -0.85197146080843]",-0.8631940519998699,False,-1,1331,-0.9941896269966909,-0.9953419937411807,"[-0.9953419937411807, -0.9927773683128204, -0.9944495189360715]"
1470e7ef-5ea5-46ea-9dec-1ea50e629648,#-1:5ccf8fe8-02d9-4faf-a6d5-d2b251cad207,#-1:4a181799-31d4-46c9-87c7-6a362bd4973c,0.9095727234907224,0.05266738530488626,-0.8569053381858361,"[-0.8494687143938572, -0.8637749960819462, -0.8574723040817049]",-0.8637749960819462,False,-1,151,-0.9650777365598788,-0.9673309618617049,"[-0.9673309618617049, -0.964068841934128, -0.9638334058838035]"
67a310d9-2aab-4683-88bb-91915048f988,#-1:172c66fc-e639-4246-b157-863d8ccb61c0,#-1:a2d24811-49fc-4d95-be0e-acc77aceee4b,0.8892001458542654,0.03823206762758028,-0.8509680782266852,"[-0.8350966262819163, -0.8640888306107044, -0.8537187777874349]",-0.8640888306107044,False,-1,683,-0.9537866723474963,-0.9551108002426429,"[-0.952297743770132, -0.9539514730297134, -0.9551108002426429]"
a0bd0d33-8b7c-450f-bd2a-5672ba227539,#-1:414cdcd5-4ba3-4b65-b430-c3189637d662,#-1:be73a734-e2f1-44c0-a68c-1e9b25604585,0.8716509185581317,0.021742845734297828,-0.8499080728238338,"[-0.8367771748129674, -0.8641749115008985, -0.8487721321576356]",-0.8641749115008985,False,-1,1047,-0.885930856522111,-0.8942067441310982,"[-0.8942067441310982, -0.875150153222606, -0.8884356722126284]"
036b69a8-169a-4369-8baf-9b4dbc1da813,#-1:f95d9e4d-9239-4e8d-93e1-d7bb6039bb63,#-1:c6778323-5cba-48ba-a927-04394b4682a4,0.9953896555195625,0.13313124889583636,-0.8622584066237261,"[-0.8622045677610705, -0.864444374180596, -0.8601262779295119]",-0.864444374180596,False,-1,26,-0.9904714574781609,-0.9921066962317687,"[-0.9914301755744032, -0.9921066962317687, -0.9878775006283106]"
16246d8a-dd7f-4f55-bbd1-d0850d827bb7,#-1:b7402a8b-4550-4acd-aca0-d4d32a4d1f60,#-1:0ace1085-c976-44d5-aa08-a6aae5834af6,0.9991220691991026,0.14249324883725234,-0.8566288203618503,"[-0.8514510302449972, -0.85388269101434, -0.8645527398262134]",-0.8645527398262134,False,-1,163,-0.9829581051810914,-0.9851977685620081,"[-0.9796187486325104, -0.9840577983487558, -0.9851977685620081]"
de61a0bf-8b00-447c-bb05-a130e7709a7a,#-1:19cd28cc-40cb-423a-86c0-f15372173797,#-1:298fbd03-b973-494d-a0f1-e286679a4d1a,0.8923925286420952,0.038982134297006525,-0.8534103943450887,"[-0.8646781346287089, -0.8472747244341454, -0.8482783239724113]",-0.8646781346287089,False,-1,1416,-0.9939181049511977,-0.9958990994638967,"[-0.9936885300701263, -0.9958990994638967, -0.9921666853195701]"
204afe17-6392-4891-b53d-9a891c147d94,#-1:3d3e5495-9efe-42b9-94fc-eb614fbe0480,#-1:49a5d0e0-cfc3-444b-a48c-61cfdeac2346,0.928466023308612,0.06559332808475087,-0.8628726952238612,"[-0.8633659778472437, -0.8646939695439495, -0.8605581382803902]",-0.8646939695439495,False,-1,223,-0.883800897140456,-0.8878097548729621,"[-0.8782657166603172, -0.8853272198880883, -0.8878097548729621]"
4dc9e7da-ff0f-4ea3-af56-68e82d8c6403,#-1:57bc56b0-6b98-436f-83c2-a2975e34c83d,#-1:bbb350d2-809b-4585-87ce-359177baf8df,0.8583230177539067,0.0,-0.8583230177539067,"[-0.865637289288964, -0.8612333902146543, -0.848098373758102]",-0.865637289288964,False,0,528,-0.9462801984168077,-0.9497167199300386,"[-0.9412928500555242, -0.94783102526486, -0.9497167199300386]"
42fe5f4e-35ed-42bc-9e46-8ebfe73cf680,#-1:132c5a49-31fd-4066-b952-75465c323062,#-1:645c15f6-1af2-4af5-a071-d682a417cade,0.917116129570806,0.07381868528196799,-0.843297444288838,"[-0.8455608840549649, -0.8661639495256799, -0.8181674992858695]",-0.8661639495256799,False,0,461,-0.5319506025569599,-0.5393104404321106,"[-0.5393104404321106, -0.523253747156003, -0.5332876200827662]"
db9b5047-6edb-479a-bd20-55c8cdc3a086,#-1:81fb85ec-adc3-413c-9431-0b6d3eec2ac1,#-1:b5e06f5d-4f59-461d-a2c8-3a22e4819531,0.8436904376343654,0.0,-0.8436904376343654,"[-0.8666744723272342, -0.8499212612313053, -0.8144755793445565]",-0.8666744723272342,False,-1,1400,-0.9782498345563275,-0.9800430492913242,"[-0.9800430492913242, -0.9798664785857792, -0.974839975791879]"
a7c9d61b-848a-49f5-a260-fde8ebae4ae0,#-1:d34465c0-2e90-426d-974e-8ef0bdd4e672,#-1:961b9c91-a6b3-4e8b-8568-e3b99f0f0d35,0.9198497911601767,0.058973115499863595,-0.8608766756603131,"[-0.8675914847475565, -0.8484129042768638, -0.8666256379565193]",-0.8675914847475565,False,-1,1092,-0.9935181220455083,-0.9947055466528476,"[-0.9947055466528476, -0.9921302168576287, -0.9937186026260484]"
f3e9e312-fac9-48bd-85a9-48ac45b359ca,#-1:ed5c8aee-22c2-428b-a23e-bbf48af3f13c,#-1:ccda12bc-42ad-480d-a3be-ea6b5d485bee,0.8617956907626589,0.00027293456358044334,-0.8615227561990785,"[-0.8681392353827827, -0.8675132129616403, -0.8489158202528125]",-0.8681392353827827,False,-1,1564,-0.9642800845611185,-0.9681923870408791,"[-0.9673739411293671, -0.9572739255131091, -0.9681923870408791]"
f1f27803-e52e-4def-863e-a3719a015c15,#-1:bbcf7424-cbfb-443b-a794-b625616fc6d3,#-1:11a7c3b4-dcec-488a-bbcb-7e01d30402ab,0.8649725645583305,0.0002298866000134201,-0.864742677958317,"[-0.8585872578006571, -0.8670507883911788, -0.8685899876831155]",-0.8685899876831155,False,-1,1549,-0.9333887126356699,-0.944343261023329,"[-0.944343261023329, -0.9239522503576667, -0.9318706265260142]"
3fece601-45a0-473d-a6d3-fd907cfcbb58,#-1:6863bce3-93c5-4b9e-a1d0-a5cf78d6ae18,#-1:eb300ee6-9156-45c5-90cb-7a41f4abb6b1,0.9702137082402217,0.10639763638819925,-0.8638160718520225,"[-0.8543500134823049, -0.8683417705375411, -0.8687564315362211]",-0.8687564315362211,False,-1,443,-0.998215475244931,-0.998870552795347,"[-0.998870552795347, -0.9979963010660517, -0.9977795718733943]"
22b1121c-4630-41d3-84ea-55a1d1f173fa,#-1:e48eb21f-f521-45ff-8ff4-149e54ed6748,#-1:61771296-ce25-4de0-b008-e2d233110946,0.9153323063817999,0.06184020263559772,-0.8534921037462021,"[-0.8341372902540104, -0.8572958538608757, -0.8690431671237202]",-0.8690431671237202,False,-1,235,-0.9894394283707396,-0.9920688230342106,"[-0.9920688230342106, -0.9900216072718429, -0.9862278548061654]"
6b498b13-5afa-41d3-a59c-2717438aaf1b,#-1:5cd7e20b-56e1-47e6-91a8-a5e9a1418282,#-1:6f556e18-e9cf-4134-b1e7-c9360980768e,0.8593133360723639,0.0,-0.8593133360723639,"[-0.869762918640822, -0.8588819958803505, -0.8492950936959194]",-0.869762918640822,False,-1,708,-0.9788539708414675,-0.981218845842347,"[-0.9802363117739256, -0.981218845842347, -0.9751067549081299]"
3f97d87e-f84d-49b2-8da6-6b300654c6ca,#-1:09c9107f-0466-403f-b969-3318d59804b4,#-1:c040c965-ae0a-4b34-9bbb-fd0d705a8f4a,0.996737905793533,0.13200783688865222,-0.8647300689048808,"[-0.8664493612202419, -0.8575240155235612, -0.8702168299708395]",-0.8702168299708395,False,-1,440,-0.9950305115444898,-0.9962367498456899,"[-0.9955050287858438, -0.9962367498456899, -0.9933497560019358]"
ce4736dd-259e-4849-a4ad-aba95c22ad70,#-1:af6f720a-6b4a-43ff-9630-8e96537e3ad7,#-1:30992adc-c011-4cad-bd50-d7a0a971f5a4,0.9869001614400051,0.12797610201142384,-0.8589240594285813,"[-0.8704721763311667, -0.8667745912462527, -0.8395254107083242]",-0.8704721763311667,False,-1,1307,-0.9912590527465289,-0.9918784381723574,"[-0.9909475222667776, -0.9918784381723574, -0.990951197800452]"
8b2aedf4-05d1-483b-905b-21f9352d7fc7,#-1:0a15c06e-aa52-4516-9660-ec472ece0d2b,#-1:10e9221e-1deb-4044-9312-468582985662,0.9598823829304538,0.09992404541926618,-0.8599583375111877,"[-0.8705418225291914, -0.8533198865967598, -0.8560133034076116]",-0.8705418225291914,False,-1,904,-0.9547443703189722,-0.9614869458090343,"[-0.946246043035558, -0.9614869458090343, -0.9565001221123243]"
8fc5127d-470b-4a99-a829-89a6e0ba3462,#-1:e9e534ef-c76c-4c6d-83af-9dc5a26dcce3,#-1:4dddcde3-81cc-4bdf-8c59-8080b839b116,0.8758192171026189,0.014328279347332563,-0.8614909377552863,"[-0.85607390050155, -0.8565563728828944, -0.8718425398814145]",-0.8718425398814145,False,-1,928,-0.9587044473008802,-0.9610506129315204,"[-0.960170301036101, -0.9548924279350192, -0.9610506129315204]"
5675fa22-df42-4bfd-a0d0-e55a1d734b1f,#-1:a8b5acfb-63a0-4121-b54d-81b167bd4b39,#-1:88ade618-ac55-4970-a8fa-885632936711,0.9712985959479635,0.11300044160849365,-0.8582981543394699,"[-0.8366452699948304, -0.8663884576732892, -0.8718607353502903]",-0.8718607353502903,False,-1,571,-0.9923447846369479,-0.9942998395572544,"[-0.9942998395572544, -0.9940075846719083, -0.9887269296816809]"
85524ff9-7c20-4049-8723-4ab898df103a,#-1:7f42e303-a79e-4ce1-87ce-733f5218eac3,#-1:b7d96870-8251-4e0d-8e1e-f5c4d76f4be9,0.8938793390074965,0.023089228988747185,-0.8707901100187493,"[-0.8724581306207044, -0.8673283233639513, -0.8725838760715922]",-0.8725838760715922,False,-1,860,-0.98856107634158,-0.989732371805627,"[-0.9874364319862104, -0.989732371805627, -0.9885144252329023]"
4b6e616a-1856-4f6c-a640-d6a3c1121313,#-1:709cf8f2-d10e-41d4-850f-681cad9b95f1,#-1:2bfb050e-baa3-4ad3-beb7-67f47e3f9d44,0.9599511275613533,0.0891090943669352,-0.870842033194418,"[-0.8716503146165997, -0.8727407018671243, -0.8681350830995301]",-0.8727407018671243,False,-1,510,-0.984433337395874,-0.9860610705637314,"[-0.9831301623677028, -0.9841087792561879, -0.9860610705637314]"
5885bcb4-8b46-498a-b0da-9eab8e2b95be,#-1:85ac52e6-7877-4c7f-be2d-baa9a68ce13a,#-1:08c64d85-53a4-4100-9f19-02e4a2813271,0.9873022065433746,0.11848780678975357,-0.8688143997536211,"[-0.8670280779506996, -0.8660863822454, -0.8733287390647637]",-0.8733287390647637,False,-1,586,-0.9912344762276377,-0.9938316840933867,"[-0.9870662411816954, -0.9938316840933867, -0.9928055034078311]"
b209960b-44d4-437b-ae4f-37dc4f573153,#-1:a7895310-bcee-458a-9350-0761bb75d63c,#-1:97874519-4f63-48a9-9d7f-b0bca796aa80,0.8936826861555339,0.02552509816326398,-0.8681575879922699,"[-0.8610640022911076, -0.8697330215580124, -0.8736757401276901]",-0.8736757401276901,False,-1,1150,-0.9248010391106777,-0.9261853109923448,"[-0.923646262279456, -0.9261853109923448, -0.9245715440602323]"
2a8379f1-eb9b-452e-8726-425b380abec0,#-1:6ad1b2bc-aecd-41d1-8f1b-9f28b9130e53,#-1:c3855bd8-5dce-4252-bd5d-b01804c4988c,0.918422242153201,0.06816524492775651,-0.8502569972254445,"[-0.8310485338433606, -0.8458170976698003, -0.8739053601631723]",-0.8739053601631723,False,-1,287,-0.9776812150513093,-0.9790231467722695,"[-0.9778859076002793, -0.9761345907813793, -0.9790231467722695]"
6353ec10-8792-45d1-bafb-58fddebce7bf,#-1:420efce5-ce2a-4079-8610-d2abd09cb2b3,#-1:6c595035-1ed7-44dc-a948-1b2eaf08bcfa,0.8627112329351893,0.009590186741895457,-0.8531210461932938,"[-0.8746991324924202, -0.8524473881681227, -0.8322166179193384]",-0.8746991324924202,False,-1,658,-0.9456737889046926,-0.958924207890775,"[-0.9394891363586592, -0.9386080224646435, -0.958924207890775]"
66ec748e-e22a-4a76-aabb-dec8dd2fb638,#-1:faa05c9f-0ec0-4aaf-94d2-221f7f858f48,#-1:4360c277-009e-4290-beef-8b6e565ac834,0.9051735089431036,0.04398483483062173,-0.8611886741124818,"[-0.844580189922422, -0.8751177693300566, -0.8638680630849663]",-0.8751177693300566,False,-1,678,-0.9627892522169921,-0.9662778988991236,"[-0.9633608912365345, -0.9587289665153182, -0.9662778988991236]"
6593db18-82dc-4cb3-a49f-6ed0a3d6a0b5,#-1:3f63b3b2-1c9f-47d2-a8b7-0e3d4b588769,#-1:1829a9e8-4ef3-4234-989a-226225fd015f,0.907816951629634,0.04093762161480502,-0.866879330014829,"[-0.8616733342582873, -0.8751231761084319, -0.8638414796777676]",-0.8751231761084319,False,-1,671,-0.9983935379543794,-0.9986598972691827,"[-0.9986598972691827, -0.9982121402313202, -0.9983085763626351]"
8ba11e69-338b-4dd6-ae00-32c590cd37c7,#-1:476d23c9-509c-48ad-8d0c-1550a0801f5e,#-1:29934729-a0e3-4574-82f2-bc976f94a074,0.9729678983499572,0.10714597330523991,-0.8658219250447173,"[-0.8594545984407748, -0.8755678370742405, -0.8624433396191367]",-0.8755678370742405,False,-1,907,-0.8972612905962435,-0.9092045099914359,"[-0.892713647060588, -0.9092045099914359, -0.8898657147367067]"
596043f9-f910-43d2-9758-778132b2b365,#-1:e5047f23-2e05-4c05-b73f-f3e073bee65a,#-1:bb88048f-8309-4a81-8d31-6234b5682182,0.9999047786249345,0.1297092012694017,-0.8701955773555329,"[-0.8640229826864045, -0.8774273727720139, -0.8691363766081801]",-0.8774273727720139,False,-1,590,-0.9912971270454151,-0.9934446488516773,"[-0.9934446488516773, -0.9901687367885708, -0.9902779954959975]"
89741f05-3cd4-4e0a-bd02-df02538ae6d2,#-1:5b3bb9fd-d72b-4ec6-8c54-c7ca6f956eb8,#-1:a491ba51-2cb5-45fa-bc6b-1d015b1e8d24,0.9109875315513928,0.041392548081237074,-0.8695949834701557,"[-0.8669364597335759, -0.8641135847122025, -0.8777349059646886]",-0.8777349059646886,False,-1,891,-0.9783235780242947,-0.9794324541210073,"[-0.9783141546854462, -0.9772241252664308, -0.9794324541210073]"
33ee1642-febd-447f-b900-7144dc579ba7,#-1:2ce7bc28-83bc-4712-b786-dabfb3edd325,#-1:22c5bb92-f94e-4775-8627-7bd74ffd32a1,0.912938012084183,0.046743717044102996,-0.86619429504008,"[-0.8481861985148529, -0.8784254577587425, -0.8719712288466446]",-0.8784254577587425,False,-1,353,-0.9972494243517215,-0.998218511478753,"[-0.998218511478753, -0.996324115709294, -0.9972056458671178]"
998f4f46-08cf-4b0e-a729-2c90191b2c78,#-1:98607bc5-3757-4ad6-9ca0-b8a486d08667,#-1:075c8bde-9304-4faf-ac51-865fd388f3f8,0.858582504226811,0.0007290166175889942,-0.8578534876092221,"[-0.8609660357334908, -0.8788346924948147, -0.8337597345993605]",-0.8788346924948147,False,-1,991,-0.7765658760559231,-0.7847178394903688,"[-0.7847178394903688, -0.7662589103559827, -0.7787208783214177]"
0e0ed155-2f1c-4f55-be33-5afd61709cc0,#-1:c0c39022-236c-4b91-98bd-b5644a880603,#-1:4b1892f5-86c5-4870-9243-c02b351f1ac9,0.9940663832988766,0.1250867213684497,-0.868979661930427,"[-0.8719117197097807, -0.8791004243743105, -0.8559268417071896]",-0.8791004243743105,False,-1,98,-0.9807025184455148,-0.9820967695936927,"[-0.9795880728782379, -0.9804227128646136, -0.9820967695936927]"
900526b5-372f-4a40-9863-8a5d984ec98d,#-1:e757b632-f682-4833-a34c-919d91ca405b,#-1:332b4af1-cc60-41e1-8538-82d429ec5765,0.8789991400833808,0.0002743377214366976,-0.8787248023619441,"[-0.8803887982455347, -0.8805704432840812, -0.8752151655562164]",-0.8805704432840812,False,0,930,-0.9477696133162734,-0.9512158678913673,"[-0.9502292865576965, -0.9418636854997564, -0.9512158678913673]"
700ab9d6-ef3b-4499-a74a-1f734f0cded7,#-1:877c950a-060c-465d-9abe-0c2e9ffd07ba,#-1:9b1d1203-985f-49ed-8f8e-2cbc576ab0cd,0.9928892028804799,0.120452208073354,-0.8724369948071259,"[-0.8757049842774949, -0.8807963930180538, -0.8608096071258291]",-0.8807963930180538,False,-1,741,-0.9795488629135288,-0.980152224749959,"[-0.980152224749959, -0.9786452927185136, -0.9798490712721137]"
ce1cc492-e189-46c2-b3b5-0b1fb5e21443,#-1:d64bb96f-0ba1-447a-9c23-5d58acb54be0,#-1:3103bb6f-f957-43cb-b0d9-db2c303a1fff,0.9934715012470177,0.12433400734629406,-0.8691374939007236,"[-0.8713134399950163, -0.8814563696086355, -0.8546426720985189]",-0.8814563696086355,False,-1,1306,-0.9801613147504553,-0.9811823119611692,"[-0.9783041633958046, -0.9811823119611692, -0.980997468894392]"
8f6697bc-ce00-4ec4-a61e-b2fe167e8d2a,#-1:9dfc6fab-b037-407a-86e3-73c8d72c24ad,#-1:6a311235-87a4-47f8-b502-34ce32900b3b,0.9480570699935584,0.07581935703219944,-0.872237712961359,"[-0.881846221587975, -0.8718051663686783, -0.8630617509274237]",-0.881846221587975,False,-1,926,-0.9948630937924111,-0.9953454592265675,"[-0.9944031673563516, -0.9953454592265675, -0.9948406547943144]"
73cc25ef-67ba-4a53-acfa-17278b465c88,#-1:351a611a-fd0c-4d22-b021-355731bef8cc,#-1:d5ebd9ed-3ff3-440a-a5ec-aeb3bf269194,0.8763963659392049,0.0,-0.8763963659392049,"[-0.8824991931696863, -0.8722231502840272, -0.874466754363901]",-0.8824991931696863,False,-1,768,-0.9426469028348049,-0.9502032810698827,"[-0.9502032810698827, -0.9324121626724997, -0.9453252647620322]"
1060477d-208e-4bf2-be7d-20dab5151c8d,#-1:e2f73356-ccbe-4d64-9ef9-845ced22bafd,#-1:46a1d836-29e9-4bdd-ab5b-137ea1db59fa,0.8802668719339949,0.004068353357855155,-0.8761985185761397,"[-0.8827531451013018, -0.8707710712699499, -0.8750713393571675]",-0.8827531451013018,False,-1,118,-0.9841800070487521,-0.985538055473952,"[-0.9831612351946151, -0.985538055473952, -0.9838407304776894]"
0e6a56fd-e9be-45d7-bbdd-bb61c80d6571,#-1:56e76f32-f334-4751-bba3-50cb9402e0d8,#-1:b27cf3ec-be6e-4625-bf64-8242f505e94e,0.8754320421316305,0.0012058457474081654,-0.8742261963842224,"[-0.8656114104844449, -0.8742111810080893, -0.8828559976601328]",-0.8828559976601328,False,-1,100,-0.9574674929599772,-0.9653286931211699,"[-0.9653286931211699, -0.9589781366958876, -0.9480956490628744]"
e1c040a1-2517-40bf-8ce0-62937a9c26da,#-1:ccb52f16-f734-47ce-ba91-f3babf2cba04,#-1:d858f86f-e57a-4abb-b800-6e90f18baa87,0.9892408167855794,0.11577105981241115,-0.8734697569731682,"[-0.8779482952510262, -0.8595249768999472, -0.8829359987685315]",-0.8829359987685315,False,-1,1444,-0.98228042782836,-0.9863839878173511,"[-0.9800039796545588, -0.9863839878173511, -0.98045331601317]"
982e1823-bf48-4dda-a67c-355edac49df8,#-1:605db186-4ee1-4c03-b8bb-d8caf227f0ed,#-1:cf83a034-3545-43d8-82d8-840d4c849484,0.999930069052367,0.12548255380032503,-0.874447515252042,"[-0.878079770443365, -0.8623106930817795, -0.8829520822309818]",-0.8829520822309818,False,0,981,-0.971075234002449,-0.9767374830314216,"[-0.9634644637514672, -0.9767374830314216, -0.9730237552244583]"
d805f909-cc67-42e7-92e6-278bf62961d4,#-1:20f54b8f-ff7e-4789-b3b8-07c759de6509,#-1:fe65f2de-c4d8-4139-902f-5d9702350020,0.8806186226960855,0.0033453045624703506,-0.8772733181336151,"[-0.86765839637717, -0.8807943091655405, -0.8833672488581351]",-0.8833672488581351,False,-1,1367,-0.9564334375596278,-0.9592942829157433,"[-0.9538697215225505, -0.9561363082405898, -0.9592942829157433]"
fa27141a-688f-4206-803f-ec17b74e0abe,#-1:4d5c7fe4-e57a-4698-9c25-0963ef2f3a3b,#-1:40522c84-b7c9-4737-8dd6-ed1e24017c24,0.9760197810649816,0.10614724184752984,-0.8698725392174517,"[-0.8835710160445134, -0.852554346297609, -0.8734922553102329]",-0.8835710160445134,False,-1,1600,-0.9984764292787999,-0.9987011501528504,"[-0.9980924865726195, -0.9986356511109297, -0.9987011501528504]"
1f8bfeae-3217-4184-b752-b25386eae567,#-1:3ff22dc3-a72e-4f3f-9194-79e023ffcf0c,#-1:cc4dee6a-2613-417d-8d93-f9c11606f141,0.9414717638920971,0.06742787921038784,-0.8740438846817092,"[-0.8836212349682127, -0.8738012845522083, -0.864709134524707]",-0.8836212349682127,False,-1,219,-0.9982210008845751,-0.9990024833594797,"[-0.9979786348152601, -0.9990024833594797, -0.9976818844789858]"
4fa074f6-4a0a-4d83-8cd6-a5f9a7ebac22,#-1:1460ccf1-3b61-4db5-a8a1-fd90a928f677,#-1:e5e18623-3f37-42b8-a030-8ea1bffa6a48,0.942290151016533,0.06133925256968429,-0.8809508984468487,"[-0.8827411389709158, -0.883740697261861, -0.8763708591077695]",-0.883740697261861,False,-1,532,-0.9836811593549152,-0.98572258679012,"[-0.9801954595368737, -0.98572258679012, -0.9851254317377519]"
39bdf9d4-aec3-4b95-8a78-53cc96f8383a,#-1:05edaf56-d8ef-4ac6-87cc-3913e1eb3fcb,#-1:ded53e15-73ee-4f3b-9885-ef0dddebbd42,0.9843173736012917,0.11487551344835674,-0.8694418601529349,"[-0.8848142075816612, -0.8679777783982111, -0.8555335944789326]",-0.8848142075816612,False,-1,401,-0.9745320662505911,-0.9776803008758342,"[-0.9734172317078866, -0.9776803008758342, -0.9724986661680519]"
974e7e34-3a59-4eac-8f97-c302e730b20f,#-1:a2ea2111-dbc2-4278-91b1-d016963819c3,#-1:250818ac-d6ba-408e-baed-81441cc57407,0.8787430348584616,0.0046512631615404304,-0.8740917716969212,"[-0.8557637636508769, -0.8848803016545538, -0.881631249785333]",-0.8848803016545538,False,-1,975,-0.9091094154255357,-0.9161490209409409,"[-0.8992132832962848, -0.9119659420393813, -0.9161490209409409]"
79a18a9f-2c91-4b0d-a276-5be1981b4fcb,#-1:0312da30-f715-489c-9fb9-fe62f92fe1b1,#-1:34d57b23-100d-4d8c-a9e4-2a48cf91753a,0.9702748867258423,0.09420902157705703,-0.8760658651487853,"[-0.8647911673427456, -0.8850709520892422, -0.8783354760143676]",-0.8850709520892422,False,-1,794,-0.9893064342799204,-0.9915553088363979,"[-0.9904623674112532, -0.9915553088363979, -0.9859016265921099]"
4a121629-9dcf-4bf2-9c4e-c2a0c80a34b5,#-1:ef82474f-4569-4599-95e0-8799c68a403d,#-1:dcb96bda-1d50-446b-bdcc-2205902c2b75,0.9076320848016453,0.02827321739401128,-0.879358867407634,"[-0.8851309604058462, -0.870971442307151, -0.8819741995099051]",-0.8851309604058462,False,-1,505,-0.9975808619147354,-0.9982123180135584,"[-0.9977363438675355, -0.9967939238631124, -0.9982123180135584]"
11596cd6-e33f-4dcf-b2c3-b754274304de,#-1:706f8f2e-1e1c-4b51-8a82-c69c7d029a06,#-1:3fdb1dd6-0cff-4e14-8adb-45f726d71c78,0.9520586359461829,0.07265167916681792,-0.879406956779365,"[-0.872386443486924, -0.8852325171594602, -0.880601909691711]",-0.8852325171594602,False,-1,131,-0.999297361545232,-0.9995671098443007,"[-0.9989485860287189, -0.9993763887626763, -0.9995671098443007]"
9870e8f6-a3ab-456c-8bdb-11fe5864d4f3,#-1:f18e3d21-f10a-44aa-971b-5c1305e18a59,#-1:7f8c0970-e049-4512-aebe-09d8143b2c84,0.9428794842434535,0.06419837141900751,-0.8786811128244459,"[-0.8854701218918791, -0.8666850285853837, -0.8838881879960749]",-0.8854701218918791,False,-1,983,-0.9361411897830609,-0.9431484571679717,"[-0.9431484571679717, -0.9278241553343385, -0.9374509568468726]"
002ee415-4ac6-4420-8d52-6b7f484e0d7a,#-1:6e7c2e1c-97b3-44f0-a715-e1a1a845587b,#-1:e36a3b3d-2c83-4acb-a286-735d28ce144e,0.8795724797314198,0.002006027922302061,-0.8775664518091177,"[-0.8653308437470388, -0.8818416335621155, -0.8855268781181991]",-0.8855268781181991,False,-1,2,-0.9588780169217187,-0.9615986007170669,"[-0.9551599921435902, -0.9598754579044991, -0.9615986007170669]"
b3b30271-ac32-4490-9198-0bade50b9523,#-1:d5e595d0-8279-4a57-8ece-e70089c77333,#-1:6fe6419c-1a12-495c-afdf-88c5b4dca4cb,0.914468445852909,0.032794326468577766,-0.8816741193843313,"[-0.8770787530506738, -0.8855779493696414, -0.8823656557326783]",-0.8855779493696414,False,-1,1169,-0.7956237268033924,-0.8018503252331497,"[-0.7961502034938297, -0.7888706516831977, -0.8018503252331497]"
9471e37d-1732-41db-8c33-c8463e4431b3,#-1:4ca03f72-d7f1-40a9-b587-3c9f30804fac,#-1:656faa83-bf00-4c67-97b3-969b1dfda9d2,0.8802374276130136,0.0009743774813431774,-0.8792630501316704,"[-0.8829634369766958, -0.8858463130961876, -0.8689794003221282]",-0.8858463130961876,False,-1,954,-0.9414795636263408,-0.9472760006968104,"[-0.9399834131163334, -0.9371792770658786, -0.9472760006968104]"
ec062b7d-eec6-4038-840d-fcf596038079,#-1:c844f0de-d9bc-4ca1-b6bb-95c369d5a761,#-1:96ff24bc-7ca3-4aed-a6a2-b2c7fef78d62,0.9195064507961135,0.03580666754116892,-0.8836997832549446,"[-0.8863591137138014, -0.8833512124616666, -0.8813890235893654]",-0.8863591137138014,False,-1,1512,-0.9532692688457228,-0.9535702329193037,"[-0.9535702329193037, -0.9532355888543647, -0.9530019847635005]"
012ec958-2b95-444e-9c36-a7a3de99c83b,#-1:7086080b-fb12-4a18-b1b8-a0421cb97442,#-1:92f09e94-2faa-4e76-a868-ef4169e49448,0.8788048133983738,0.0003398369152553564,-0.8784649764831184,"[-0.8657314506905376, -0.8863607862971976, -0.8833026924616203]",-0.8863607862971976,False,-1,9,-0.8367981096823653,-0.8446030873092807,"[-0.8370106629270208, -0.8287805788107944, -0.8446030873092807]"
8e2fdac0-af4f-4ea0-ae70-f040b30aa716,#-1:cddd113e-830b-41e7-8f31-bfc3a3e6efd1,#-1:ecbc914b-c148-4e10-b555-270ff23ae28d,0.9070803441349499,0.026407561280261876,-0.880672782854688,"[-0.8817448652459102, -0.8866441046995176, -0.873629378618636]",-0.8866441046995176,False,0,923,-0.567727849640701,-0.5863916850970708,"[-0.574509204290437, -0.5422826595345953, -0.5863916850970708]"
4c01e8b0-cfe5-4a80-9a89-2f7c6b8f15b0,#-1:8c48a08d-4e27-4d38-b279-a5e3e810b292,#-1:b3d137a5-363f-47bc-b49c-f6e0d998cfa0,0.883373425472398,0.002045066364852351,-0.8813283591075457,"[-0.8875162046837928, -0.8815215007345879, -0.8749473719042565]",-0.8875162046837928,False,-1,513,-0.7460611157519988,-0.7596995574083802,"[-0.741456468500774, -0.7370273213468427, -0.7596995574083802]"
cc133c32-5b03-4354-bf17-bb14f285d99b,#-1:b13eb83f-fba5-4950-a89c-3b84f39af785,#-1:82786e59-f51e-4a68-8743-76d258307adc,0.8922657689184685,0.006237001993394675,-0.8860287669250738,"[-0.8827303961570563, -0.88811312782634, -0.8872427767918255]",-0.88811312782634,False,0,1295,-0.9581559108846328,-0.9649099076460872,"[-0.9579873311271344, -0.9515704938806768, -0.9649099076460872]"
0e6df3ea-be5f-4692-bc40-2ebd7fbe4418,#-1:ed7e94d5-e8b7-4d8c-9398-d9b51f09702a,#-1:aa566409-db4c-4b7b-9550-53aba9c8ea7b,0.9424777212116592,0.058601481092963904,-0.8838762401186953,"[-0.8847161442564115, -0.8883318459838313, -0.8785807301158427]",-0.8883318459838313,False,-1,101,-0.9836846215899211,-0.9857091639713281,"[-0.9797748246162388, -0.9857091639713281, -0.9855698761821964]"
f813030c-e7c7-4c92-95a6-b89c22e3b4b7,#-1:01b741a8-c440-42cb-a617-f7b4fa68c31d,#-1:4f37f832-038c-4b77-a684-12ffd9bb7f29,0.9928142482221043,0.11453328058891195,-0.8782809676331923,"[-0.8784734754029808, -0.8885511013473253, -0.867818326149271]",-0.8885511013473253,False,-1,1591,-0.9922315247147896,-0.9937491450354456,"[-0.9930493569241032, -0.9937491450354456, -0.9898960721848196]"
f194fea7-6dc1-4c67-b804-bb0c87e95732,#-1:b9f55a2a-daa3-484d-8d0b-d56bc2e04e1f,#-1:053d8619-f4ed-4d4d-aaf7-aa1436e34dcc,0.9554862720975983,0.06842902215422987,-0.8870572499433684,"[-0.8903771370116494, -0.8851507390577166, -0.8856438737607395]",-0.8903771370116494,False,-1,1548,-0.9996066374766442,-0.9996393206492603,"[-0.9996145247051947, -0.9996393206492603, -0.9995660670754777]"
9e078c2f-0133-49d5-81d4-5de84a9ea3a8,#-1:ab93c1b3-406c-43ad-998b-53ae2d756767,#-1:d116e631-e49f-4d09-b535-786bcb3512b1,0.9549635716954095,0.0738010237311139,-0.8811625479642956,"[-0.8802969654267936, -0.890692056396229, -0.8724986220698643]",-0.890692056396229,False,-1,1030,-0.9420710392184984,-0.9458593327679716,"[-0.9373700815339282, -0.9429837033535956, -0.9458593327679716]"
1dfae2ed-8c6b-4256-a478-a8cbb7536ab5,#-1:b1c769ee-d284-4a95-b692-254d58d142c8,#-1:a0753d3a-f7a9-4c03-ab2d-2a0f70a9c741,0.9610352698892576,0.08309309129570197,-0.8779421785935556,"[-0.8550284662436712, -0.8872267397642333, -0.8915713297727623]",-0.8915713297727623,False,-1,212,-0.999170896351495,-0.9996335139699454,"[-0.9991887094630494, -0.9986904656214901, -0.9996335139699454]"
e60951d9-96e4-4d86-8e4c-59c129732449,#-1:e5f8efcf-4eb8-495a-971c-e96b9a4d66ad,#-1:936ebcbf-bcb9-468c-aaa9-d9e601e21601,0.9670363250176276,0.08962784562584608,-0.8774084793917816,"[-0.8922281118491829, -0.866283913699457, -0.8737134126267048]",-0.8922281118491829,False,-1,1470,-0.9766111272928972,-0.9783632728345191,"[-0.9741128314568446, -0.9783632728345191, -0.9773572775873278]"
eb540f0c-4278-45ed-9b90-e6005645f170,#-1:f2a0e0fa-2920-46b6-8e93-bd9987c1e44b,#-1:6ef3ccca-9b81-454d-a243-3abd5fa2c676,0.8890082758828962,0.005037410021359187,-0.8839708658615371,"[-0.8838485768441477, -0.8929787042233553, -0.8750853165171083]",-0.8929787042233553,False,-1,1503,-0.9839056242622805,-0.9855305807445086,"[-0.9833712724525305, -0.982815019589802, -0.9855305807445086]"
53157923-4335-497a-9356-9a4e5005ef48,#-1:a34f213d-d270-4585-ac6b-a1d66bdbcba0,#-1:6371fcc0-1ad3-40f3-9560-f948e38e7527,0.8936095983646015,0.016065565772416624,-0.8775440325921849,"[-0.8930329779162678, -0.871299928528395, -0.8682991913318918]",-0.8930329779162678,False,-1,549,-0.982913062116786,-0.9848112772513776,"[-0.9792968543112509, -0.9846310547877296, -0.9848112772513776]"
b1d520a6-9844-4e69-b8a7-be8a2b98c5c1,#-1:6cb6b432-0b50-481a-9116-49dfe13b2f77,#-1:57f4f190-a116-4fbc-9d7e-94b8745a4c14,0.9137163192109533,0.03704315598389346,-0.8766731632270599,"[-0.893779222114711, -0.8630355817338135, -0.8732046858326553]",-0.893779222114711,False,-1,1149,-0.9680350862451718,-0.9732936443306938,"[-0.9658154846125102, -0.9649961297923114, -0.9732936443306938]"
088f6fb9-9ee0-4f3f-825c-0ca3991034f2,#-1:fd65f51b-cda9-42d3-9346-56c47d6cf4e8,#-1:80362a88-ecfd-422c-bfec-2d5d441ef151,0.9923664891776164,0.10692152566345973,-0.8854449635141567,"[-0.8873622601768236, -0.8939203836390834, -0.8750522467265632]",-0.8939203836390834,False,-1,59,-0.9939487378206219,-0.994942576159651,"[-0.9936181489779786, -0.994942576159651, -0.9932854883242358]"
c9769ff5-4e10-4591-840b-d7b418fc8597,#-1:dcade2cd-d1bb-4815-83cf-ccb2ab413ff8,#-1:408d6b94-5328-4ec1-87bd-96f9191245ee,0.984047800141099,0.10147579772755315,-0.8825720024135459,"[-0.8942860053356576, -0.882637383832137, -0.8707926180728432]",-0.8942860053356576,False,-1,1275,-0.9938142940336103,-0.9945438786267614,"[-0.9945438786267614, -0.994309628705368, -0.9925893747687018]"
6bb0a292-27fb-4772-b19b-231927f3cd3e,#-1:dd8690f8-85c2-45f7-8697-86451d411aae,#-1:59c2e734-2b83-4249-ab86-0f1723003f62,0.9125097751084322,0.030608396420192297,-0.8819013786882399,"[-0.8945922807937949, -0.8662576067409675, -0.8848542485299573]",-0.8945922807937949,False,-1,709,-0.9561094249293983,-0.9602530395573411,"[-0.9540367427637652, -0.9540384924670885, -0.9602530395573411]"
db9cef2b-df05-4d92-b0b6-06604c707e8f,#-1:75cb6f44-c4dd-4c76-bd27-b4180e362890,#-1:b0ff8e8a-9045-4323-ab9a-9a42b5c330af,0.9167303406195649,0.026982613699317787,-0.8897477269202472,"[-0.8879461637960833, -0.8951280710245934, -0.886168945940065]",-0.8951280710245934,False,-1,1402,-0.5623279164584151,-0.5826748081831351,"[-0.5676124732437061, -0.5366964679484038, -0.5826748081831351]"
04e2c152-c6bd-4433-a733-b98b8ebd00bb,#-1:ad932a29-270b-4a6d-a815-0070614de7a4,#-1:2492b49e-40aa-41fe-9502-662803229045,0.9532394283667155,0.07154870928724617,-0.8816907190794693,"[-0.8671103762889343, -0.8825632910144653, -0.8953984899350085]",-0.8953984899350085,False,-1,35,-0.9973591250471143,-0.9983572921711529,"[-0.9983572921711529, -0.9963346997147654, -0.9973853832554245]"
8cb9e552-b8c5-4599-bb22-31d1d169c105,#-1:7b1fb42e-fda3-4c18-8879-ea510a44fb6e,#-1:343b6657-4f0b-4dba-8e57-8dcae2d36c69,0.922566694284303,0.03302604508476855,-0.8895406491995345,"[-0.8826244338333505, -0.8904768348454096, -0.8955206789198435]",-0.8955206789198435,False,-1,915,-0.9612071213161678,-0.9663425315375721,"[-0.9663425315375721, -0.9558326436353459, -0.9614461887755853]"
945b5bff-6128-435a-a3ee-f6b47ea8f184,#-1:e50c256b-b0f6-4e80-9634-c7c3ac550f2f,#-1:e049ca92-5af2-498e-8391-b03383476e1a,0.9167963750269769,0.0245261501437927,-0.8922702248831842,"[-0.8895418892379247, -0.8957171441278818, -0.891551641283746]",-0.8957171441278818,False,-1,953,-0.5632482868287854,-0.5849914748498019,"[-0.5676124732437061, -0.5371409123928482, -0.5849914748498019]"
b58a8979-8e1e-4e7b-9698-52da74f6cddb,#-1:72942e95-ad59-4633-afcb-9486e7246725,#-1:e3d89f1f-00f9-48d2-9a5c-470477376f36,0.93075588089016,0.04069549463347454,-0.8900603862566855,"[-0.8826189037454875, -0.8917805421109195, -0.8957817129136498]",-0.8957817129136498,False,-1,1180,-0.9964370531611326,-0.9972945495766157,"[-0.9947476201321874, -0.9972945495766157, -0.9972689897745948]"
1b95fe40-759f-42e3-b54c-c963d7885e35,#-1:1e3d2519-8eb7-4033-b486-5d6b332df475,#-1:5d60d0cf-532d-4996-b216-126b0d4021bf,0.9167309004359786,0.023494373673031036,-0.8932365267629475,"[-0.8915212195473627, -0.8958130348163903, -0.89237532592509]",-0.8958130348163903,False,-1,195,-0.5631927312732298,-0.5838248081831352,"[-0.5676124732437061, -0.5381409123928482, -0.5838248081831352]"
bf070352-f1ee-46ec-b62e-95b4eaf4e114,#-1:0adf6dc7-785d-4330-9619-558809f87991,#-1:1d50b3b8-84ad-48b6-96bb-e00a5e7eb94a,0.9676364321046872,0.08082000020133205,-0.8868164319033551,"[-0.895919413592556, -0.874063281370907, -0.8904666007466024]",-0.895919413592556,False,-1,1215,-0.9995641482874783,-0.9996202367396313,"[-0.9996202367396313, -0.9995304989106215, -0.999541709212182]"
77118b9f-44a0-4858-8900-4c157882e03c,#-1:9af668cf-b6c2-4885-a2bc-cbef1d870f6e,#-1:34eacab3-8e51-4ad0-aa66-1144ae1ae3d7,0.9506118134809988,0.06472544608592168,-0.8858863673950771,"[-0.8962122316171818, -0.8864600559968845, -0.874986814571165]",-0.8962122316171818,False,-1,783,-0.8762319869060118,-0.8816530268565325,"[-0.8732681114973618, -0.8737748223641411, -0.8816530268565325]"
4d279fe6-4475-452c-9822-6ac364b44331,#-1:f1cf45eb-1f81-4c5d-892c-fd432ca8858e,#-1:89db1f5a-d44c-4ae5-97c7-60143b392f33,0.9759064095721133,0.09131920133747123,-0.884587208234642,"[-0.8965564392611759, -0.8926846374325574, -0.8645205480101924]",-0.8965564392611759,False,-1,523,-0.9984948690785483,-0.9991953881527766,"[-0.9984959872339311, -0.9977932318489372, -0.9991953881527766]"
7ca6c121-a722-496b-87c9-8a5fea53248a,#-1:90dcc978-8ce2-4a7d-b21e-278ba92795b6,#-1:03079984-ff32-4b38-89c6-76ff8f42fe1b,0.9183309748736376,0.02615922848166337,-0.8921717463919742,"[-0.8969380017650948, -0.8839221226631894, -0.8956551147476389]",-0.8969380017650948,False,-1,814,-0.9935282478575744,-0.995083269126892,"[-0.9941220137728706, -0.9913794606729606, -0.995083269126892]"
2584d6ce-1b5b-4c73-9989-95e16b5e68d2,#-1:5d915473-4077-46db-ab46-dbc8bd85bf4a,#-1:aa4bceec-d9e0-496b-892e-b57d1524be85,0.9996538479658971,0.1114726607818954,-0.8881811871840016,"[-0.8761305756440394, -0.8914721242122307, -0.8969408616957351]",-0.8969408616957351,False,-1,255,-0.9597064135178965,-0.9629796673072564,"[-0.9629796673072564, -0.9548906425588507, -0.9612489306875824]"
1385d3bd-19e1-4702-891c-7e3619157ccf,#-1:0aa2afd4-0481-46ee-b1c9-bb5bab048121,#-1:3e78f7b7-110a-45ed-9c56-03ee5bbeadf9,0.9191418709130703,0.030841459538005423,-0.8883004113750649,"[-0.8873125322599364, -0.8977448497976183, -0.8798438520676398]",-0.8977448497976183,False,-1,142,-0.8376353958838253,-0.8416287488942655,"[-0.8389423146727628, -0.8416287488942655, -0.8323351240844475]"
28d16b8a-3bf4-4f8a-8a3e-9ba0b2f3bf4a,#-1:58546fb1-6fab-4721-b224-4cfe8fae7a21,#-1:cdd60791-24e1-4636-80a6-162e4d5b6539,0.9322114782686443,0.04174934371160909,-0.8904621345570352,"[-0.8865091157385796, -0.8869460013574368, -0.8979312865750888]",-0.8979312865750888,False,-1,268,-0.988486055829659,-0.9901289597637256,"[-0.9901289597637256, -0.9865123608377592, -0.9888168468874922]"
b583a678-31b4-481e-9f14-b423a13423ef,#-1:2e9e6fda-0ca3-496b-ad2c-3505de8f84e1,#-1:5b16bc66-ccc7-4bc9-b72f-8807ead769e3,0.8904893440023317,0.0,-0.8904893440023317,"[-0.8980625425356181, -0.8917687788200548, -0.8816367106513225]",-0.8980625425356181,False,-1,1179,-0.9522687874253669,-0.9581811724363091,"[-0.9530692201215043, -0.9455559697182876, -0.9581811724363091]"
130f0a2f-92bf-4103-807e-0e74919cdaf4,#-1:b7ba666b-f1cb-4634-bd48-2fb644221749,#-1:76500111-9341-4bb8-85cd-68f116ec3469,0.9776595507524912,0.08222326575873964,-0.8954362849937516,"[-0.8980680240941673, -0.8970696905037591, -0.8911711403833283]",-0.8980680240941673,False,-1,137,-0.9988602484163461,-0.999023787201058,"[-0.999023787201058, -0.9985339096456599, -0.9990230484023201]"
ceb98b95-ab1b-4a45-bd86-415389676d2c,#-1:3d37b2d1-54fc-4d96-9324-9b1906bdcddf,#-1:3ab8645e-f64c-4187-a992-3d40f5ab6205,0.932019653798624,0.04905313962510618,-0.8829665141735178,"[-0.869587491063939, -0.8804554894423766, -0.8988565620142378]",-0.8988565620142378,False,-1,1309,-0.8629085791799005,-0.864989635359157,"[-0.862409765104, -0.864989635359157, -0.8613263370765445]"
5d1a09d0-80dc-44b6-b408-e71c5f2524ef,#-1:0dd9b8ef-bba2-4149-9cc1-a335025fdf1f,#-1:9f1e938c-a1c2-44f3-afdb-cc09498a78db,0.9859262067110844,0.09678937139688093,-0.8891368353142035,"[-0.8994543731011577, -0.8980564235968443, -0.8698997092446085]",-0.8994543731011577,False,-1,610,-0.9960841445211809,-0.9979471950483524,"[-0.9951252178780967, -0.9951800206370932, -0.9979471950483524]"
29be7b33-aaad-4781-93b7-6a106588b905,#-1:d30ab5ca-724e-4021-ae64-2ecc61d77dec,#-1:01e823fd-dd34-42b5-832a-7854b34fbc24,0.9859262067110844,0.09678937139688093,-0.8891368353142035,"[-0.8994543731011577, -0.8980564235968443, -0.8698997092446085]",-0.8994543731011577,False,-1,278,-0.9961582185952548,-0.9979471950483524,"[-0.9951252178780967, -0.9954022428593153, -0.9979471950483524]"
fe86db5f-e95d-4764-84d9-cb43438dfbcc,#-1:d938fcd7-c100-4990-a426-3640c7ecdbe8,#-1:d305c52a-58fc-477b-a4c5-10935d1aa687,0.9860516193473184,0.09651503367544423,-0.8895365856718742,"[-0.8994543731011577, -0.8982318170070982, -0.8709235669073663]",-0.8994543731011577,False,-1,1621,-0.9961285889656252,-0.9976083061594635,"[-0.9953752178780967, -0.9954022428593153, -0.9976083061594635]"
ec7c3698-5076-442d-a55c-1aab7a5a9420,#-1:37f5b64f-f99e-44c9-996d-91ef13129547,#-1:8c678831-c790-49f2-84c9-d5480d62d720,0.9578269447118922,0.06899904955706017,-0.8888278951548321,"[-0.8837675286476837, -0.8827390192741367, -0.8999771375426758]",-0.8999771375426758,False,-1,1514,-0.9759918670164769,-0.9774386178887834,"[-0.9774386178887834, -0.9736935972133761, -0.9768433859472712]"
658edbb8-34c5-4461-a95c-94f173467774,#-1:99ed116f-248b-44dd-b1c2-4077efb38d54,#-1:c1d6b9f9-a453-446d-a83a-56525783586d,0.8987327601456853,0.004875116259452468,-0.8938576438862328,"[-0.8830746881114676, -0.9002287418072888, -0.8982695017399419]",-0.9002287418072888,False,-1,670,-0.9475622694548899,-0.9487560534515461,"[-0.9453071062408004, -0.9486236486723229, -0.9487560534515461]"
63ac052e-2989-42ed-802a-7f18a814d3ed,#-1:48a77b91-05a5-43f3-9e83-120cdba1fb8c,#-1:942eb2d0-adbf-4a99-85cb-d5fca156d753,0.9943583003303269,0.1058474349056524,-0.8885108654246745,"[-0.8871363845724645, -0.9008489603285296, -0.8775472513730294]",-0.9008489603285296,False,-1,660,-0.9931425836600276,-0.9946293843244205,"[-0.9915360159660838, -0.9946293843244205, -0.9932623506895788]"
bc418504-bf4a-4b46-8107-b9a58338caa4,#-1:46258b39-0d41-4800-8c37-9cf0485716b4,#-1:4a112b43-c210-413a-bcae-de1d2a9c84e9,0.9036878887920642,0.005848331388848491,-0.8978395574032157,"[-0.8929196675438145, -0.9020674818331389, -0.898531522832694]",-0.9020674818331389,False,-1,1206,-0.9940910307258779,-0.9950671181199775,"[-0.9950671181199775, -0.9933424554973042, -0.9938635185603522]"
c1b9b154-0840-4cfd-8e00-dc1961a7fe5c,#-1:3e4e54b6-51ab-4bf4-a5b5-8749cce10909,#-1:c7081fa0-706d-4fd4-8377-0f79e0ca1e6f,0.9196956043571095,0.021884199155777762,-0.8978114052013317,"[-0.890866037556792, -0.9003384497876826, -0.9022297282595209]",-0.9022297282595209,False,-1,1234,-0.9172397226669574,-0.9231962049368684,"[-0.9056413453719588, -0.9231962049368684, -0.9228816176920452]"
52c60826-cc68-496d-9142-0990b146607a,#-1:2f3af220-fcd9-4a76-8cb9-5250b8d65864,#-1:f307db61-f00c-4147-8f92-13e925099d56,0.8927643044578075,0.004381056135494375,-0.8883832483223132,"[-0.9023952627210898, -0.8879886938844623, -0.8747657883613873]",-0.9023952627210898,False,-1,548,-0.902326766415806,-0.9139885571951905,"[-0.8835249750261461, -0.9094667670260815, -0.9139885571951905]"
c5d74713-5f5f-4d1e-b1ac-8844888764af,#-1:6318baa1-1d69-49db-8d4f-9c0df1891ad0,#-1:fcce5a30-f6a6-40e9-ade6-64aa1c217665,0.92713910748214,0.02411608146132642,-0.9030230260208136,"[-0.9035560260585235, -0.9027695646406306, -0.9027434873632867]",-0.9035560260585235,False,-1,1256,-0.9916431161506288,-0.9927465151201426,"[-0.9923307855312377, -0.9927465151201426, -0.9898520478005062]"
718b9240-e573-4729-9fc0-89d34252c311,#-1:a1b6604a-3659-47f2-8a25-a3ce34df80a5,#-1:75a94fc7-cddf-4ff2-a87a-88637e36532b,0.8977554433336069,0.0003398369152553564,-0.8974156064183515,"[-0.8864279060385012, -0.9035944972694309, -0.9022244159471224]",-0.9035944972694309,False,-1,754,-0.8842104165944433,-0.8865949812919331,"[-0.8865949812919331, -0.8831964366532821, -0.8828398318381148]"
01fdea22-bd86-4a59-8248-3ef9a29380d2,#-1:21c028ca-11c2-4554-b1cf-d5eddb2ca91b,#-1:81bbcbf5-ad58-4660-a93e-b01e6fb04e0e,0.9002379271355324,0.0,-0.9002379271355324,"[-0.9036769072097537, -0.9020682171658445, -0.8949686570309989]",-0.9036769072097537,False,-1,14,-0.9674711508084758,-0.9698309526620974,"[-0.9698309526620974, -0.9686063015047557, -0.9639761982585745]"
da5f1217-b14b-4ac6-9c11-dad07716c2c1,#-1:7b71b719-1bdc-4cb1-b289-8c78cc41b1ce,#-1:e161c040-eec5-40ff-ba0c-72a196c084e1,0.9059769803350705,0.015182669876433916,-0.8907943104586366,"[-0.8980155679448457, -0.903966217058564, -0.8704011463725002]",-0.903966217058564,False,-1,1388,-0.9769666178145299,-0.9776757870366881,"[-0.9763261015761322, -0.9776757870366881, -0.9768979648307696]"
e0a272f7-2805-413c-b8dc-efa201913e27,#-1:021feb98-6b6e-4116-9925-1a070d7a011c,#-1:33257095-5e06-48fc-ba82-0f677b33b721,0.9844158433976706,0.08457880124887567,-0.899837042148795,"[-0.9040114789557216, -0.8945383640568749, -0.9009612834337885]",-0.9040114789557216,False,-1,1436,-0.9986369513440065,-0.9990986925934335,"[-0.998648187993771, -0.9990986925934335, -0.998163973444815]"
ba081253-0bb9-48e2-8fc8-b5beb3079ae0,#-1:ac32d224-dced-4385-816a-199c74e724e0,#-1:f255022e-13f0-4fe3-9205-9148cbe3b8c8,0.9559561310111468,0.0533981354717983,-0.9025579955393486,"[-0.9029797721693013, -0.9043435380559199, -0.9003506763928244]",-0.9043435380559199,False,-1,1194,-0.9978408061550118,-0.9985173474430469,"[-0.9980240872944999, -0.996980983727489, -0.9985173474430469]"
b2a49241-d32a-4126-a750-7ed1019ab81d,#-1:fed871a5-b14f-4a17-a4b3-d8e45bbbe8ab,#-1:fe5b381e-fe29-495f-9e92-19c6a4b4d95a,0.9021938019523147,0.00035698322249365046,-0.901836818729821,"[-0.9022120137576902, -0.8989226467958326, -0.9043757956359403]",-0.9043757956359403,False,-1,1156,-0.9837029206522286,-0.9839285766450068,"[-0.983673040238117, -0.9835071450735619, -0.9839285766450068]"
b8f20cb9-9ee9-4cc9-8ebb-8e7e83846abd,#-1:58b6ff78-08e8-44f7-93ec-634d4e858dac,#-1:ca317fde-a8b8-47b7-91e4-5ffabbce731b,0.9387521162198341,0.04772687874871379,-0.8910252374711203,"[-0.8807149273248951, -0.8878951254828746, -0.9044656596055911]",-0.9044656596055911,False,-1,1193,-0.8851300933963108,-0.8894494427033167,"[-0.8894494427033167, -0.877115802305599, -0.8888250351800163]"
bf4ca772-b981-4dd8-a291-9ba53a776fe6,#-1:fccc93fa-6dbe-4950-811a-5aedfefadae9,#-1:5f8f1430-b761-4999-b782-f75ba384cab1,0.9099718778158964,0.009173812806369237,-0.9007980650095272,"[-0.9000328054663255, -0.8976518825468794, -0.9047095070153763]",-0.9047095070153763,False,-1,1218,-0.9682072868389112,-0.9704558486138436,"[-0.9704558486138436, -0.9659405528966872, -0.9682254590062027]"
11e856c3-f601-4829-aebc-6e342761acf3,#-1:7330ab15-1a51-4417-8265-dfe8764f91ed,#-1:1dbcd00b-d5ca-46da-bc89-788e6db12185,0.9113049730417414,0.015317967006986991,-0.8959870060347545,"[-0.8867073349784227, -0.8965215023749882, -0.9047321807508523]",-0.9047321807508523,False,-1,132,-0.9980020507205856,-0.9985869291580455,"[-0.9985869291580455, -0.9980344295906884, -0.9973847934130228]"
ff77ea1c-d059-4246-8594-407e6c23b20e,#-1:9900e93b-52ec-49e6-a27f-43591304684e,#-1:90af7c4b-b062-4cd0-861a-0fe097103a0d,0.9297941851536983,0.03088823045490985,-0.8989059546987884,"[-0.9055430793427561, -0.8860108148604027, -0.9051639698932061]",-0.9055430793427561,False,-1,1629,-0.9853775703399177,-0.9876103425864506,"[-0.9876103425864506, -0.9847147187813232, -0.9838076496519792]"
205b680e-68ec-4484-ba23-0c8ae6530ad5,#-1:ea56628f-0900-4f6c-bb89-7b0996f39181,#-1:1c2b36f2-3026-420c-b7ad-fb325429e149,0.9462876810141013,0.060526583318591155,-0.8857610976955101,"[-0.8646841382270617, -0.9057310683290619, -0.8868680865304065]",-0.9057310683290619,False,-1,224,-0.8915096034911546,-0.8978213944072058,"[-0.8845062046754726, -0.8922012113907852, -0.8978213944072058]"
252388ff-0dca-4016-83db-1d0e38669454,#-1:845b830c-0494-434d-8c8b-490ad668d54b,#-1:17dc9bc8-b00d-44ad-a787-549ea88a5bf5,0.9134993144049837,0.01508725733335532,-0.8984120570716283,"[-0.906036622681606, -0.8919755699267874, -0.8972239786064917]",-0.906036622681606,False,-1,252,-0.9974134248482299,-0.9985266596332585,"[-0.9974962162070936, -0.9962173987043375, -0.9985266596332585]"
12f0e8e3-c2a8-4f4b-b1cd-8f5b9fdaedec,#-1:ca322e96-c02b-4950-9acf-f55ddbe59e01,#-1:679f0816-25a4-4beb-8cc1-e7d39f1236b7,0.9542028952662974,0.053085871373097365,-0.9011170238932,"[-0.8992124513610565, -0.8969927594525494, -0.9071458608659945]",-0.9071458608659945,False,-1,135,-0.9994931261864779,-0.9996855051147718,"[-0.9995928557872505, -0.9992010176574114, -0.9996855051147718]"
16c02fa5-efee-4418-a7bb-80fd2697f31d,#-1:4c725a92-e901-48ef-aa4b-73ca94c5ee25,#-1:f4d66046-b6c2-4bdc-b2ad-b3c6c92f7b9a,0.9395704601197318,0.040248025615632746,-0.899322434504099,"[-0.8979599524127699, -0.8922424229214044, -0.9077649281781224]",-0.9077649281781224,False,-1,166,-0.9981375093712738,-0.9986652161543715,"[-0.9976755448732754, -0.9980717670861742, -0.9986652161543715]"
49afe055-0ddc-45cb-a665-718b234423f0,#-1:d0e1e808-0db0-4bca-b969-f0bffde5a819,#-1:1e0409b1-3666-47b0-8457-5c8ff47ffc09,0.9558673371434226,0.059180777319194765,-0.8966865598242278,"[-0.9089764523407031, -0.8767705049782571, -0.9043127221537237]",-0.9089764523407031,False,-1,502,-0.9784250599171362,-0.9813335759997898,"[-0.9800854820244617, -0.9738561217271574, -0.9813335759997898]"
106ac93b-4f0f-4da0-a87f-3ed7d5d82ebd,#-1:d78aa050-4e8e-40b7-b61a-a58bcd5634a3,#-1:986d6e78-4669-4373-8b20-f60c5f6126d5,0.9183444961161817,0.030643805804381672,-0.8877006903118001,"[-0.9092415945370186, -0.8783953561207323, -0.8754651202776492]",-0.9092415945370186,False,-1,119,-0.9605485080324551,-0.9683044976328798,"[-0.9683044976328798, -0.9539708782986407, -0.959370148165845]"
59099037-fe6b-4a2f-ad39-917f2b92bfd1,#-1:2ea87243-d488-4b9d-bd73-145e8b6a1c9e,#-1:362420d1-724f-4f12-8796-78dd298ef3d2,0.9504843779936274,0.04500957679122534,-0.9054748012024021,"[-0.9099333083455778, -0.9056098864874885, -0.9008812087741397]",-0.9099333083455778,False,-1,588,-0.9988620693625884,-0.9994203274283571,"[-0.9988259254446049, -0.9994203274283571, -0.998339955214803]"
c29c6b38-df7d-414b-b671-9407bc8e3b3e,#-1:4748b9d6-eff3-4b3b-b774-fdd2864f6cb0,#-1:c645d77e-b330-465b-be82-6f606c8bcea9,0.9951396934194806,0.10239477477608487,-0.8927449186433958,"[-0.8794984988243337, -0.8887233170306437, -0.9100129400752102]",-0.9100129400752102,False,-1,1238,-0.995767753840866,-0.9963939584613094,"[-0.9953884715630067, -0.9963939584613094, -0.995520831498282]"
4c4e0393-8979-4583-b139-0f2ed229bc4e,#-1:87441872-d57a-4150-8e3e-b8fd1f4d827c,#-1:93448d6c-9945-40ae-9dca-389abdb45c0e,0.9897379606170057,0.08285659534001834,-0.9068813652769874,"[-0.9102084981724912, -0.9089053674498512, -0.9015302302086199]",-0.9102084981724912,False,-1,516,-0.9966918377810092,-0.9983938782065226,"[-0.9956873689067772, -0.9983938782065226, -0.9959942662297276]"
4c468c06-4440-4cbf-89a8-0dc8c1de08a2,#-1:357bd40e-e0c4-46c7-8fb4-b5c5f8d9f7c4,#-1:bf5cd2f8-f89d-49d0-9eef-855bb6e24282,0.9335766609382962,0.04657676659121741,-0.8869998943470787,"[-0.8693563040043599, -0.9107080290137655, -0.8809353500231109]",-0.9107080290137655,False,-1,515,-0.9647778059724498,-0.9654729171799558,"[-0.9638280655641974, -0.965032435173196, -0.9654729171799558]"
000ddb44-dcb0-4acd-8b75-0c675615dbce,#-1:dc8dec3e-1791-4a98-bd39-a6fad27d9c5f,#-1:d631e0a3-de21-494f-b735-1f71b41640fb,0.9155099956467891,0.017347408799448426,-0.8981625868473407,"[-0.8977081161660642, -0.8857947864691345, -0.9109848579068234]",-0.9109848579068234,False,-1,0,-0.9623155986805738,-0.9651271699424004,"[-0.9620006678832688, -0.9651271699424004, -0.9598189582160521]"
0afd7871-43f6-4e67-98fe-8283367c6840,#-1:592f7864-34cc-462c-b807-60f04dc9736d,#-1:2cb050e1-07ac-4316-8ab6-92d560333874,0.921336621453908,0.015946135027221853,-0.9053904864266862,"[-0.9115468471414658, -0.9045756970465489, -0.9000489150920442]",-0.9115468471414658,False,-1,83,-0.998951820723616,-0.9994689517112707,"[-0.9994689517112707, -0.9980406335570362, -0.9993458769025411]"
d489e727-51f7-4882-a5db-3d737b1de038,#-1:ba1add9b-73cb-457a-b6df-a3b39b7db292,#-1:903cb24b-9db4-45e2-a27e-925260fac723,0.9077758329561036,0.0003892960627237088,-0.9073865368933799,"[-0.9037312407167123, -0.9116406942082745, -0.9067876757551531]",-0.9116406942082745,False,-1,1349,-0.9334757723402074,-0.9437870577148988,"[-0.9437870577148988, -0.9279359693384045, -0.928704289967319]"
3ea6362e-ecaa-4b1d-94e2-9190031719d9,#-1:16e403cf-0ee3-4098-a64c-09b5343b0bc3,#-1:8aad277b-d4b7-47ed-98b6-96a94ce9c877,0.9657085887726528,0.05888923950929572,-0.906819349263357,"[-0.9118709227086825, -0.9026655436337672, -0.9059215814476214]",-0.9118709227086825,False,-1,437,-0.9372691242458545,-0.9383617227421932,"[-0.9377770433867284, -0.935668606608642, -0.9383617227421932]"
f65baa27-0336-42f0-bfbb-493ba704d4a3,#-1:c617e6af-3513-465b-813c-3a9b8c1875d1,#-1:253265eb-7f52-4f4e-a2db-1f153ee61624,0.9049026758642649,0.0017720387525958278,-0.9031306371116691,"[-0.912413816330943, -0.9018538267879572, -0.895124268216107]",-0.912413816330943,False,-1,1584,-0.9854162712234666,-0.9871543208390586,"[-0.9871543208390586, -0.9828270426917894, -0.986267450139552]"
6e26983b-48ab-4e1b-91bf-76c725d9e704,#-1:bf5d2991-b2a8-4be8-90a4-d81444a4edd9,#-1:8369ff7a-72aa-4e48-a403-5e17cbd2d795,0.8933188644345625,0.0018347801842649742,-0.8914840842502976,"[-0.9124791969147201, -0.875451405461561, -0.8865216503746115]",-0.9124791969147201,False,-1,730,-0.9602297435457433,-0.9625107292631426,"[-0.961044247234184, -0.9571342541399032, -0.9625107292631426]"
ed994949-08d5-469e-9686-c7fa7b2114a7,#-1:d3bd8b0d-87d1-428a-a75c-f24a47efbc46,#-1:15fc26d2-da65-4b6b-ae01-8d5f8a9b027c,0.9701131462109588,0.06235469518117715,-0.9077584510297816,"[-0.9086449863506535, -0.9020108870441873, -0.9126194796945042]",-0.9126194796945042,False,-1,1522,-0.9821474743316062,-0.9836386799610118,"[-0.9798657566128186, -0.9829379864209881, -0.9836386799610118]"
669874ab-0b44-4cb9-a21d-9316492ffbef,#-1:dbff3ec7-13a9-48ce-88b0-998b302c7124,#-1:2c643d2d-eb0c-4874-a1a0-7e1eb5d0e824,0.9685492784604984,0.06086806968610107,-0.9076812087743974,"[-0.9133100486017764, -0.9029001607450537, -0.9068334169763619]",-0.9133100486017764,False,-1,675,-0.9671953501237939,-0.970684500355127,"[-0.9657682444300575, -0.9651333055861975, -0.970684500355127]"
5758c73e-ff9a-4bb3-acea-992354a1c3f1,#-1:bab5801d-b37c-4f28-9512-e4f4f0f7cb71,#-1:e7180ab7-fb6c-4936-a506-2fac3be2bc72,0.9278215851385824,0.02412494868872112,-0.9036966364498612,"[-0.899361147231284, -0.8976010145972464, -0.9141277475210534]",-0.9141277475210534,False,-1,579,-0.9618954810916801,-0.9644509849924927,"[-0.9590751053322274, -0.9621603529503205, -0.9644509849924927]"
2e4f4d71-819e-403a-99bd-5719671d7747,#-1:7b5f75fe-cf62-473c-a218-fd5e8322c329,#-1:528d160f-81c6-4b9a-945d-c2fba51810f0,0.9978163453529469,0.08720542283932924,-0.9106109225136177,"[-0.9099038329653873, -0.914210707509018, -0.9077182270664479]",-0.914210707509018,False,-1,308,-0.9546620308956021,-0.9560414125713532,"[-0.9535534261471242, -0.9560414125713532, -0.9543912539683287]"
8a764168-cdce-4e54-97a7-9db60baa0ac4,#-1:0ab556f9-024a-484c-82c4-3f78c6768396,#-1:f0d488fd-6da6-4437-baf7-7149769966a1,0.9425827155039194,0.03215763770366846,-0.910425077800251,"[-0.9079755275182029, -0.9084912830988391, -0.9148084227837108]",-0.9148084227837108,False,-1,896,-0.9953582913262434,-0.9966063268853101,"[-0.9941629489994465, -0.9953055980939737, -0.9966063268853101]"
087b3d50-af1b-4d7d-baed-b1933c98d39f,#-1:4b351bf9-b94b-4b38-9501-d33372a0c73f,#-1:c2860aab-67a6-4e12-803c-525601babd30,0.9166768694790178,0.010726903981309585,-0.9059499654977082,"[-0.9026948617297281, -0.915787295242399, -0.8993677395209977]",-0.915787295242399,False,-1,58,-0.9836682185826618,-0.9843290374224656,"[-0.9843290374224656, -0.9831769171661363, -0.9834987011593835]"
88d72c0a-d53f-47a3-a5d5-7f36c1326fcd,#-1:49dd0aa0-60ac-4ec8-82b8-0855f4f17472,#-1:a90a393d-36a1-4ee6-be2d-9fd64d205c68,0.9541234641377213,0.041281095890220464,-0.9128423682475009,"[-0.9158326855706365, -0.9072578505289133, -0.9154365686429528]",-0.9158326855706365,False,-1,884,-0.9979928669384434,-0.9989238681452028,"[-0.9968537854848794, -0.998200947185248, -0.9989238681452028]"
99697534-9a13-43df-9ed8-cd3bae021cf7,#-1:46b55a75-e5cd-4af9-b397-e8e013eff334,#-1:b204da5f-c385-4806-9c28-67710fa98c01,0.9151869133264664,0.0051142255191482895,-0.9100726878073181,"[-0.9061192182010109, -0.9078179619298209, -0.9162808832911228]",-0.9162808832911228,False,-1,990,-0.9888800329011289,-0.9902347959138634,"[-0.9886516902544387, -0.9902347959138634, -0.9877536125350843]"
5a96658a-da91-46de-9a22-1fa3e5a2a07e,#-1:6cd917ee-675c-48e2-a2d9-e3e91466fd12,#-1:c5f6f42b-628e-40a6-bfb4-ac2259413dc2,0.9099845089117581,0.001749995751247317,-0.9082345131605107,"[-0.9007427131452774, -0.9163352645682978, -0.9076255617679567]",-0.9163352645682978,False,-1,602,-0.8853362137740545,-0.890805454771593,"[-0.890805454771593, -0.8863522482434163, -0.8788509383071542]"
f08fc46f-ff5b-44b0-8161-9438de3cb8f7,#-1:36c50b13-60b9-4379-891a-7f22fb858ae3,#-1:c72b6b03-84dc-4b78-aa86-293e4f3d8c46,0.9357348121376944,0.03030133811023975,-0.9054334740274547,"[-0.9164256307040355, -0.8920831804926057, -0.9077916108857227]",-0.9164256307040355,False,-1,1542,-0.9987103573788773,-0.9988455170941212,"[-0.9985407165140076, -0.9988455170941212, -0.9987448385285034]"
9af85c67-f7f9-474d-801e-7d6dc22c338f,#-1:fbb2c978-326c-4712-bab4-f57186672f0a,#-1:2dd44f35-08b8-4cfe-b385-db61e3dc89f8,0.9503555628965715,0.04963448056384983,-0.9007210823327217,"[-0.8862946610537621, -0.9166627650728972, -0.8992058208715059]",-0.9166627650728972,False,-1,1003,-0.9973066696625151,-0.9980062002047728,"[-0.9962237440843733, -0.9980062002047728, -0.997690064698399]"
1c042def-5742-47ec-a8d6-3c2f8cdbf320,#-1:79ec05c3-534f-4410-9917-1f6d4645d68a,#-1:3a28e386-20d2-4005-836c-5df78a45359a,0.9767235979090163,0.06469084624669305,-0.9120327516623232,"[-0.9049977211077974, -0.9142917775863707, -0.9168087562928017]",-0.9168087562928017,False,-1,197,-0.9988999837855171,-0.9993197554435898,"[-0.9992984473939257, -0.9993197554435898, -0.9980817485190356]"
84853c04-a1ca-43b1-ae2b-80357572297c,#-1:fcaf297b-58b9-4cc0-87ad-aa808f65e27e,#-1:cb8acca4-fdcb-4334-8dae-db818b459da0,0.9204724304460462,0.004959975385670151,-0.915512455060376,"[-0.9170413288366122, -0.9165556692190555, -0.9129403671254607]",-0.9170413288366122,False,-1,854,-0.9939626148701398,-0.9940883224417931,"[-0.9939498996037277, -0.9938496225648984, -0.9940883224417931]"
37b71f14-0995-4d22-ae28-ba4b1af6c1ba,#-1:3a90df9d-27f5-488b-b6f4-2033b46b9197,#-1:d4402ff3-76c9-42d8-81cc-e22a7250ba83,0.9711700633713948,0.07192221466119258,-0.8992478487102022,"[-0.8918814528703285, -0.9177280468577009, -0.8881340464025773]",-0.9177280468577009,False,-1,378,-0.9872942325073848,-0.9885266488944963,"[-0.9885266488944963, -0.9860875409980578, -0.9872685076296005]"
834187bb-8e97-4d20-a9c4-84ad19d92da3,#-1:c9d72786-3e0f-471b-853d-b36300f7d24f,#-1:74ae06c4-78e5-4290-ad55-6d78958a27e2,0.9701649574131329,0.06444222098403254,-0.9057227364291004,"[-0.9012703992538544, -0.8973564175944253, -0.9185413924390217]",-0.9185413924390217,False,-1,846,-0.9581952548890232,-0.9591546601487082,"[-0.9581854371263321, -0.9572456673920292, -0.9591546601487082]"
13b14e33-8e26-4263-a9fc-372bf82cb6d5,#-1:9dba8896-f63b-4cfb-a8b1-3bdd1db00de5,#-1:372f3c8a-a0c4-4b2b-978b-b99cff791905,0.9166178548132038,0.0009745189808946855,-0.9156433358323091,"[-0.9112269115131288, -0.9162576606245242, -0.9194454353592741]",-0.9194454353592741,False,-1,143,-0.990088133927938,-0.9906354549488054,"[-0.9899526505207261, -0.9906354549488054, -0.9896762963142823]"
359e004e-3bb3-41e5-b2da-6aea4da6c58e,#-1:6f5d791c-d1b5-432c-8188-e4f4a32ed31a,#-1:3df37dd8-4559-42ba-9c11-f8c840f902b7,0.9339943771737907,0.02024835584328848,-0.9137460213305023,"[-0.9058394234270333, -0.9158491817876924, -0.9195494587767816]",-0.9195494587767816,False,-1,363,-0.8493844499126695,-0.853634920196302,"[-0.853634920196302, -0.8475100320795581, -0.8470083974621484]"
dda4699f-be0b-48db-a80e-ec1dad3acc24,#-1:a1ba3127-f642-4e0a-87dd-79026b6bc48b,#-1:403d2a69-5558-4c21-b303-4fe7dbfb0386,0.9756057356543867,0.0698774011341509,-0.9057283345202358,"[-0.8962723105158812, -0.9196706931415433, -0.9012419999032832]",-0.9196706931415433,False,-1,1412,-0.9993329066785509,-0.9996091374786688,"[-0.9996091374786688, -0.9994896289914702, -0.998899953565514]"
baa8ae72-7306-476b-a4f0-16e382925dbb,#-1:39e90b1a-8554-4822-a69f-cfc09d109906,#-1:db759f7e-a80f-48b2-acf8-8934435b0493,0.975002872883678,0.07179364518344207,-0.9032092277002359,"[-0.8835156749384632, -0.9197798246814842, -0.9063321834807604]",-0.9197798246814842,False,-1,1197,-0.8879172971136219,-0.895826224577036,"[-0.8810560548253227, -0.886869611938507, -0.895826224577036]"
06c29aa7-924d-43e7-a85d-dcf888bb614f,#-1:09e1bacd-beb8-4383-ba7c-0e00cf21c6cc,#-1:7a8d0a00-ca59-4da3-bfac-0618cde9c06b,0.9413465729185369,0.026698194240796346,-0.9146483786777405,"[-0.9139740712008454, -0.91015125070811, -0.9198198141242662]",-0.9198198141242662,False,-1,46,-0.9949130350384868,-0.9959741684772111,"[-0.9930659927370047, -0.9956989439012447, -0.9959741684772111]"
0f6f6b4c-3e74-4c70-88a9-56d0e62b8453,#-1:4dfd28f6-bfea-4d58-8df4-9cbc81b1e0d4,#-1:8973106c-efe1-4c13-b016-f867746bcd91,0.9138981341120918,0.0007769050099240641,-0.9131212291021676,"[-0.9073853419772695, -0.9210145383516948, -0.910963806977539]",-0.9210145383516948,False,-1,111,-0.9901507475552128,-0.9948947586101955,"[-0.9896133333184688, -0.9859441507369741, -0.9948947586101955]"
528d7144-d1d7-4e12-8373-1268f18fb942,#-1:a2b3179c-fb2c-4a3e-a7af-82b6858d0627,#-1:1187896a-f44e-4f23-b211-576d32306575,0.9774826002434628,0.06225824572304244,-0.9152243545204204,"[-0.9084360376513212, -0.9160374024011895, -0.9211996235087508]",-0.9211996235087508,False,-1,547,-0.9989286958980027,-0.9993424034378818,"[-0.9993424034378818, -0.9993241998880342, -0.9981194843680923]"
87a02528-735b-4273-8c0e-ea7d1822aee6,#-1:b1f6b6c4-3362-450c-895e-348dc66ded0b,#-1:24c35cc1-6534-41b8-8bbd-c583227155ff,0.9790031466098436,0.06206063517365377,-0.9169425114361898,"[-0.9215045732379621, -0.9154936213480047, -0.9138293397226028]",-0.9215045732379621,False,-1,878,-0.995010314277767,-0.9965894915935941,"[-0.9950735770973719, -0.9965894915935941, -0.993367874142335]"
5b7d7dec-c008-4cbf-80a8-37c13fc4172a,#-1:c05152de-b517-45f8-b73d-4d4596f93497,#-1:5e032e80-9b5c-4913-9eff-eaeea9e290f0,0.9148963588327894,0.0010177768870219903,-0.9138785819457674,"[-0.9218418886340711, -0.9028708569774324, -0.9169230002257989]",-0.9218418886340711,False,-1,605,-0.9775284222684603,-0.9826803792325018,"[-0.9740729133414235, -0.9758319742314555, -0.9826803792325018]"
37e41b3e-da42-45d6-898f-95f76b76cd7c,#-1:8ed2c36a-d272-47e4-98b9-839cd32dba77,#-1:c91b5d46-f3d6-4dd9-b722-19aee27104fa,0.9513200924487072,0.030714351977583747,-0.9206057404711234,"[-0.9182212056460114, -0.921388815069024, -0.9222072006983348]",-0.9222072006983348,False,-1,380,-0.9962734651144559,-0.9973563032446483,"[-0.995697575890602, -0.9957665162081176, -0.9973563032446483]"
0b0fe485-c6bb-4c01-9def-4ac7cf3b0ce2,#-1:f5661c71-bf83-4617-9745-702e99b021d9,#-1:1ce2c34d-a3cb-4782-97bd-36159709d612,0.9371069235923343,0.016198764650942096,-0.9209081589413922,"[-0.9223083073048307, -0.9225828143057098, -0.9178333552136363]",-0.9225828143057098,False,-1,84,-0.9987747005676445,-0.9989317484371542,"[-0.998896005629364, -0.9989317484371542, -0.9984963476364154]"
96c7d0bd-96f9-4138-b6b3-ef05bd3bc797,#-1:302edd11-5686-4e8b-8f67-fe255489ab11,#-1:4548a256-b0ce-4960-8fa7-45dc0cba1d59,0.978664196864926,0.05922360265759565,-0.9194405942073304,"[-0.9136428703396137, -0.9226348456989819, -0.9220440665833954]",-0.9226348456989819,False,-1,971,-0.9592421166308207,-0.9621958620629556,"[-0.9598228760558479, -0.9557076117736587, -0.9621958620629556]"
fc8f30d1-4692-434a-8a89-76f4fd8251b8,#-1:58912385-e356-468d-8b9f-47b38d5b03b7,#-1:cdd6ff41-2955-4c2d-9bdb-20cea9553cea,0.9448266314677162,0.036076859922001075,-0.9087497715457151,"[-0.8936771416575584, -0.9228471893162148, -0.9097249836633717]",-0.9228471893162148,False,-1,1611,-0.9990010648523961,-0.9993299951016497,"[-0.9984387204422135, -0.9992344790133251, -0.9993299951016497]"
cddb808b-d59d-40f7-bea0-eb5072ee16fb,#-1:bdbf9ef8-11e3-411d-8e33-f3919e140876,#-1:9cf6bbce-98f7-4cc7-93c1-aaf106777895,0.997883082238419,0.08022962191021639,-0.9176534603282026,"[-0.9229378485066446, -0.9177598204067706, -0.9122627120711926]",-0.9229378485066446,False,-1,1305,-0.9712217829527742,-0.9772109577414375,"[-0.9664509030141062, -0.9772109577414375, -0.9700034881027789]"
2454eb13-6f98-410a-b23f-f3795cec914d,#-1:f0d9eb31-b077-425b-8612-6b400f4bb64a,#-1:0c470c73-cfac-4a4b-b448-08033f33a6fb,0.9453248087812116,0.025719128048970724,-0.9196056807322409,"[-0.922998482467639, -0.9126937434073101, -0.9231248163217736]",-0.9231248163217736,False,-1,246,-0.997949772608357,-0.9986496411160184,"[-0.9974329239112801, -0.9977667527977726, -0.9986496411160184]"
8212a9d8-e295-46e9-baf3-d1b93367ee18,#-1:1de0ff6b-a7e3-43b3-a8c6-eca9b47beb8b,#-1:859ce69d-dd40-4462-9127-8a1ed3373a5d,0.9828392714404895,0.06821039526841641,-0.9146288761720731,"[-0.9097185381421619, -0.9105898912950279, -0.9235781990790299]",-0.9235781990790299,False,-1,840,-0.9574693639477917,-0.960907630706683,"[-0.9560228760558481, -0.955477585080844, -0.960907630706683]"
99e886d1-354b-41ba-a584-ac6e4c039fc0,#-1:ca1e5bdc-9a78-4054-8f44-947deb305d91,#-1:c299b5fa-84d6-48c1-89a3-0137986c2cee,0.9156265925910301,0.0,-0.9156265925910301,"[-0.9179962465757502, -0.9033624662154134, -0.9255210649819268]",-0.9255210649819268,False,-1,995,-0.792843180698905,-0.7993733856476033,"[-0.7849440339643059, -0.7942121224848059, -0.7993733856476033]"
4cd41aba-de7f-45b4-b715-a8c6fb767ac4,#-1:56ddcc5f-ada7-4a4b-a841-11ab7a100577,#-1:103c1da0-a39e-4f4b-9d1c-297314b86162,0.9378409175642939,0.027366752460153382,-0.9104741651041405,"[-0.9017330193773506, -0.9262222321939382, -0.9034672437411326]",-0.9262222321939382,False,-1,520,-0.9191733192993881,-0.9221615748550952,"[-0.913758889033186, -0.9221615748550952, -0.921599494009883]"
339282a7-5651-4d77-a3cf-5658fa768acf,#-1:e39f2219-2613-41e0-9446-434c7b9e3a41,#-1:26574021-6af7-40bb-8246-9f4378052f54,0.93070031364766,0.007296319600446262,-0.9234039940472137,"[-0.9247436053588642, -0.9190719233075844, -0.9263964534751928]",-0.9263964534751928,False,-1,349,-0.9928340477397346,-0.9945685985806673,"[-0.9945685985806673, -0.9912126656490423, -0.9927208789894943]"
a401f749-621d-4dc1-8a93-8b2affd8bb4b,#-1:62fcb6a7-505d-43c2-93b8-770e7d8925d5,#-1:1e532be7-9648-4e62-8fa8-77def0415eaa,0.9210650872375855,0.0005711594704435418,-0.920493927767142,"[-0.9265393101229626, -0.9111113061216732, -0.92383116705679]",-0.9265393101229626,False,-1,1067,-0.997383917046221,-0.9977766596332586,"[-0.9974199868307035, -0.9969551046747007, -0.9977766596332586]"
d62b9858-356c-45f8-9d51-92f4c1789d6d,#-1:214553a9-0fe7-4d2e-b403-ddbf8bf031a9,#-1:33901aaf-248f-455b-bb2b-b6e7179c46e1,0.9340234386560796,0.03372514214199913,-0.9002982965140804,"[-0.8953709438578477, -0.9269684418391916, -0.8785555038452022]",-0.9269684418391916,False,-1,1359,-0.9577159321527072,-0.9600505735447049,"[-0.9600505735447049, -0.9565220760893145, -0.9565751468241022]"
cfe0c3d2-ea77-4a86-94e1-d37648071520,#-1:87fa3966-7e6f-4239-8efd-fa584be755fb,#-1:8a173b82-e527-4cd1-bba0-b5e8d962a7fe,0.9411071635491194,0.0260779485538009,-0.9150292149953185,"[-0.9092759345402598, -0.927593721788637, -0.9082179886570587]",-0.927593721788637,False,-1,1319,-0.838548902452435,-0.8414379770545225,"[-0.8366565138001207, -0.8414379770545225, -0.8375522165026618]"
5d2a8e24-7e87-4c74-b242-5ed189048b2f,#-1:2d24611c-ef02-4a7e-92a7-4663202d3b22,#-1:b5ebfdd6-7d1d-455f-a225-79524668178c,0.9968505322034765,0.08783704839058752,-0.909013483812889,"[-0.90385517141596, -0.8953543063272793, -0.9278309736954277]",-0.9278309736954277,False,-1,612,-0.9806149432193988,-0.9810179750202835,"[-0.9807821999027507, -0.9810179750202835, -0.9800446547351621]"
9e69dbbb-b46c-4b3a-9d01-50716c2c3f84,#-1:a5be6029-8901-4b04-be4f-38be43b48f68,#-1:10071be8-8a7b-432d-91ad-b927c413f97f,0.9470539375846613,0.021342581111331558,-0.9257113564733297,"[-0.9223296697108295, -0.9265052694199879, -0.9282991302891714]",-0.9282991302891714,False,-1,1033,-0.993154593716633,-0.9947921075072855,"[-0.9947921075072855, -0.9923857655680823, -0.9922859080745309]"
72f632cf-1068-4104-ba77-5dbc6f9cd816,#-1:bce12b51-603d-41ff-8b8d-0b2c7e058a16,#-1:3947cf5a-ef37-4121-a2b5-05ee0e45f4a2,0.9267374351316288,0.00911724023094916,-0.9176201949006796,"[-0.9163121786290699, -0.9284756497132246, -0.9080727563597445]",-0.9284756497132246,False,-1,764,-0.9878355789600843,-0.989879158265436,"[-0.9889845298819029, -0.9846430487329142, -0.989879158265436]"
9d89fd7a-ce9f-460b-9585-f0da8994dcda,#-1:e2ae28dd-24ed-474f-a39e-ce566270a83f,#-1:26d2853a-44a5-4245-bbc8-3256b52c560b,0.9746139388119589,0.04753447265304262,-0.9270794661589162,"[-0.9266000341938535, -0.9288911628447603, -0.9257472014381352]",-0.9288911628447603,False,-1,1028,-0.9911820149961256,-0.9913407288101547,"[-0.9911668116748144, -0.9913407288101547, -0.9910385045034079]"
5ded0670-c650-421e-84f1-3312836c9417,#-1:9843553f-d62a-489b-bdc5-c718df10e65f,#-1:b43ee7ed-741c-4aef-b995-5e2390520ce2,0.9353531737644816,0.013208538206750923,-0.9221446355577306,"[-0.927870624295253, -0.9289974653628946, -0.9095658170150444]",-0.9289974653628946,False,-1,620,-0.9992770271667873,-0.999608376204888,"[-0.9991152125402833, -0.999608376204888, -0.9991074927551908]"
61d2c9c4-6ac0-4e0e-92c6-f6e92af388c5,#-1:ef044217-7186-40d6-b94c-14dbe1b86c1d,#-1:aa3b2a05-56fa-4b86-9b4d-7631644b6972,0.9890563917084347,0.06117152685932054,-0.9278848648491141,"[-0.9294551164780656, -0.9271775394606978, -0.9270219386085793]",-0.9294551164780656,False,-1,650,-0.9798173219329449,-0.9807270948732965,"[-0.9787296293157154, -0.9799952416098229, -0.9807270948732965]"
2d3b3998-2296-4c8b-a10c-c464bb1001c1,#-1:ef9c7c69-4db3-4505-b313-744f7acba343,#-1:401ed641-3635-4483-bf95-4d9c9f30983b,0.9418597088101471,0.01700581000668831,-0.9248538988034588,"[-0.9294867797549174, -0.9159697362128694, -0.9291051804425897]",-0.9294867797549174,False,-1,304,-0.9263483514356924,-0.9338644336917129,"[-0.9338644336917129, -0.9280390075361055, -0.9171416130792589]"
40aad999-28d7-4a62-966d-8654cbe23eaf,#-1:4cd93895-0b6e-4783-862b-ec627ebb62e2,#-1:6aa7aa85-641e-40ae-9692-8519712f5ada,0.936148323492849,0.010523855655444234,-0.9256244678374048,"[-0.9311306689151384, -0.9243665271313777, -0.9213762074656981]",-0.9311306689151384,False,-1,448,-0.9689980886673265,-0.973996688255448,"[-0.9685728278875352, -0.9644247498589962, -0.973996688255448]"
e9b61eab-ea6f-4004-9252-49f3560cee1a,#-1:857df2aa-7a25-447e-83e6-381d6bc8fa99,#-1:4a01a9d6-82ff-4e7c-8ba0-eddaca3c0b14,0.9445676735001557,0.020728858785013293,-0.9238388147151424,"[-0.919418486718901, -0.9314234029957595, -0.9206745544307663]",-0.9314234029957595,False,-1,1494,-0.8462465099547298,-0.8508158848379543,"[-0.8456344237561894, -0.8508158848379543, -0.842289221270046]"
ca86a16f-1b98-441c-874e-b78d8b734df4,#-1:120ec952-9f4b-45c9-87b2-f14fe400c92d,#-1:83a7af38-4e19-4c52-8c18-3fa117f0d732,0.9908852106392372,0.07094010600212126,-0.9199451046371159,"[-0.9137566522779365, -0.931474060197004, -0.9146046014364072]",-0.931474060197004,False,-1,1282,-0.9969052911120756,-0.9984299268678921,"[-0.9984299268678921, -0.9954606820347125, -0.996825264433622]"
dfa7a3ca-6245-4051-bce7-7a3d15fc2df1,#-1:9cf3d9d6-8ae9-451a-88d2-b02289b19e0c,#-1:c0ddd503-bf61-41d6-8835-7cef8ad0c3f9,0.9277167634528155,0.0,-0.9277167634528155,"[-0.9228498671249437, -0.9315613810252279, -0.9287390422082752]",-0.9315613810252279,False,-1,1426,-0.9970530080691855,-0.9971684547149967,"[-0.9969879394746516, -0.9970026300179081, -0.9971684547149967]"
e68b13d7-80ec-48a2-9631-86c441df547f,#-1:c80b7024-6b46-4107-9a54-78101410021a,#-1:53c8d097-f661-4cf6-8a4c-80b35d15d2c3,0.9376650903380268,0.007557521085980494,-0.9301075692520463,"[-0.9316501931062589, -0.9297164720150276, -0.9289560426348525]",-0.9316501931062589,False,-1,1473,-0.9651160356276262,-0.9685692576947135,"[-0.9685692576947135, -0.9680977688562625, -0.9586810803319022]"
bcda3667-654a-4e28-9dd2-6052cac042e8,#-1:d8d12cf6-e413-4a63-8d01-0d9e7547cb16,#-1:59a22bdc-ac07-4cf7-a8c2-2282a0ddc03a,0.9310046302203469,0.01895025868827394,-0.9120543715320729,"[-0.9318664874403726, -0.896593660765774, -0.9077029663900724]",-0.9318664874403726,False,-1,1210,-0.9826915182512166,-0.9864058571773303,"[-0.9813590610938416, -0.9803096364824777, -0.9864058571773303]"
13b6866d-6c7d-4016-8403-b6b3f0516af7,#-1:a67a9b7c-eb80-4a5a-b2e3-06a880db7f52,#-1:40e2eedf-5307-4d2b-b902-22d5b503ee92,0.9785587811756281,0.04843829621004286,-0.9301204849655853,"[-0.9324507967590718, -0.9305529468755607, -0.9273577112621234]",-0.9324507967590718,False,-1,144,-0.9993859808528036,-0.9996091374786688,"[-0.9996091374786688, -0.9991624669670606, -0.9993863381126816]"
a2e8543e-261b-4a41-b62e-2adc65245f45,#-1:9e5aafeb-812d-4ac4-a67b-fb22ff9df8e9,#-1:d0a348f9-f5bb-4129-bf4a-31790c86dde0,0.9772041420546637,0.053893640725672126,-0.9233105013289915,"[-0.9331777272048276, -0.9276233608218152, -0.909130415960332]",-0.9331777272048276,False,-1,1065,-0.9989978380939707,-0.9991886757745183,"[-0.9989665902117578, -0.9988382482956356, -0.9991886757745183]"
4d296f3c-e844-4785-8509-09679f99fa9d,#-1:c2ac447c-ceda-4dd8-8809-4f561fec0e6e,#-1:89581c8e-ed39-48ed-85a8-57b8d970bb66,0.9997287171722352,0.07690567183311582,-0.9228230453391194,"[-0.9212893576140584, -0.9333111584995409, -0.9138686199037593]",-0.9333111584995409,False,-1,524,-0.9834651953817941,-0.9843356288426353,"[-0.9843356288426353, -0.9822280136187069, -0.9838319436840401]"
c501a3d8-3fa9-45a1-8a64-c590df39565d,#-1:8935b8d3-1aab-46b5-bd70-f1d1261b499d,#-1:8a4f8720-6517-40f1-91f7-e5d656ecdbb0,0.9400306216654014,0.017499091002818087,-0.9225315306625833,"[-0.9342587694955337, -0.9176368409238056, -0.9156989815684106]",-0.9342587694955337,False,-1,1251,-0.9799052051032069,-0.9821049501366841,"[-0.9781919695409373, -0.9794186956319993, -0.9821049501366841]"
d5dff18f-c81a-46fd-a6fb-595f9fda85e0,#-1:7a0a0c19-b0bb-41a8-b1dd-b95811d91147,#-1:03763728-22d7-4c07-ade8-d148c21b427f,0.930707018567373,0.0,-0.930707018567373,"[-0.9260349435466689, -0.9344869323440904, -0.9315991798113596]",-0.9344869323440904,False,-1,1357,-0.997895296873088,-0.99833263069944,"[-0.9979329394842249, -0.9974203204355986, -0.99833263069944]"
a54b0ff9-263a-47e8-91b3-6695e5600a2c,#-1:53ee91e3-bcdc-4c07-a4fe-510632c09786,#-1:8810310e-dac4-4baf-92b5-aca16ed535de,0.9320805590053057,0.001560051394161225,-0.9305205076111445,"[-0.9319626715099577, -0.9250868066902859, -0.9345120446331899]",-0.9345120446331899,False,-1,1078,-0.9992685112698657,-0.999420997074256,"[-0.999420997074256, -0.9992431691665511, -0.9991413675687898]"
a1aa2f2c-6199-48c4-8d30-3f2b7d310280,#-1:cfe4a660-4d25-40f9-b195-8e1bcee2e446,#-1:d1668195-a03a-4b40-8a5a-2f9151be64a7,0.9321456463851218,0.003502398611404773,-0.928643247773717,"[-0.927222351666979, -0.924179208313032, -0.9345281833411401]",-0.9345281833411401,False,-1,1054,-0.9512129384297991,-0.9544501730096717,"[-0.9544501730096717, -0.9479044713358278, -0.951284170943898]"
817319b7-f777-4e06-aa2b-102f7358eda5,#-1:106cbc49-f4ff-4b27-a33e-8b975da3ee53,#-1:44e301a9-4f34-4e7a-82db-29b79050ed05,0.9886016276534301,0.05630845029752209,-0.932293177355908,"[-0.9346992564734554, -0.92899525735784, -0.9331850182364282]",-0.9346992564734554,False,-1,838,-0.8365791055976365,-0.8407122682872687,"[-0.8333642616019592, -0.8407122682872687, -0.8356607869036816]"
ea6bfaee-16d8-4789-819f-3d3c6c0c8631,#-1:98c9e7e2-4883-4bc1-bc79-1328893a3165,#-1:a669fed8-fd8a-4201-82ca-025931925b2a,0.947001587332276,0.019240971886074574,-0.9277606154462015,"[-0.9168638064441289, -0.9347360266219883, -0.931682013272487]",-0.9347360266219883,False,-1,1499,-0.9880127694426474,-0.9881495798276477,"[-0.9881495798276477, -0.9880899661433696, -0.987798762356925]"
719fb211-0a89-489d-9034-182c004f989a,#-1:cd60dae5-f635-46b6-bfd0-42956aa4bc42,#-1:e6e6c749-21cd-4814-80c5-e239c4f2c3e0,0.9325557820138437,0.0,-0.9325557820138437,"[-0.928263035733493, -0.9350171129291482, -0.9343871973788896]",-0.9350171129291482,False,-1,755,-0.9982359688125398,-0.998774115954813,"[-0.998774115954813, -0.9974203204355986, -0.998513470047208]"
7781041d-b01d-4284-ad77-12892c15a53a,#-1:83fb2d5e-894d-46cf-91e4-891b3926f6ad,#-1:4857afe3-7d20-4f50-96bd-7afe7dfc9807,0.9644436184932742,0.03447373844649786,-0.9299698800467764,"[-0.9359986044237856, -0.9268758425550778, -0.9270351931614655]",-0.9359986044237856,False,-1,784,-0.9888699149873723,-0.9902563474543559,"[-0.9869901980850837, -0.9893631994226773, -0.9902563474543559]"
f402543d-8aab-4f4f-a77c-7a60f2127596,#-1:4687a168-43a3-4235-abf7-db4e99728065,#-1:5db34ae5-abae-453e-892c-266ed6e4f7a8,0.96033021559377,0.03017079649051844,-0.9301594191032515,"[-0.9360189234231789, -0.9306191845149091, -0.9238401493716664]",-0.9360189234231789,False,-1,1567,-0.9988681845739683,-0.999008757011143,"[-0.9988117161991612, -0.9987840805116006, -0.999008757011143]"
0ed6c49c-ded3-404f-85a1-efc1f4f1160e,#-1:3bc90f03-41d8-44e2-84a9-19a68ffafc0a,#-1:cb871bcd-5ae3-4ebd-9ae0-bbdc2e86f4a9,0.9193437181698346,0.00033111588714904654,-0.9190126022826856,"[-0.9076933225597921, -0.9366603173631807, -0.9126841669250837]",-0.9366603173631807,False,0,104,-0.9858231022250713,-0.9874024378897845,"[-0.9874024378897845, -0.9863836594370977, -0.9836832093483319]"
58c1f9ef-2d90-4df6-8927-6c0f81dc5fa0,#-1:93e96f8d-b361-48ec-bd4b-ea35df19f7fe,#-1:d43c3ed8-aea3-4102-b105-36ca6dcc35f8,0.9690180090411706,0.040194022249842705,-0.9288239867913279,"[-0.9367864692079314, -0.9235699414812903, -0.9261155496847625]",-0.9367864692079314,False,-1,587,-0.999629602216491,-0.9996652662269457,"[-0.9996652662269457, -0.9996448503320075, -0.9995786900905199]"
65e996ba-783b-408e-ad31-72a090ab22fe,#-1:6b1a7c3c-338b-438d-8567-094cc95e1271,#-1:6bc31d2d-107a-4af2-9b1b-31d94ace747a,0.9594536474200622,0.026368826723347713,-0.9330848206967145,"[-0.9370438770798573, -0.931446051666167, -0.9307645333441189]",-0.9370438770798573,False,-1,673,-0.8549163819857487,-0.8663608690066457,"[-0.8663608690066457, -0.8463733709753499, -0.8520149059752504]"
144c3443-4672-4b46-865b-07173fd9498c,#-1:8f3d42c3-a4c1-4f87-8f30-1b9130a8e385,#-1:04406e00-8a2c-488d-944b-84f1d5eb24f6,0.9239840458145556,0.0,-0.9239840458145556,"[-0.9050936397964674, -0.9371964273732576, -0.9296620702739415]",-0.9371964273732576,False,-1,150,-0.9397920531714868,-0.9412884836436276,"[-0.9412884836436276, -0.9403138589192602, -0.9377738169515728]"
b36e6169-bea7-421f-8043-e3df4905f9f6,#-1:c8bd7ad7-6f49-47eb-8a65-81f28f6bc64e,#-1:d9e5afef-522e-4768-8ca8-dc3e3e960330,0.9997016300355877,0.06796903991258173,-0.9317325901230059,"[-0.9372356856167218, -0.9243127280133165, -0.9336493567389798]",-0.9372356856167218,False,-1,1163,-0.9975178275474018,-0.9980079099703056,"[-0.9966932436517465, -0.9980079099703056, -0.9978523290201533]"
069b65f3-4c03-4653-a135-fd95a193891a,#-1:a62e5916-5a8d-4d25-81a6-3ef83b55c478,#-1:d6aa5a06-7108-49bb-828f-d3807ccbdce0,0.9496992251784663,0.016507580773490595,-0.9331916444049757,"[-0.932157155857268, -0.9374076167275276, -0.9300101606301313]",-0.9374076167275276,False,-1,44,-0.9594283294897558,-0.9656920498057315,"[-0.9521103453920955, -0.9604825932714405, -0.9656920498057315]"
689712c7-ccd1-4cf4-85ee-4dbc8ca1b98c,#-1:6bf74806-2dae-4c1c-9e32-000cc062167d,#-1:267b46ca-c3bf-46a3-8087-2c6c3bf80bfc,0.9260341651530509,0.00038871617731721353,-0.9256454489757338,"[-0.9154627179062927, -0.937574868105656, -0.9238987609152526]",-0.937574868105656,False,-1,688,-0.9955070674345655,-0.9962019463075792,"[-0.9958981745418289, -0.9944210814542888, -0.9962019463075792]"
c5ed6b67-a6d3-424d-aadf-630cbe9fdbd7,#-1:6f7ecac4-e56c-41c4-b093-ba8d389b1ede,#-1:e94e09f5-b169-4eda-9d5d-39509ae398ea,0.9309795153948669,0.0006976392720212515,-0.9302818761228456,"[-0.9250227443023843, -0.9378756338126248, -0.9279472502535276]",-0.9378756338126248,False,-1,1257,-0.9986612510831673,-0.9991019446242027,"[-0.9984490524354467, -0.9984327561898522, -0.9991019446242027]"
4ca1d4bb-e411-4900-9099-aa173631be8b,#-1:3c7e00f5-ee54-4300-bfc1-e2544710031c,#-1:9729b0db-d8d2-4c69-842a-efa3ea47e3d5,0.948987446531064,0.012741977624707856,-0.9362454689063562,"[-0.9361435497565394, -0.9340994382882838, -0.9384934186742456]",-0.9384934186742456,False,-1,519,-0.9828949622551822,-0.9844413786063793,"[-0.9818509279494733, -0.9844413786063793, -0.9823925802096943]"
ed1610fb-271b-464b-895f-2ee6b8522cfb,#-1:38f5f34f-d5b8-41e1-b8d5-387cce240309,#-1:38175252-3d02-400a-9eea-becc8085afc7,0.9801663933253858,0.05122148108813423,-0.9289449122372516,"[-0.9258378536823901, -0.9385138059911339, -0.922483077038231]",-0.9385138059911339,False,-1,1516,-0.9597262227273308,-0.9624887192058128,"[-0.961022876055848, -0.9556670729203318, -0.9624887192058128]"
b190b6ae-8576-4c0d-b59b-f1b3a8318f80,#-1:ca7bfe7d-cac0-4efd-a677-a1f7a1837447,#-1:21c1a108-f4ca-42b2-be89-1836141bc0c0,0.9898466752798708,0.061763970419771747,-0.928082704860099,"[-0.9386257928884161, -0.9154004154268882, -0.9302219062649928]",-0.9386257928884161,False,-1,1146,-0.9880448123797785,-0.9900148831843038,"[-0.9866546625220899, -0.9900148831843038, -0.9874648914329418]"
6e314eaf-120c-4b36-9a23-c8a927b972a5,#-1:40dd44fc-9299-47c8-b1d3-d24cff2b35d0,#-1:46cc806c-d03a-41ac-bb8c-fb65d736546c,0.9545170706861272,0.018857035189758745,-0.9356600354963684,"[-0.9333795051288644, -0.9348216599485079, -0.9387789414117331]",-0.9387789414117331,False,-1,732,-0.99895453145198,-0.9994425980748529,"[-0.9990139814621113, -0.9994425980748529, -0.9984070148189758]"
f0b5632b-2267-4d56-81fc-4be3d79cfaf2,#-1:b04049ef-352d-4ad2-995f-c91acb27ed46,#-1:147eba1e-60b4-4983-b9c8-7cdfb84bc2d0,0.9917753577963556,0.058272694359130406,-0.9335026634372252,"[-0.9278453146055021, -0.9338137556930577, -0.9388489200131158]",-0.9388489200131158,False,-1,1543,-0.9987384953656179,-0.9990153234019978,"[-0.9986221368106202, -0.9985780258842355, -0.9990153234019978]"
f003e528-180e-404d-a514-f28687fc067d,#-1:83c0196a-0847-4d5f-9339-58dd357aebce,#-1:e01195e0-1569-4a59-b46d-ccfe8af97102,0.9343898128339907,0.004136455578945382,-0.9302533572550453,"[-0.9254644177687126, -0.9390372990268525, -0.9262583549695707]",-0.9390372990268525,False,-1,1538,-0.9642349238984451,-0.9677529046049749,"[-0.9596413367259029, -0.9653105303644575, -0.9677529046049749]"
6affadc2-4525-4fc9-a698-a75393f1b7fc,#-1:2208f468-43cd-49d1-9e44-b23f72459449,#-1:fb2a0665-c849-4571-a37f-c04980dd66e3,0.9408140852517141,0.005856002197196637,-0.9349580830545174,"[-0.9366959870318612, -0.9390462346146191, -0.9291320275170718]",-0.9390462346146191,False,-1,706,-0.9866202248247978,-0.9868922107539652,"[-0.9868922107539652, -0.9864514281134028, -0.9865170356070255]"
bf810889-ec1b-4ed2-b88c-26268e953845,#-1:553b60ef-3a1b-4ac5-a14f-73ecf2cd4876,#-1:e4ae43c8-03fd-4f98-b114-fd7f2c6fbbe6,0.9369678535649221,0.00077415399653821,-0.9361936995683838,"[-0.9347482284258302, -0.934630046844483, -0.9392028234348384]",-0.9392028234348384,False,-1,1219,-0.981624687772899,-0.983149226068186,"[-0.980064087769894, -0.9816607494806169, -0.983149226068186]"
a650c81d-d0b7-4cc6-9db0-d965b41f76a8,#-1:785c6ff0-2fd6-4764-8157-53cd197a5ea7,#-1:2f07eafd-71f8-4892-b2b8-a9cd96b6a9fa,0.995734389521004,0.06515783382136876,-0.9305765556996353,"[-0.9249524973099389, -0.9396188405882266, -0.9271583292007405]",-0.9396188405882266,False,-1,1081,-0.9923300561893963,-0.9926629217188095,"[-0.9926629217188095, -0.9917732128582022, -0.992554033991177]"
8482bf06-7c42-4f4b-9d3a-739000510584,#-1:6fb6059f-2c54-4777-bf30-a7e10fc1dd36,#-1:577488f3-ad95-470a-940a-939f6655df5d,0.9506941560055964,0.018034831398272895,-0.9326593246073235,"[-0.9325042194428738, -0.9257177896722978, -0.9397559647067988]",-0.9397559647067988,False,-1,853,-0.9702644910061565,-0.9726778519605157,"[-0.9668433859371582, -0.9726778519605157, -0.9712722351207956]"
efa0467b-2429-42ea-8855-79d622589d2d,#-1:2ef9f4e1-5a02-47d6-8519-4f167f0e529b,#-1:b546164f-9729-4818-b66c-66cb08794c47,0.9254005916115661,0.0,-0.9254005916115661,"[-0.9176851522918227, -0.9182948775072061, -0.9402217450356696]",-0.9402217450356696,False,-1,1535,-0.9972791325203385,-0.9976188456832888,"[-0.9976188456832888, -0.9967880820997017, -0.9974304697780249]"
8fe823dd-ea3a-443b-9d14-25a9f956e817,#-1:56a04ef0-da41-4bcf-9ed7-648712c2e4ea,#-1:bab76600-9ade-4fd9-9a35-e9d11b8a94c3,0.9391911763448467,0.0009272652675305181,-0.9382639110773162,"[-0.9389193301255891, -0.9403750657538084, -0.9354973373525513]",-0.9403750657538084,False,-1,929,-0.9887047562432132,-0.9896515944219791,"[-0.9871803639662187, -0.9892823103414417, -0.9896515944219791]"
e0e10d64-d73a-4336-ae9a-8a17c5bac039,#-1:c4cd9506-db0b-402d-9fa2-17788b40449c,#-1:3deeb936-aa42-4a32-8606-9a12ebaa611c,0.9613621902707443,0.02364489115336829,-0.937717299117376,"[-0.9405368515166576, -0.936564411064488, -0.9360506347709825]",-0.9405368515166576,False,-1,1438,-0.9881687642159972,-0.9907013969345457,"[-0.9907013969345457, -0.9861560852256612, -0.9876488104877849]"
58785e32-bcda-4a9a-a0e2-a6dd963effae,#-1:c0fd2456-dfc2-4db2-b592-b65f273d9e39,#-1:1b915d0a-f273-49f5-b059-97638f243c2b,0.9864622189071764,0.050062352369613684,-0.9363998665375628,"[-0.9406789998228207, -0.9387026087990963, -0.9298179909907716]",-0.9406789998228207,False,-1,584,-0.9941622193307552,-0.9943852533684447,"[-0.9940689632987748, -0.9940324413250461, -0.9943852533684447]"
d87b0dfd-25e9-41d2-a336-ddc6d9d95ff0,#-1:340239e8-5ad2-4eac-a36a-06a4dbfd3928,#-1:e10fdfd0-f860-40bd-81e8-7c3c4ff09fd8,0.9328003424174979,0.0011260973629873409,-0.9316742450545106,"[-0.940693959831332, -0.9237456643433182, -0.9305831109888818]",-0.940693959831332,False,-1,1372,-0.9984579167075213,-0.9987296164886856,"[-0.9981159392446786, -0.9987296164886856, -0.9985281943891998]"
513d5cff-8507-4df7-9f62-43e7b7d6fbfc,#-1:dbf227ce-d7a3-4978-81f4-b8180a9c333d,#-1:807992f8-cd4e-4019-9e8d-ae5d0a14f6ff,0.9374420497116155,0.0003398369152553564,-0.9371022127963601,"[-0.9410756002190183, -0.9358042346784752, -0.934426803491587]",-0.9410756002190183,False,-1,540,-0.968534404870096,-0.9695846337389084,"[-0.9695846337389084, -0.9690245703527467, -0.9669940105186327]"
611c7c79-0c51-4217-b23b-c94947113822,#-1:4382d6ba-d112-4604-beef-636af93f1a50,#-1:428d19d1-5fdc-4e4e-9a8d-3e889a2fb1d8,0.9369320789838528,0.0011555193891710437,-0.9357765595946818,"[-0.9411681002278377, -0.937447291867761, -0.9287142866884465]",-0.9411681002278377,False,-1,644,-0.9958169165964007,-0.996034698121447,"[-0.9954175533255171, -0.996034698121447, -0.9959984983422385]"
390e6eac-3353-442c-a3c2-7bcd116b72c3,#-1:3e4d02d7-0174-4901-9dbe-54f398621c3a,#-1:453d8c6d-cfce-4246-998f-183a61e4d099,0.9361471048644501,0.0015269217194274533,-0.9346201831450226,"[-0.9261511639123501, -0.9416699561533718, -0.936039429369346]",-0.9416699561533718,False,-1,394,-0.995400018967976,-0.9967195862477052,"[-0.9964384314116177, -0.9930420392446053, -0.9967195862477052]"
f65b456e-b7f1-494e-bb38-eb9ad1c35102,#-1:5dfff875-4b21-408e-9d64-15758950e296,#-1:628aa8e6-3db9-4fbe-9787-dfbda0310db1,0.9999859518280982,0.06646426383949956,-0.9335216879885987,"[-0.9350300685536164, -0.923740147058755, -0.9417948483534246]",-0.9417948483534246,False,-1,1583,-0.996420139057787,-0.9978384630096226,"[-0.9978384630096226, -0.9966025963084283, -0.9948193578553098]"
5a0dbab8-ca69-4ea9-b0a1-bd23ed2ef183,#-1:c80a2b69-4642-470e-99ec-3a3372aa64ef,#-1:d0da1bce-d87e-4b77-823a-4db677dc5903,0.9404303265224335,0.0,-0.9404303265224335,"[-0.9381807271367724, -0.9418214483163992, -0.9412888041141287]",-0.9418214483163992,False,-1,597,-0.9990683643317019,-0.99943036277885,"[-0.999297054346733, -0.9984776758695224, -0.99943036277885]"
6f296a61-d252-4adc-9fc9-405322f9f629,#-1:c39eaa14-85ba-45dd-9717-fed4becc8bfb,#-1:6b4e1fc2-bb39-43a4-9324-7ad51293b532,0.990282494823654,0.05494511204731206,-0.935337382776342,"[-0.9351374923428141, -0.9288880014985571, -0.9419866544876547]",-0.9419866544876547,False,-1,737,-0.973030640236091,-0.9778101945950765,"[-0.9690494419477452, -0.9778101945950765, -0.9722322841654516]"
876e4ca8-4ecf-40c7-ba58-5cc37229f568,#-1:1b553f8d-899f-4bb9-a8cd-71ce2d1ba73b,#-1:5d339b29-ce52-413b-96b0-dad2848b95b4,0.9543838356634341,0.017417804470704623,-0.9369660311927295,"[-0.9271793129721854, -0.9414313178022191, -0.9422874628037838]",-0.9422874628037838,False,-1,876,-0.9853554517783126,-0.9871605386668107,"[-0.9838877148467446, -0.9871605386668107, -0.9850181018213824]"
fcc32381-14e0-4883-9f04-69dc5fc1bf11,#-1:2360134b-3c80-40d5-9afb-9871d2b38d64,#-1:48a237a5-fa40-4dc0-b68c-cdb8c601e668,0.9849191179333644,0.047973520028934714,-0.9369455979044297,"[-0.9386036557344605, -0.9423023316631939, -0.9299308063156344]",-0.9423023316631939,False,-1,1614,-0.9950390053240978,-0.9955729951571183,"[-0.9943549582018433, -0.995189062613332, -0.9955729951571183]"
c32ebf01-25a5-4c21-a5c8-4940bf183bcf,#-1:48029092-7e9f-46b9-af97-8e49665db27b,#-1:33875385-a8c6-4c2c-a837-99f238fd7ab1,0.9963708207763181,0.07077558986152203,-0.9255952309147961,"[-0.9159289439161706, -0.9424377132220741, -0.9184190356061435]",-0.9424377132220741,False,-1,1244,-0.9940655535633249,-0.9965307222180952,"[-0.9937977551784252, -0.9965307222180952, -0.9918681832934543]"
26c9a3ee-ba6a-4029-a22f-a91aefefc186,#-1:713af0ed-cba0-4815-927a-27ae397e1c60,#-1:67e8725e-261a-4bce-8ea3-5a68b95dce19,0.9797631396084229,0.046089792792496476,-0.9336733468159264,"[-0.9305084064603618, -0.9278923008578743, -0.9426193331295433]",-0.9426193331295433,False,-1,259,-0.9617855022150903,-0.9665491422293226,"[-0.956720384276374, -0.9665491422293226, -0.962086980139574]"
0eecd17a-def6-4db3-a3fc-6c0217cb52b2,#-1:d493fb7a-e69f-4e0b-bb11-d4819d09b184,#-1:1981742d-3396-4f92-81b4-31ff0e487b7e,0.9809320937801299,0.051086996831498054,-0.9298450969486318,"[-0.9321095129755796, -0.9430549107241264, -0.9143708671461892]",-0.9430549107241264,False,-1,106,-0.998692282538415,-0.9987165902117578,"[-0.9987165902117578, -0.998671581628969, -0.9986886757745183]"
d0c56c97-2784-48bd-b191-ba4471d5c400,#-1:b266d279-f6a1-4eb0-a01b-3f22155b7b49,#-1:820ac56f-cd86-442f-ad41-fe0748506d15,0.9529441779793162,0.015514212237562768,-0.9374299657417534,"[-0.9324697458978808, -0.9366251759345309, -0.9431949753928487]",-0.9431949753928487,False,-1,1322,-0.9994859128750675,-0.9996521186211081,"[-0.9995236289552809, -0.9992819910488132, -0.9996521186211081]"
090fcc10-37ef-47bd-8fb4-ccb1b8aea8ed,#-1:a02c4de8-4ddd-4e7d-bb3c-ef4de239b428,#-1:ac24780a-975f-4045-96bd-23845705ec86,0.9991735359687969,0.06323816320456516,-0.9359353727642317,"[-0.9312962949993678, -0.943521434100999, -0.9329883891923287]",-0.943521434100999,False,-1,62,-0.9958544654358369,-0.9967591987757188,"[-0.9967591987757188, -0.9954032944613243, -0.9954009030704674]"
abfbafcc-9508-4498-b8b3-1b3e8cfffa56,#-1:f3a6aa92-a962-4662-acef-62f194b499d1,#-1:ff99aa1b-6a33-4d9d-9ea3-82a20afab9ab,0.9409771384713302,0.0008886642497178261,-0.9400884742216125,"[-0.9435796843747148, -0.9380791155005344, -0.9386066227895882]",-0.9435796843747148,False,-1,1112,-0.8217608053695695,-0.8277611738374426,"[-0.8178808236009579, -0.8196404186703081, -0.8277611738374426]"
86c0efad-0611-4260-894d-4d1d0cd72af3,#-1:61a021dc-eb94-4d55-a416-3fe3eca73ed8,#-1:889a8ba0-423a-42bb-8207-d57cb37d7bab,0.9616292158063312,0.018409629924887882,-0.9432195858814433,"[-0.9438128300468787, -0.9419596906761118, -0.9438862369213394]",-0.9438862369213394,False,-1,871,-0.9035638479451821,-0.9111719878879027,"[-0.9003011005299971, -0.8992184554176463, -0.9111719878879027]"
19a38d97-1db6-41d1-8650-617491be3a99,#-1:2868cf35-ee08-4d28-a7c2-e0908785c60c,#-1:790f5f78-ffd9-4443-af32-0b6498bba1b9,0.9388084214969924,0.004059282222700318,-0.934749139274292,"[-0.9209197736549919, -0.9392294667354295, -0.9440981774324549]",-0.9440981774324549,False,-1,187,-0.9919037879364137,-0.9921947191156749,"[-0.9918794431117454, -0.9921947191156749, -0.9916372015818206]"
272bcf35-8747-40bb-8763-3756bc0d9af8,#-1:2f6a6f1e-6df4-4013-aa66-7ccbfe0c1e28,#-1:ee4529da-d5b3-4c26-8cdf-d518524282be,0.9440397796991591,0.001394932848376612,-0.9426448468507824,"[-0.9444269661729677, -0.9414451190595404, -0.9420624553198391]",-0.9444269661729677,False,-1,261,-0.9769636298710673,-0.9812933642852054,"[-0.9812933642852054, -0.9705602516904019, -0.9790372736375949]"
dae778e4-11b3-491f-8ea5-382b3eb6808c,#-1:35ade92a-ff3d-4cc3-93c8-f4dbc4d2a7b0,#-1:950a9c7e-7ce9-486f-ac89-871d5a8363ca,0.960530481010629,0.021088252184621004,-0.939442228826008,"[-0.932940053599496, -0.9450438429063498, -0.9403427899721781]",-0.9450438429063498,False,-1,1396,-0.9921259233419462,-0.9926748536948352,"[-0.9924557395673624, -0.9926748536948352, -0.9912471767636407]"
59fab159-2741-4c21-8433-f576ebe04408,#-1:d3ef7543-c02e-46aa-a7e5-208e39f00c81,#-1:cb99a6d5-1d2c-401c-b252-d1ba460baf34,0.9437415943088648,0.0011521953916056673,-0.9425893989172591,"[-0.9460069822312678, -0.9436431784153391, -0.9381180361051704]",-0.9460069822312678,False,-1,595,-0.9988677188650631,-0.9993436473229739,"[-0.9993436473229739, -0.9981746865089023, -0.9990848227633128]"
7d355ba8-71d3-45c1-b314-ed9ee3484f89,#-1:ca847311-f964-4322-97f7-feb5ab2cfa5b,#-1:d3def3dc-037d-4233-be04-1067a2e93fe5,0.9981652460592557,0.05480316247605065,-0.9433620835832051,"[-0.9463607405611886, -0.9415778548971531, -0.9421476552912734]",-0.9463607405611886,False,-1,817,-0.98860818900634,-0.9892449386380361,"[-0.9892449386380361, -0.9876066236466886, -0.9889730047342951]"
6c7dbb7a-abfd-4870-881c-95ec0addf6c4,#-1:5bdf2161-ebe0-42f7-a967-d0dd5ce5ffef,#-1:aa93e454-c2f9-4be3-bcd5-bdda7a5e6584,0.9527575451561653,0.016049532206457818,-0.9367080129497075,"[-0.9337949398918114, -0.9463841304327394, -0.9299449685245713]",-0.9463841304327394,False,-1,716,-0.9976327836335236,-0.9980162121257083,"[-0.9968916452785367, -0.9979904934963257, -0.9980162121257083]"
aede3b15-cdf6-4fa1-9371-3eb182d0526a,#-1:a73123d8-91fd-4157-9a07-c88948eb2b2b,#-1:8ff6b821-acb8-463e-b004-e568776514d9,0.9996450763602865,0.055077260879513444,-0.9445678154807731,"[-0.9431945516445916, -0.9465534731242315, -0.9439554216734959]",-0.9465534731242315,False,-1,1131,-0.9990893470469328,-0.9995674545738154,"[-0.9990008883415584, -0.9995674545738154, -0.9986996982254245]"
189fb890-a297-478c-9bb4-fa5f3e8b312e,#-1:6de0cf09-4d68-474d-ba21-cb72b5043f77,#-1:4d168d29-cdc6-48e7-84ba-f88710a56b1d,0.953658877990612,0.015309702758226185,-0.9383491752323858,"[-0.9331028121134726, -0.9469334023439283, -0.9350113112397562]",-0.9469334023439283,False,-1,181,-0.9994891165311088,-0.9995901470963566,"[-0.9993444165648975, -0.9995901470963566, -0.9995327859320722]"
11546c20-36d3-48f0-9ade-de6e6cccbc3f,#-1:24c88a89-19fe-482b-8357-86164fdc13c1,#-1:2c96909c-621a-451b-bcc2-e422ed01b1f3,0.9929758596314429,0.054053892409240197,-0.9389219672222027,"[-0.9386636806148749, -0.9471167979070565, -0.9309854231446765]",-0.9471167979070565,False,-1,130,-0.9971316647384492,-0.9984299268678921,"[-0.9984299268678921, -0.9961398029138333, -0.996825264433622]"
70a2d404-7997-4c81-9f08-5864348abcc8,#-1:4ea9cc9f-0f66-4392-90c6-2a8ad80ced05,#-1:91c1f385-c7d7-49b9-86fb-f10f9c375fe8,0.9419926323651184,0.001194140254911876,-0.9407984921102066,"[-0.9349030555283605, -0.9472868024579923, -0.9402056183442671]",-0.9472868024579923,False,-1,746,-0.9994847036762939,-0.9995881452147775,"[-0.9995881452147775, -0.9995432036957053, -0.999322762118399]"
c1f63687-7399-4e4b-bcea-0da49e450f56,#-1:a8a5109c-f56d-4ce7-8a77-242c8a56ca1b,#-1:1e1c9f8b-3af0-4528-a90f-c0da1d267df4,0.9620642810818406,0.020822278079411036,-0.9412420030024296,"[-0.9352558418874165, -0.9401265900867558, -0.948343577033116]",-0.948343577033116,False,-1,1235,-0.9994097699904166,-0.999604364208979,"[-0.999604364208979, -0.9990257048396496, -0.9995992409226215]"
a4c0dc97-6a0a-4d33-b93b-3cc206dece6f,#-1:92bb8c71-7691-4a32-a2f8-9feff4c871fe,#-1:4c1004c6-d0a4-4769-b31d-8f47680effcb,0.935485887849706,0.0,-0.935485887849706,"[-0.9224256920894635, -0.9485407762007126, -0.9354911952589415]",-0.9485407762007126,False,-1,1072,-0.9456369831063233,-0.9516839656463899,"[-0.9516839656463899, -0.9423153383460773, -0.9429116453265026]"
792bbc81-3bee-42ff-865c-d67ca021f8eb,#-1:fa190413-6496-438b-ad28-e0ec70b023d3,#-1:4a4b439a-8aff-48d8-8124-d32eeaf95822,0.9446572044762381,0.004868226694732274,-0.9397889777815058,"[-0.937500524850432, -0.9333190613385762, -0.9485473471555093]",-0.9485473471555093,False,-1,791,-0.9515788980678336,-0.9561083591536486,"[-0.9463141224542174, -0.9523142125956351, -0.9561083591536486]"
2779caca-e0cd-4317-aeb6-c352e1066d81,#-1:823ddec0-60f7-4856-aa4f-467a735dcd47,#-1:d8b533e6-a147-4747-be97-446df7b4a212,0.946954108370337,0.004604322922848344,-0.9423497854474887,"[-0.9488376290595026, -0.9488618605919038, -0.9293498666910596]",-0.9488618605919038,False,-1,262,-0.8333218460894338,-0.8409440021202709,"[-0.8301866730332779, -0.8288348631147526, -0.8409440021202709]"
00737db2-3962-4d83-9311-3bec0a685e60,#-1:4e5fdfd2-9a1f-4655-b550-0364e1ac445d,#-1:539a7a7f-d47f-407c-89c4-992724ead89c,0.9535958976852745,0.006680398785715076,-0.9469154988995595,"[-0.9430553129793322, -0.94902136927759, -0.9486698144417564]",-0.94902136927759,False,-1,5,-0.9934601217837781,-0.9963278591109525,"[-0.9963278591109525, -0.9933484476570028, -0.9907040585833788]"
14988381-de5b-4ec3-861a-17adc7c0f190,#-1:673abade-4787-4f8d-a603-d000a8857bfa,#-1:e69471ac-cf9c-4b80-baa0-e89b4ed31a5e,0.9543715616797028,0.027740223077512855,-0.9266313386021899,"[-0.904858716423495, -0.9256974017839468, -0.9493378975991279]",-0.9493378975991279,False,-1,153,-0.9961914313141508,-0.9968963018508303,"[-0.995895620860103, -0.9968963018508303, -0.9957823712315188]"
5f1a45d1-71fb-4094-8866-1f7efc3db3ec,#-1:b6afe04e-5ebe-4410-a1cf-5ea3dc2aaac0,#-1:8c6dd10b-ff7f-4b3f-90e7-4146e8a18102,0.991904943708621,0.05177983303583577,-0.9401251106727853,"[-0.9494377522975588, -0.9311370315515649, -0.9398005481692321]",-0.9494377522975588,False,-1,633,-0.9995640098015136,-0.9997963853914253,"[-0.9993313520895148, -0.9997963853914253, -0.9995642919236004]"
8e4c82eb-e71a-4c49-97aa-ada487435cdf,#-1:9eaa634c-8c8a-4ef2-88e2-f98f3a4ada63,#-1:13ba0ce9-a944-4ced-be8a-bb909577a95c,0.9562720006186524,0.018822185052564562,-0.9374498155660878,"[-0.9189767964491564, -0.9439097390253225, -0.9494629112237845]",-0.9494629112237845,False,-1,924,-0.999387484296088,-0.999557368042982,"[-0.9995152930527808, -0.999557368042982, -0.9990897917925011]"
51873048-d441-4ca0-9aa3-541ee8ac10dc,#-1:d9556ac3-df6d-4c1f-9fb0-d44ec3089057,#-1:71e87e3f-b4e9-40ac-ada5-d4a8729a6162,0.9447463072621046,0.0026650346442059214,-0.9420812726178986,"[-0.9412552210492275, -0.9495622635085011, -0.9354263332959674]",-0.9495622635085011,False,-1,542,-0.9992496634451079,-0.9994460383778304,"[-0.9994460383778304, -0.9988905793801065, -0.9994123725773865]"
92b6b4a2-a0ea-4d57-80c8-ddd43f660cc4,#-1:efba332f-f651-446c-befc-8c56f551c7db,#-1:80e6a6fd-532c-46cd-8afb-2b32625ae437,0.9538275729771909,0.005503452287291433,-0.9483241206898995,"[-0.9472740254281968, -0.9479264714354351, -0.9497718652060664]",-0.9497718652060664,False,-1,944,-0.9982466474038064,-0.9991329017153825,"[-0.9978125578298424, -0.9991329017153825, -0.9977944826661944]"
cb66f760-b86e-4a56-8fd1-9f584e679365,#-1:ca431013-ae8f-4b28-8d9d-d8bd6faf8ba7,#-1:bf7d8fd0-cd50-4ed2-a625-94f2e28c3c80,0.9869449499325276,0.043915505963565506,-0.943029443968962,"[-0.9498535720295046, -0.9306798269487143, -0.9485549329286669]",-0.9498535720295046,False,-1,1289,-0.9989054737002684,-0.9994129181987607,"[-0.998911267426335, -0.9983922354757097, -0.9994129181987607]"
d93021f3-6719-4a78-a02f-d084d91bd8fd,#-1:25f38fe6-1692-4831-a0b1-7e1f22a26265,#-1:bcf7aac4-a32a-4518-b229-f9f8d1d1cb28,0.9512639672663932,0.01069546459717354,-0.9405685026692197,"[-0.9398400768769863, -0.95002817406321, -0.9318372570674628]",-0.95002817406321,False,-1,1378,-0.999665443953537,-0.9996888626436117,"[-0.9996197137571587, -0.9996877554598408, -0.9996888626436117]"
78bdcd97-4902-45a7-beb7-5117600460f0,#-1:c3001d10-d53e-4c0a-b92b-ab357c617dd4,#-1:bd6ebd87-299d-470f-9f04-21c32a0c3031,0.9999337167463452,0.054866636179167476,-0.9450670805671778,"[-0.9412348247345206, -0.9500441754220739, -0.9439222415449388]",-0.9500441754220739,False,-1,788,-0.9995171783658162,-0.9996824707149026,"[-0.9996824707149026, -0.9992163251084718, -0.999652739274074]"
24fca37c-b764-4a78-b40c-f257543996af,#-1:90956718-8db0-4c65-bc11-2b1b7ebfc616,#-1:a49410a1-7cf6-463e-a849-a1c6bbafd0b3,0.9640059857544353,0.01630019201255256,-0.9477057937418827,"[-0.9504296660790877, -0.9458492993173918, -0.9468384158291691]",-0.9504296660790877,False,-1,251,-0.9996775525176839,-0.9997123170924397,"[-0.9996776514377941, -0.9997123170924397, -0.9996426890228178]"
e02f4333-9e95-4cc3-bbea-8a46fbc342ba,#-1:f75cb0b6-a417-4b3e-b5d1-1f9ed6812e01,#-1:7b91e1a7-dc48-4941-b4b5-24a3c45b3f07,0.9750033673793402,0.02565685381633029,-0.9493465135630099,"[-0.9485892266649545, -0.9506392511979246, -0.9488110628261506]",-0.9506392511979246,False,-1,1429,-0.8782456449755771,-0.883471031357636,"[-0.883471031357636, -0.8717748252458504, -0.879491078323245]"
0a23730e-36c9-4da1-8a04-53eefc848351,#-1:0fa50af5-e9a5-4f29-adc8-250d7fcfb801,#-1:0d37b7cb-74da-4459-b3ed-ac270fc34772,0.9642161468360338,0.019946040449711665,-0.9442701063863221,"[-0.9371188058213229, -0.9508625003273434, -0.9448290130103004]",-0.9508625003273434,False,-1,75,-0.9731803410017149,-0.9740257850993902,"[-0.9740257850993902, -0.9728861142607774, -0.9726291236449769]"
ecbae1fe-602c-4ee7-8808-7ef43cf78dc9,#-1:2c893ff0-7801-46b8-9232-7fec7e42e3b3,#-1:66c1f155-d266-4d68-aa4f-f5301b2b99ee,0.9507062099035767,0.0031267629775130943,-0.9475794469260636,"[-0.9514450495367169, -0.9457226442524157, -0.9455706469890582]",-0.9514450495367169,False,-1,1515,-0.9992727064596777,-0.9994106794931602,"[-0.9992821496665771, -0.9994106794931602, -0.9991252902192956]"
e6c5e575-acfc-4824-828d-f69e01c2a2d9,#-1:714d220c-63ad-4290-afcc-3afc06020c82,#-1:fb5cfb69-88fa-4d80-b6b0-6ca550599ee0,0.9682284107478095,0.025848452518720352,-0.9423799582290892,"[-0.9515601210605615, -0.9465493886636609, -0.9290303649630453]",-0.9515601210605615,False,-1,1474,-0.9650373813263547,-0.9678999797404355,"[-0.9604997754638585, -0.9678999797404355, -0.9667123887747704]"
48043985-732f-40b1-884e-8fc45629fd36,#-1:b36fbe0f-8d89-484c-b2e9-95169e1f160c,#-1:773b4444-8e75-4e51-9125-09a657648179,0.9618149747911972,0.02562552842632777,-0.9361894463648693,"[-0.9517759300281664, -0.9242634853116386, -0.9325289237548031]",-0.9517759300281664,False,-1,484,-0.9796945480841833,-0.9849003270877396,"[-0.9768314832293463, -0.9849003270877396, -0.9773518339354643]"
623cadad-f328-4438-b2ea-5a46fe06e49e,#-1:1d0895d6-7ecd-4bc2-8337-f8e5f3d29eb0,#-1:1e8b1b03-2ea4-4e0f-9046-4208e6f76dfb,0.9890298756303607,0.04828897671642348,-0.9407408989139372,"[-0.9344908419881319, -0.9355736115862069, -0.952158243167473]",-0.952158243167473,False,-1,653,-0.9991283418627033,-0.9994015732520365,"[-0.9989263209519793, -0.9990571313840942, -0.9994015732520365]"
36cf276e-7ea1-4418-aad6-4de209dad965,#-1:ec089b6e-0b59-49fd-bef0-65d9efefeefb,#-1:fb7eae0b-bafe-4190-a32c-bf3f68159e73,0.9877418758562851,0.03807358230329599,-0.9496682935529892,"[-0.94653618273249, -0.9525886029422578, -0.9498800949842198]",-0.9525886029422578,False,-1,370,-0.9825734926082254,-0.9876158431335748,"[-0.9876158431335748, -0.97749509394543, -0.9826095407456712]"
9ca47259-6012-4c72-a9b1-50fd2c1a3ebe,#-1:ebd4814c-6c8b-4b27-a2e3-a4af2bf0709f,#-1:404dc417-c2bd-4cdb-9d28-ec2cd96e6752,0.9511006907620384,0.0016074982809916245,-0.9494931924810468,"[-0.9504913697565371, -0.9526177286553821, -0.9453704790312211]",-0.9526177286553821,False,-1,1019,-0.9919980089330428,-0.9926719230292598,"[-0.9926719230292598, -0.9910772046267294, -0.9922448991431388]"
c06e47d5-ae6c-47a6-a0aa-52e105e7691c,#-1:89f69ead-49c2-4dab-9417-ceacfead0ce6,#-1:c6f3a30b-8e3d-401b-bb90-2bc65210e8d2,0.9760618196830477,0.029732570021386313,-0.9463292496616614,"[-0.9511223267119528, -0.9529501834368351, -0.9349152388361962]",-0.9529501834368351,False,-1,1224,-0.9721632973700952,-0.9748225251135135,"[-0.9744112948163073, -0.9672560721804648, -0.9748225251135135]"
713570d3-c3d8-43d5-ad61-66c5f597ac2a,#-1:e18f48b3-2b9e-4fcb-8fbc-60c476d52e65,#-1:a5f196c2-7bcc-4592-86b0-a29f105cdd28,0.9692936834768496,0.02011062269495645,-0.9491830607818932,"[-0.941950366914809, -0.9530177331713108, -0.9525810822595594]",-0.9530177331713108,False,-1,753,-0.9946362602258308,-0.994857983886851,"[-0.994857983886851, -0.9944904875746797, -0.9945603092159616]"
bd8f146b-0989-4815-b244-ff19c610e84d,#-1:e78a7c0f-1c24-4256-af47-46b844426710,#-1:049a64ef-f11c-41ee-ba97-776b56989b69,0.9807967336876536,0.03319921205810893,-0.9475975216295447,"[-0.944985065169956, -0.9531262030501415, -0.944681296668537]",-0.9531262030501415,False,-1,1211,-0.9892422906630681,-0.991532671003096,"[-0.9910987530619373, -0.991532671003096, -0.9850954479241707]"
33eadfc7-9c57-4325-9f78-f74161272f96,#-1:972ed90e-d2e5-494e-b32a-e55104e43c0a,#-1:2fc3022a-99ae-463e-8510-4f0fd1b4333e,0.950779318408121,0.0007999815397598413,-0.9499793368683612,"[-0.9448716980049388, -0.9531538008059367, -0.9519125117942082]",-0.9531538008059367,False,-1,352,-0.9955371593461266,-0.9964733149854418,"[-0.9946841904526008, -0.9964733149854418, -0.9954539726003372]"
82bd34e7-e952-47e1-a3d0-4076466d4212,#-1:8660239e-7c92-4f23-93ad-e2b8ac8c98af,#-1:3d97040e-1743-47f6-8162-711b4a66c1e0,0.9877676218493456,0.043475559134568915,-0.9442920627147767,"[-0.9532179420153456, -0.9385223804203534, -0.9411358657086311]",-0.9532179420153456,False,-1,845,-0.9983107349120695,-0.999652739274074,"[-0.9969343899822685, -0.9983450754798656, -0.999652739274074]"
c13f0abb-179c-41f8-ab40-1a1df524e9d3,#-1:f1be7ec0-a66e-4b7d-b07c-857144774132,#-1:73295388-1645-4c1a-8585-1891c153bdf3,0.950677826293633,0.002342858776172844,-0.9483349675174602,"[-0.9433632207718087, -0.9532743133233929, -0.9483673684571787]",-0.9532743133233929,False,-1,1230,-0.9665614973121391,-0.9673748481045409,"[-0.9673748481045409, -0.9650359419310862, -0.9672737019007902]"
176847c1-dbef-42a3-a3f0-1ff401491c0a,#-1:b500896a-436b-438c-a4bc-f5ff41760279,#-1:258f4ac9-da02-44fc-b74c-301299d67b57,0.9633166754986356,0.01809108131218962,-0.945225594186446,"[-0.9416839729045625, -0.9534381258048952, -0.9405546838498804]",-0.9534381258048952,False,-1,173,-0.9989690760207038,-0.9993906198376534,"[-0.9990328325660189, -0.9984837756584396, -0.9993906198376534]"
a9f539e6-d954-4c3a-93d7-22ad644a70e4,#-1:132d089a-0f70-40cb-bad6-6b48ae78d109,#-1:277216d5-202e-4396-b23c-367ce6a5069a,0.9521078904415871,0.0063209717538560755,-0.945786918687731,"[-0.9538518360005872, -0.943299299673725, -0.9402096203888809]",-0.9538518360005872,False,-1,1100,-0.9944893339908617,-0.9960451606419553,"[-0.9929016185563453, -0.9960451606419553, -0.9945212227742847]"
99d209d0-93f9-4652-8f9d-60d86d22674c,#-1:ba1a1c3b-e83a-45f3-8726-905a85c1fe33,#-1:398e0683-4610-4a47-97f3-5f6f1e7cc533,0.948535535438641,0.00022934782608695654,-0.948306187612554,"[-0.9371388319115175, -0.9537584822077858, -0.9540212487183589]",-0.9540212487183589,False,-1,994,-0.9994467346301219,-0.9996682331824362,"[-0.9995775645162609, -0.9990944061916686, -0.9996682331824362]"
4db7bb4a-13ce-4502-941e-1987e9f91eb4,#-1:7f429922-4e28-4c34-944a-c530dd8b3fc0,#-1:f21cad48-75bd-4b33-94dc-68be41377250,0.9447279462172862,0.0,-0.9447279462172862,"[-0.9392741416997112, -0.9406585993369102, -0.954251097615237]",-0.954251097615237,False,-1,527,-0.9979374693486268,-0.9986559904675238,"[-0.9979624206669936, -0.9986559904675238, -0.9971939969113629]"
28b54554-17dc-4e5c-91e4-3ab6d8e18671,#-1:399920d6-5f78-4a6a-8de9-f3e15cc8bcb6,#-1:df57a012-18e6-483e-bf9a-1960d5399fb5,0.9998923428989567,0.05206978939442373,-0.9478225535045329,"[-0.9459167803498734, -0.9542751379707094, -0.9432757421930161]",-0.9542751379707094,False,-1,267,-0.9996825090271387,-0.9997123170924397,"[-0.9996824707149026, -0.9997123170924397, -0.999652739274074]"
29d7e936-abc0-4314-9557-6658e3d809f6,#-1:f09ba880-024a-474b-9882-8e47f0d1d2db,#-1:e3a2bb45-ee4f-47dd-8d03-d0cd5f50bc26,0.9755526813302448,0.02779172139921318,-0.9477609599310316,"[-0.9542835140149315, -0.9449731076407355, -0.9440262581374278]",-0.9542835140149315,False,-1,280,-0.9968090390239048,-0.9971531155497244,"[-0.9962991204283927, -0.9971531155497244, -0.9969748810935976]"
22790f2d-a7a0-4441-aae0-2200cc6ee821,#-1:ac7e1909-6a96-4915-969f-77d4604abfae,#-1:fca88abd-7ab0-4193-bd18-1f01f7496272,0.9610860387804566,0.010532436426407782,-0.9505536023540488,"[-0.9545131819296208, -0.9517442817730528, -0.9454033433594731]",-0.9545131819296208,False,-1,233,-0.9953267729957328,-0.9959732610219998,"[-0.9955564976405502, -0.9944505603246486, -0.9959732610219998]"
de51b1a6-9af5-458f-a309-dbbdb61f7de5,#-1:a8adb87b-df08-4a22-a6bd-10c6492e2435,#-1:b8e3c5be-85bc-4a5f-ac8e-a4f59e50794c,0.9550082441249613,0.0015478715708683744,-0.953460372554093,"[-0.9522567546471525, -0.9545582230326064, -0.9535661399825197]",-0.9545582230326064,False,-1,1414,-0.9830356202934021,-0.9841566483256134,"[-0.9833810943218553, -0.9841566483256134, -0.9815691182327374]"
7a82c272-49fa-449a-8dbe-ccbe0681e428,#-1:ad259ffc-6737-4408-8f06-0683f078dd65,#-1:8fd8fb32-90f4-42c5-af4b-8e6ebd0ffc3b,0.9365836623029025,0.0030339698848464,-0.9335496924180561,"[-0.9304438556148642, -0.915545155928615, -0.9546600657106887]",-0.9546600657106887,False,-1,802,-0.9813357862052826,-0.9843833568323643,"[-0.9780265685691809, -0.9843833568323643, -0.9815974332143026]"
9c933a4e-f310-4085-b734-e1bd1c689c18,#-1:db2b261e-6d7e-40f8-9c79-826323815180,#-1:2bdcb6e4-8537-4ebe-8b33-f611b42d1be0,0.9582308504939832,0.008104963820381032,-0.9501258866736021,"[-0.9441156498240094, -0.9515823278200454, -0.9546796823767516]",-0.9546796823767516,False,-1,1017,-0.9979364907427709,-0.9987040453936766,"[-0.997621829791169, -0.9987040453936766, -0.9974835970434671]"
a64715b9-ccc0-45c2-801c-83c84f2a1dfa,#-1:af6094d7-1c03-4585-b52a-d6e6427f6f11,#-1:6625a999-e1d1-4dd8-8470-64a8d01113ca,0.9673716243835964,0.0130771762869782,-0.9542944480966181,"[-0.9546942075554209, -0.953744477234243, -0.9544446595001905]",-0.9546942075554209,False,-1,1080,-0.8350502119989605,-0.8372631366345651,"[-0.8328594907315652, -0.8350280086307511, -0.8372631366345651]"
0a8330ba-05a0-4cfd-baef-523e002f3f13,#-1:81e4ec0c-5577-4a6b-b236-793ab13c2f49,#-1:1c76abf4-1de4-4e07-8d0c-fe0bdff47df9,0.9531920595779528,0.0066037583048160165,-0.9465883012731369,"[-0.9479161991281811, -0.95471838116566, -0.937130323525569]",-0.95471838116566,False,-1,77,-0.9823639651267794,-0.9841983525948171,"[-0.9841983525948171, -0.979317633220263, -0.9835759095652579]"
e2afe1b0-fa5b-424d-8e56-a567a8d6d4ae,#-1:6de777b7-173c-4f64-a1b6-498cb3a0e24a,#-1:72669547-028c-4f5a-aa2e-24216827e59d,0.9710608701835947,0.017239461352433802,-0.9538214088311608,"[-0.9542271672813946, -0.9553201329224609, -0.9519169262896271]",-0.9553201329224609,False,-1,1450,-0.9891851010218691,-0.9902377274492273,"[-0.9902377274492273, -0.9895556332030453, -0.9877619424133348]"
a52d4d48-5e1d-4174-ad95-83e88fb82a6d,#-1:7823128c-21b1-45ea-9129-dd884e193036,#-1:63e8007f-6686-4c4f-bbe3-ee1e8104262b,0.9581078215875952,0.005519328725092313,-0.9525884928625029,"[-0.9490680435550494, -0.9558717797940091, -0.9528256552384502]",-0.9558717797940091,False,-1,1075,-0.9848918783147392,-0.9871605386668107,"[-0.9829969944560243, -0.9871605386668107, -0.9845181018213824]"
79d98a95-ab4f-42de-ab3e-2a1615deeeaa,#-1:611e3d9b-a329-4c60-8878-ff06bc46b3c4,#-1:7c65879a-ba6b-4e11-babe-355e48f4bfda,0.9978939246623462,0.04341006780492218,-0.954483856857424,"[-0.9528290722228446, -0.954671628727706, -0.955950869621721]",-0.955950869621721,False,-1,797,-0.9751978274188761,-0.9764766492097977,"[-0.9739736852684996, -0.9751431477783307, -0.9764766492097977]"
23f36eb8-b1f9-45c0-81cc-fccb77fb9106,#-1:983d64df-6df7-4c19-9978-4d6aef2b4136,#-1:6a8b9357-3eec-4f1b-a163-867873d27bf0,0.9819905139301817,0.03670070011002232,-0.9452898138201593,"[-0.9573274030587686, -0.9357857848357217, -0.9427562535659875]",-0.9573274030587686,False,-1,240,-0.9967504158423042,-0.9969307232218942,"[-0.9969307232218942, -0.996394798411249, -0.9969257258937694]"
4d21563b-218a-4351-9316-5f71bc2bb859,#-1:98fa98b7-87dd-4644-aeb1-949ef02e0995,#-1:6744b6a0-40a6-49e0-b82f-d1c66f742fb4,0.9606664220483019,0.004757706494864482,-0.9559087155534374,"[-0.9564404286345081, -0.953765492291611, -0.957520225734193]",-0.957520225734193,False,-1,522,-0.9788493920951046,-0.9792351042640743,"[-0.9788561410596109, -0.9784569309616284, -0.9792351042640743]"
b292594f-73f0-45fd-8fa3-5b211d4aa699,#-1:219d3afe-30a8-461a-80d6-3edebb591fa6,#-1:cdf315e1-780a-46cb-bc1e-b0c56b0d77cd,0.9699087828663048,0.023115006738667065,-0.9467937761276377,"[-0.9435627239543639, -0.9575539249674745, -0.9392646794610743]",-0.9575539249674745,False,-1,1155,-0.9778800213858689,-0.9787490556182227,"[-0.9765958310530166, -0.9782951774863675, -0.9787490556182227]"
17ee4d24-b51e-4f90-ae91-56c78cc16256,#-1:05aa4fe7-470e-4414-9d66-186fc2ad88cb,#-1:58c19b92-0877-4653-8e16-52092adb116c,0.9738297166881664,0.018534165019163395,-0.955295551669003,"[-0.9556705519590841, -0.9579790398019045, -0.9522370632460204]",-0.9579790398019045,False,-1,175,-0.9996542946882325,-0.999677534483744,"[-0.9996417422668735, -0.999677534483744, -0.99964360731408]"
01e9a467-c422-455b-b681-26f2ac6c92fd,#-1:d391a3c1-0692-4e2b-af0e-6045240fbedf,#-1:a56f19c7-caaf-4292-91b9-7db17a18ba5f,0.9941951765343835,0.04231198886317374,-0.9518831876712097,"[-0.9450327945830006, -0.9526259069898185, -0.9579908614408105]",-0.9579908614408105,False,-1,13,-0.984078440689424,-0.9904995764065931,"[-0.9783037545370524, -0.9904995764065931, -0.9834319911246263]"
380d6055-97ab-489a-8467-7b2dfc1d9d24,#-1:7de564d6-5991-46e7-8188-9dd2e3e4c333,#-1:a462cf26-7c8a-4500-9fea-8408acf51719,0.9552296777410052,0.0009062701061383506,-0.9543234076348669,"[-0.9483070414201955, -0.9580090069131904, -0.9566541745712147]",-0.9580090069131904,False,-1,384,-0.9686711088775298,-0.9719045579704103,"[-0.9719045579704103, -0.9671602715953708, -0.9669484970668085]"
58249d24-6d73-4900-bf2c-576b36698f5a,#-1:d1bb4dd9-0ae2-47fa-8320-a2688099b4e4,#-1:0a09c412-74a4-42ac-bacf-86ed111f5cc7,0.9865521863902756,0.039267784462501426,-0.9472844019277742,"[-0.9581313956234738, -0.9371370327526802, -0.9465847774071687]",-0.9581313956234738,False,-1,581,-0.9430961342246601,-0.9450786440943211,"[-0.9407375778623029, -0.9434721807173562, -0.9450786440943211]"
5edc685c-024f-4e84-95b3-4fa6be6a8f4b,#-1:8466e283-ce97-4982-8482-ee91b6f7bf86,#-1:66b0d48e-60f4-448d-9c16-e7623004ee6b,0.959464175700336,0.004655872317000952,-0.9548083033833351,"[-0.9561662450866363, -0.9500331882062603, -0.9582254768571087]",-0.9582254768571087,False,-1,632,-0.9953437454832071,-0.9969537959573314,"[-0.9956977467761491, -0.9933796937161409, -0.9969537959573314]"
0eea959a-0677-424e-9524-b5c6af18a45a,#-1:6e187942-d4ee-4d66-9a9c-24e1fe5c2c1d,#-1:419469fd-bfcd-430c-b806-cdaccdb0b420,0.9933721448332062,0.038704704911575495,-0.9546674399216307,"[-0.9559097681093313, -0.9587543099358932, -0.9493382417196679]",-0.9587543099358932,False,-1,105,-0.9800389942353434,-0.981897542240137,"[-0.981897542240137, -0.9800845068488576, -0.9781349336170354]"
106ccdcd-b0f2-4d2d-88f8-637457e24c23,#-1:74498860-f725-4117-8300-a3b3e5eaef72,#-1:94463e68-0894-4b08-98a5-f1d7b67f9b66,0.9660919006963512,0.010541624905878571,-0.9555502757904726,"[-0.9562820094203043, -0.9589842091941337, -0.9513846087569798]",-0.9589842091941337,False,-1,120,-0.9994097699904166,-0.999604364208979,"[-0.999604364208979, -0.9990257048396496, -0.9995992409226215]"
61c5a40f-179e-4dfe-b0e4-b3ce51e8cf4a,#-1:d4990769-2ea7-47cc-a7a9-960a461d9863,#-1:938c6c08-e57e-4f0a-aada-7b9805831cc0,0.9933702564963957,0.036172742175684024,-0.9571975143207117,"[-0.9565261388343864, -0.960076692274856, -0.9549897118528927]",-0.960076692274856,False,-1,649,-0.9903507605607027,-0.9905932707782559,"[-0.9905932707782559, -0.9905930598692738, -0.9898659510345783]"
b18e3ce9-b7b8-4969-ae42-81c024539472,#-1:383cd908-ab00-4912-80c7-0bdce1b69905,#-1:3952923c-1c14-4b04-ad41-014530f792d6,0.9541165042432267,0.0005717686477132504,-0.9535447355955134,"[-0.9424074459849081, -0.9580671568265355, -0.9601596039750967]",-0.9601596039750967,False,-1,1145,-0.9994013337041782,-0.9996155621247427,"[-0.9992751657930455, -0.9996155621247427, -0.9993132731947463]"
39f676d6-f3e4-494c-9368-9a42d98fe58b,#-1:7c58cb75-e7ba-40a6-9f28-567727d2a4c1,#-1:f1b235db-b4cc-4ca1-890b-2eafa0377bb5,0.9518450154383769,0.011573573598364384,-0.9402714418400124,"[-0.9152382859283577, -0.944989680966862, -0.9605863586248177]",-0.9605863586248177,False,-1,404,-0.9845428276247086,-0.9854848029478308,"[-0.9840195740527372, -0.9841241058735578, -0.9854848029478308]"
0cc811e7-c54a-400e-bd84-391a74109a86,#-1:f0b6b9d6-3164-45d1-ba1e-20db33cde11b,#-1:c1bf96e0-8e98-42b9-8b94-213397c17fb9,0.9538613175268313,0.0002298866000134201,-0.9536314309268179,"[-0.9406630176654914, -0.959421308575196, -0.960809966539766]",-0.960809966539766,False,-1,92,-0.9992513756238585,-0.9993655621247427,"[-0.999133526182656, -0.9993655621247427, -0.9992550385641766]"
0db4bf65-39aa-4c07-ab3e-23af0dd16382,#-1:7f70dc79-7ea9-4f97-8c8a-7734e8bbc7ae,#-1:46f91a8d-533b-4c9e-815d-55177dfc07de,0.9579669165178605,0.0019928299840231483,-0.9559740865338373,"[-0.9492676151490064, -0.9574860773588533, -0.9611685670936522]",-0.9611685670936522,False,-1,97,-0.9755823764915812,-0.9774753402579371,"[-0.9774753402579371, -0.972506928048286, -0.9767648611685205]"
a7688b79-32c1-4700-a8fe-799794322efa,#-1:0804c6ba-b7a9-4e6e-8345-59191fc1f0eb,#-1:561f9e69-6679-4fd5-9240-36c6db7d99b0,0.9792645248976286,0.02107532597296236,-0.9581891989246663,"[-0.9533208309927025, -0.9596073883268661, -0.9616393774544301]",-0.9616393774544301,False,-1,1086,-0.993562525311621,-0.9965034816391096,"[-0.9948152735785967, -0.9893688207171569, -0.9965034816391096]"
55945bc7-737d-4f47-8630-061301005db2,#-1:d550125e-8f9b-4ade-9003-64f705e6042e,#-1:e703e3ac-ed54-4732-b3dd-58deebf70927,0.9849697984636826,0.0275099813857637,-0.9574598170779189,"[-0.9621358605216486, -0.959192443047911, -0.9510511476641973]",-0.9621358605216486,False,-1,567,-0.8553228306253343,-0.8575562318227873,"[-0.8534771805027569, -0.8549350795504588, -0.8575562318227873]"
d5435fcc-7b93-449d-99af-4a612712c404,#-1:fa1f44ff-5ffc-43dd-8f23-1691367517be,#-1:8397fa00-bb17-4cfa-9729-8b21a4e52d05,0.9806814299296404,0.024454746230936186,-0.9562266836987041,"[-0.947894476350172, -0.958105731036486, -0.9626798437094546]",-0.9626798437094546,False,-1,1353,-0.9728691613161905,-0.9753937386042919,"[-0.9714070822852453, -0.9753937386042919, -0.9718066630590345]"
1cb5b90a-65c0-4c37-b9ed-eeefbeb3ae8c,#-1:cb888744-d44c-4dc7-b0b3-f242e571df20,#-1:ab51da02-e8ca-4c37-95ab-008cb7c8b1ae,0.9833061058909355,0.03165636146365874,-0.9516497444272768,"[-0.943551915456378, -0.9631981658556638, -0.9481991519697884]",-0.9631981658556638,False,-1,199,-0.9996806414949798,-0.9997123170924397,"[-0.999681708232926, -0.9997123170924397, -0.9996478991595735]"
e9367efa-727e-4a53-80cc-e694deadc7d1,#-1:ffc45806-4915-4d89-b370-a47de53c29a1,#-1:8541ad39-ccac-44d6-b7d0-8417b6e3dbe2,0.9662366406854842,0.006029145959453465,-0.9602074947260307,"[-0.9634843395006624, -0.9586288980496895, -0.9585092466277403]",-0.9634843395006624,False,-1,1489,-0.9923478990031853,-0.9946580813277838,"[-0.9946580813277838, -0.9920039961717754, -0.9903816195099967]"
6d3961dd-ece7-4797-add0-c06e2aa062d1,#-1:7e8f0c2a-48bc-4fbf-b8aa-1dd0e48a7424,#-1:47b7838a-3f80-4543-b471-6c3f83876311,0.9617191343940488,0.004588792981031899,-0.9571303414130169,"[-0.9527743580208201, -0.9550414727170554, -0.9635751935011752]",-0.9635751935011752,False,-1,722,-0.9990946771744303,-0.999680383492088,"[-0.9992653997355674, -0.9983382482956356, -0.999680383492088]"
fbb8d06c-fa0b-4476-856e-17880ce8faa9,#-1:94c6f887-98d5-4038-ae90-00d514b8e7bd,#-1:809d9160-ac55-4157-8c39-e0bb2cf4ae32,0.9739974171124947,0.014099399279865072,-0.9598980178326296,"[-0.9553505627182289, -0.9605555640657268, -0.9637879267139331]",-0.9637879267139331,False,-1,1605,-0.9036629736891051,-0.9115756130109748,"[-0.8925915457996695, -0.9068217622566708, -0.9115756130109748]"
09a3191f-6a21-4baa-8e41-618fe1d29e8b,#-1:631425d4-e486-4e42-9816-d5ef470e6e3e,#-1:28bf9e3c-3978-42cf-8e54-fd2cd2b2df0f,0.9626862846323637,0.003655200045919856,-0.9590310845864438,"[-0.9642722371028434, -0.9593583711931005, -0.9534626454633877]",-0.9642722371028434,False,-1,72,-0.9645366718119307,-0.9689559374948478,"[-0.9661151484113708, -0.9689559374948478, -0.9585389295295734]"
7dc11147-e7bb-44b3-917f-b63afe1c5137,#-1:364c574e-41bf-4f5a-ba6c-f658e2582638,#-1:9eb62516-fe46-49f8-95c9-fe7b2611e0b9,0.9536686772512537,0.00018750229970596784,-0.9534811749515477,"[-0.9561061636412747, -0.9398155296730875, -0.9645218315402811]",-0.9645218315402811,False,-1,820,-0.9984067351931619,-0.99867184407003,"[-0.9982138688412971, -0.99867184407003, -0.9983344926681584]"
258f0fe5-4b75-4824-83d3-57835ee5235e,#-1:754715ed-817e-4165-9616-ff7ca098fe03,#-1:14160001-2736-4a47-a2c7-22daba463194,0.9938861382100971,0.03312028321377394,-0.9607658549963232,"[-0.9564151325527817, -0.9605939182082821, -0.9652885142279058]",-0.9652885142279058,False,-1,256,-0.9988680773119208,-0.9991894881829003,"[-0.9991894881829003, -0.998914054640258, -0.9985006891126043]"
cbcb3e59-09c4-406e-a27c-d4e8cdfabf9a,#-1:0909d259-f54a-41ab-a2c5-e35961cc6852,#-1:04ea465f-40f2-48ea-9214-fd7381303e6b,0.9590836098549724,0.0,-0.9590836098549724,"[-0.9562548908533127, -0.9556861810990609, -0.9653097576125436]",-0.9653097576125436,False,-1,1292,-0.9991359300914744,-0.9993306547227868,"[-0.9993019496584039, -0.9987751858932326, -0.9993306547227868]"
ffe0b265-b353-471b-9324-1a512c920706,#-1:30dccd0d-df29-4a29-b3f1-3f2010328a33,#-1:8e1564a9-7843-4d89-9cba-2814f4d42fd8,0.9759860198112271,0.012106619520515628,-0.9638794002907115,"[-0.9640302220723311, -0.9653312823283762, -0.962276696471427]",-0.9653312823283762,False,-1,1633,-0.9277608390861317,-0.9357509314455654,"[-0.92473609054498, -0.9357509314455654, -0.9227954952678495]"
b77728a5-858f-4a3e-8cb7-2080a24931e5,#-1:0a1ab998-f5f6-4710-bd1a-baf3835843b4,#-1:e97ed671-ed4c-48eb-8bee-71ae3be65c6e,0.9751451576471464,0.014957568789821213,-0.9601875888573251,"[-0.9561111069786491, -0.9655512211832856, -0.958900438410041]",-0.9655512211832856,False,-1,1189,-0.9905999507832624,-0.9911982061211682,"[-0.9911982061211682, -0.9901585011292428, -0.9904431450993763]"
43744b6c-dfe9-4e5a-8d65-4842209f6b12,#-1:d1d02100-cf9e-4888-adeb-2394df1981dd,#-1:8d627ec0-f1a8-4cf6-8f95-8c9d942cd7a1,0.9619792505622894,0.0,-0.9619792505622894,"[-0.9557937811491876, -0.965572865588594, -0.9645711049490866]",-0.965572865588594,False,-1,466,-0.9994990138565996,-0.9998645247051947,"[-0.9998645247051947, -0.9994704848768455, -0.9991620319877584]"
5eb063bd-c851-4b21-b9a7-4320af0d0063,#-1:541a75bc-7958-4352-a711-8009c2d053e9,#-1:4f51367a-cd18-45f1-baf5-115ab9321c43,0.9697320028916726,0.006691238285200569,-0.963040764606472,"[-0.9620615531568588, -0.9656918026011697, -0.9613689380613875]",-0.9656918026011697,False,-1,630,-0.9994989056701362,-0.9997239408626966,"[-0.999604364208979, -0.9991684119387331, -0.9997239408626966]"
d2497a92-ca6b-4dd1-8755-37dda54dbeee,#-1:aba81588-50a1-415f-954e-d3dae1457d47,#-1:21379e14-f06c-4ade-b642-a4062e2e3093,0.9692296616352052,0.004977268612138136,-0.9642523930230671,"[-0.9635835618340992, -0.9633883126777126, -0.9657853045573893]",-0.9657853045573893,False,-1,1334,-0.9959503826086746,-0.9966592863050332,"[-0.9966592863050332, -0.9950032251336051, -0.9961886363873854]"
36cfb054-77cd-43b1-9426-8688ed4796f9,#-1:db09be5b-6b16-4c93-ad90-92b08f69bf86,#-1:5d2b3006-6055-48fd-a183-49e126d8fbf8,0.9640030253021384,0.002915570990378022,-0.9610874543117605,"[-0.9536047570737483, -0.9661550928678312, -0.9635025129937018]",-0.9661550928678312,False,-1,371,-0.9848511154962533,-0.9867577186696203,"[-0.9867577186696203, -0.9835791040477746, -0.984216523771365]"
2a01950e-f03e-487c-a612-84d151586030,#-1:6b022b29-2453-4d79-8cd1-d577b238443a,#-1:9ea05272-20e3-4e41-8ea3-3a87d01e3d5f,0.9626869732564733,0.0005478198555757676,-0.9621391534008976,"[-0.9668776111864116, -0.9649982848928488, -0.9545415641234324]",-0.9668776111864116,False,-1,282,-0.8318512653917859,-0.8330719601639769,"[-0.8310817129537874, -0.8314001230575936, -0.8330719601639769]"
8fa7e0c8-224b-424a-a21e-a10e746b2632,#-1:f01db150-ce2c-4445-9108-d6752f31b0c0,#-1:312d2ed7-7b37-4a72-91f3-c342cb467e2e,0.9586390638472729,0.0003412858875859281,-0.958297777959687,"[-0.9673837135344774, -0.9594956502158851, -0.9480139701286985]",-0.9673837135344774,False,-1,927,-0.9808291757849078,-0.9812215372261092,"[-0.9812215372261092, -0.980693652872764, -0.98057233725585]"
86efccc4-4a83-47b4-87c0-9590a53e141c,#-1:e24867ce-ab28-44fe-9657-50b69ec6b25a,#-1:770fce57-3e33-4001-b680-2bc300f07483,0.9739502917377179,0.009748706237244721,-0.9642015855004731,"[-0.9566945565048429, -0.9663077468869344, -0.9696024531096422]",-0.9696024531096422,False,-1,875,-0.993887774331402,-0.996186484032145,"[-0.9937999447075705, -0.9916768942544905, -0.996186484032145]"
e4fd8d77-b254-48d0-b54d-8a15cd5f05f5,#-1:b0d31d03-65ae-448b-8bdf-29e8c42329a1,#-1:e6c4531b-acc6-4c5d-a5e7-137f4a287f10,0.9798345667484386,0.01439509490718679,-0.9654394718412518,"[-0.9609033659682593, -0.9700238698950329, -0.9653911796604633]",-0.9700238698950329,False,-1,1460,-0.9980691944906196,-0.999161474921345,"[-0.9985829103772497, -0.9964631981732642, -0.999161474921345]"
b37fc3bc-6403-484d-9c53-961e1e3629b3,#-1:1b620ea5-a3e6-43c1-b830-eded967efb18,#-1:813addee-edf0-431d-973c-da802d666ce6,0.9928089603245601,0.02813576505458706,-0.9646731952699731,"[-0.9609333815817633, -0.9701538691328819, -0.9629323350952742]",-0.9701538691328819,False,-1,1165,-0.9646406539012607,-0.9709572157812517,"[-0.9603125545017913, -0.9709572157812517, -0.9626521914207391]"
e5a3fb2e-2825-4175-b03b-3d70e4b2e149,#-1:5db61e90-d44a-4cd5-bcd4-e28beccf946c,#-1:e2d82267-9b00-49cf-b80b-bf71915237d4,0.9869683130851912,0.02008202532071311,-0.966886287764478,"[-0.9704300520343101, -0.9685020641733382, -0.9617267470857861]",-0.9704300520343101,False,-1,1465,-0.9996070889664311,-0.9996776514377941,"[-0.9996776514377941, -0.999677534483744, -0.9994660809777554]"
b6dc2aa4-04cb-4c12-94b8-8047ea263f5d,#-1:42c40a65-14e1-4f84-9e66-616ecf16999c,#-1:8c081060-4b2e-43c7-948b-31dc50af6dc8,0.9895260621342112,0.023913743359668227,-0.965612318774543,"[-0.9705567340480857, -0.9593676326626338, -0.9669125896129096]",-0.9705567340480857,False,-1,1185,-0.9840316477434271,-0.9852120977171371,"[-0.9821403738731008, -0.9847424716400431, -0.9852120977171371]"
5756f3b5-ac4b-425f-9b95-e99df2347e35,#-1:36f56d7c-cdd8-41b9-b825-ab7430012d6c,#-1:3ba7ec41-081c-46af-8927-64923d9b3d9f,0.9687157649258439,0.0006639568257489677,-0.968051808100095,"[-0.9707212900046345, -0.965055860128322, -0.9683782741673279]",-0.9707212900046345,False,-1,578,-0.9996911765542696,-0.9997027515325005,"[-0.9996838163212612, -0.9996869618090471, -0.9997027515325005]"
f55d65c6-aeea-4b65-b874-58a347ccf1b0,#-1:f9aa385c-c503-4be9-8467-e5a2d0f237d0,#-1:5eaa1a80-8e09-4929-859a-30f4eb5c503f,0.9775641423462381,0.011144225700801843,-0.9664199166454362,"[-0.9704534526494623, -0.9579385016697006, -0.970867795617146]",-0.970867795617146,False,-1,1573,-0.9567930386818492,-0.9614216904336864,"[-0.9542692663415673, -0.9614216904336864, -0.9546881592702937]"
d92843ad-089d-4795-b4f0-2c44f5a9861c,#-1:8e477fb4-e961-4d63-a8ca-52e58ac218ad,#-1:37710cbe-1b80-42d5-88ba-30728588c85b,0.9661116945162216,0.0,-0.9661116945162216,"[-0.9681730431446702, -0.9709462990114808, -0.9592157413925136]",-0.9709462990114808,False,-1,1377,-0.9958988499782414,-0.9984153591109522,"[-0.9984153591109522, -0.9953181446266998, -0.9939630461970721]"
32809d17-a4a3-46cd-a5a8-eee10211d107,#-1:adfe9a33-c251-4a27-9e71-4307c86df1af,#-1:194d13a9-94a7-4c20-b4ca-56bf7837da0b,0.9837301581873922,0.014660880905773206,-0.969069277281619,"[-0.9655458546762191, -0.9706520371205031, -0.9710099400481345]",-0.9710099400481345,False,-1,337,-0.9978676987381819,-0.999161474921345,"[-0.9980523853467246, -0.9963892359464763, -0.999161474921345]"
ace80a11-d54e-42fc-90d8-86e5aac25b61,#-1:a8084b17-3eb7-4027-98a3-1e17e7abee3a,#-1:96b48ad7-24f3-4667-b5ec-35ab1934ad52,0.9738093566348299,0.0068010208098981005,-0.9670083358249318,"[-0.9649651285873337, -0.9649581470348881, -0.9711017318525739]",-0.9711017318525739,False,-1,1116,-0.8606894965373549,-0.8644770686906937,"[-0.8644770686906937, -0.8639320252938161, -0.8536593956275548]"
6c14644d-8ca8-411c-bfd6-15d3e8a4d279,#-1:2e477ed3-5fba-4976-bcbd-bdc7154b0b3e,#-1:608a475c-9583-4ede-a460-f4afb7dc0821,0.9641176015871807,0.0040546260511445,-0.9600629755360363,"[-0.9711610645916186, -0.955967851219297, -0.9530600107971929]",-0.9711610645916186,False,-1,711,-0.9986337626712668,-0.9996293597225849,"[-0.9984750509120186, -0.9977968773791968, -0.9996293597225849]"
48d8a5c9-b097-41b0-b8f0-a228f7295700,#-1:166e8de0-cee2-4bba-8b5f-3351828d667f,#-1:64d9fcb7-8aff-4c89-94f7-2be5e645c61e,0.966833983326819,0.00027390992778788376,-0.9665600733990312,"[-0.9659734615204499, -0.9621400630590822, -0.9715666956175615]",-0.9715666956175615,False,-1,492,-0.9989955918142668,-0.9993718126215276,"[-0.9988103651633341, -0.9988045976579384, -0.9993718126215276]"
564f8b7a-ffcf-4e27-95ba-2d62306f192c,#-1:2d64e814-6919-4f96-bec9-ecd0b149e995,#-1:43339211-d85b-429f-afe0-f40d41fdc2c6,0.9759154361804896,0.01008663849677228,-0.9658287976837173,"[-0.9717595456784953, -0.9616769732666451, -0.9640498741060114]",-0.9717595456784953,False,-1,570,-0.9985879204133733,-0.9989587156675664,"[-0.9985270493059817, -0.9989587156675664, -0.9982779962665718]"
daceb979-59b6-4ea4-b017-55a7c17429a7,#-1:a4c69611-3270-4fa3-ac0b-a75650350a79,#-1:adc1342a-4802-4169-8378-42c851adbd3b,0.974779155457604,0.003603629660560491,-0.9711755257970435,"[-0.971586155129437, -0.9718074684882334, -0.9701329537734601]",-0.9718074684882334,False,-1,1395,-0.978863140984766,-0.9812476745809215,"[-0.9781328416505202, -0.9812476745809215, -0.977208906722856]"
09ce758b-889b-4205-8d42-2ebcbd36e284,#-1:b811632c-5d18-4e51-81ce-b8470c509eee,#-1:6ae654d0-c4b5-4f14-8a51-baad82246922,0.9740453283746363,0.003952912457511081,-0.9700924159171253,"[-0.9716098353808297, -0.9667818364753172, -0.971885575895229]",-0.971885575895229,False,-1,73,-0.9702092200754769,-0.9736915775557464,"[-0.9655752844042256, -0.9736915775557464, -0.9713607982664585]"
558290f7-db83-4a12-b3e1-13aac54f09f7,#-1:d458842f-e3ea-44bb-9a9c-7b1910d85dd3,#-1:d54356f2-2558-4988-b467-1a8365178acc,0.9677668432549833,0.0,-0.9677668432549833,"[-0.9719768395454661, -0.9611273650429135, -0.9701963251765703]",-0.9719768395454661,False,-1,566,-0.9981162244014539,-0.9987182752457326,"[-0.9981147326825343, -0.9975156652760948, -0.9987182752457326]"
82574b33-b35f-4fda-b67b-c9e3a689d2e0,#-1:86a9ed57-dd2a-4cb4-b729-f238639dae6d,#-1:08f60441-4879-4f96-aa71-f8698f81c05c,0.9896560344950339,0.02084383523244106,-0.9688121992625929,"[-0.9674609911136186, -0.9721209713272113, -0.9668546353469485]",-0.9721209713272113,False,-1,844,-0.9989914087830386,-0.9994247100587771,"[-0.9990581187710662, -0.9984913975192724, -0.9994247100587771]"
dc457cc3-87ad-4664-887b-ee6233983cde,#-1:32f46589-c617-4f30-a611-195075808427,#-1:f1edf7e9-9fd0-41af-959f-ea81ffc428b7,0.9784881337955301,0.007028083314415498,-0.9714600504811146,"[-0.9706631089160529, -0.9728119627617691, -0.9709050797655215]",-0.9728119627617691,False,-1,1406,-0.9861469955907408,-0.9882873314837589,"[-0.9841269073733719, -0.9860267479150918, -0.9882873314837589]"
3a0d13cc-f91f-484d-8fe3-b85c4c57f1cf,#-1:28baba0f-6060-4467-949b-55fcf228c74f,#-1:07cedbc3-26f5-44d6-a119-80397c8a3d3c,0.9731158075259355,0.0015625886075987668,-0.9715532189183368,"[-0.9704923501596763, -0.9712505974404676, -0.9729167091548665]",-0.9729167091548665,False,-1,406,-0.9949636688953497,-0.9956069027863107,"[-0.9951734889081867, -0.9941106149915521, -0.9956069027863107]"
6ed855ee-e923-497d-8a71-7b0eae98bd9b,#-1:941f59ee-1a87-4de8-92e0-c118f34cd412,#-1:e522aa4a-c6e6-41a1-8018-d7f7744816da,0.966598382797868,0.0005706337136728846,-0.9660277490841952,"[-0.9729527823275539, -0.9620668068969663, -0.9630636580280656]",-0.9729527823275539,False,-1,735,-0.9963606709745824,-0.9974548327951628,"[-0.9974548327951628, -0.9954817809903361, -0.9961453991382485]"
3b27f430-4cba-450c-adf3-347667778ef2,#-1:18a35c1c-5784-49c2-8995-84fd379216b7,#-1:ffd10f78-d890-4fb9-a9f2-b04572d8d48f,0.996741178002151,0.027615236598722132,-0.9691259414034289,"[-0.9641266229741597, -0.9702101566753925, -0.9730410445607345]",-0.9730410445607345,False,-1,415,-0.9996957784984065,-0.9997155623530073,"[-0.9997155623530073, -0.9997155332376186, -0.9996562399045936]"
6d81a58a-71af-4356-8930-7be7355d484d,#-1:a1291aa8-c8ef-4483-bb67-383d8ea75039,#-1:10b7d459-ff14-4316-b57e-26531b09f3f2,0.9861780697788375,0.014882787022486514,-0.971295282756351,"[-0.9707625812646554, -0.9699746981018956, -0.9731485689025017]",-0.9731485689025017,False,-1,725,-0.9911971735590858,-0.9934261250488571,"[-0.9881607449994597, -0.9920046506289406, -0.9934261250488571]"
de5c0b6c-c2d1-4aa9-9442-c14a511834e0,#-1:708e9eae-c975-4dab-afa7-d4b28c9e229e,#-1:7b9d6d61-54e0-4665-b153-d6f1499569d6,0.9986968884074211,0.030687697767141104,-0.96800919064028,"[-0.9733401898878878, -0.9623711071290759, -0.968316274903876]",-0.9733401898878878,False,1,1415,-0.998396597814602,-0.999148459235265,"[-0.9985590338997039, -0.999148459235265, -0.9974823003088372]"
f3976b18-5b00-4f59-a136-23646ddaf962,#-1:4227cdb7-3568-436b-a1c8-13350984dc67,#-1:37af523c-14fa-4f6c-9620-1e5557c65227,0.969043743405864,0.0008886642497178261,-0.9681550791561462,"[-0.9735492720772367, -0.9707169979246972, -0.9601989674665042]",-0.9735492720772367,False,-1,1561,-0.8292429942405296,-0.8328486390406559,"[-0.8242138008716263, -0.8306665428093067, -0.8328486390406559]"
e591520e-ca81-4b64-9726-1546cfe40220,#-1:39ea29ab-3e38-4a2a-b29f-6e259da2e423,#-1:5b7b7c50-6451-413f-91c5-aa4de7f11be0,0.9673701286473945,0.0018986567823513851,-0.9654714718650431,"[-0.961457492837447, -0.9735560638642721, -0.9614008588934103]",-0.9735560638642721,False,-1,1464,-0.9928713927391831,-0.994142828250136,"[-0.9933716275253678, -0.9910997224420457, -0.994142828250136]"
2a4c352a-64c8-4ae4-ae39-caaca4ad4e8f,#-1:47f95cc1-a466-4317-b3f6-ff22edeccdea,#-1:1937b862-6de1-4301-824c-27428b6e6b15,0.9872030287838166,0.01651316445923523,-0.9706898643245814,"[-0.9661351642571532, -0.9722689104320735, -0.9736655182845174]",-0.9736655182845174,False,-1,284,-0.9995356436433055,-0.9996778091220699,"[-0.9992835158696434, -0.9996778091220699, -0.9996456059382031]"
69dd970a-98c0-4709-b5bc-9b625a45e315,#-1:690fccff-1f21-4e68-b081-651d557f7c5a,#-1:814de6d5-3053-4837-8a40-28c5c69b3f57,0.9728246269722317,0.0003412858875859281,-0.9724833410846457,"[-0.971901238953058, -0.9718698038114806, -0.9736789804893989]",-0.9736789804893989,False,-1,699,-0.9768441270380525,-0.979657643011125,"[-0.979657643011125, -0.975833003431088, -0.9750417346719443]"
3b4ebac3-c48c-441f-aa43-11223bf281d5,#-1:ce660b92-26a4-40f7-b905-d4bbc8a2ab76,#-1:27d12d01-54e9-4ba4-8518-59754a55d499,0.979560854890055,0.007829504215184155,-0.9717313506748708,"[-0.9691591921210525, -0.9721445101509588, -0.9738903497526012]",-0.9738903497526012,False,-1,417,-0.9995900702531634,-0.9997155332376186,"[-0.999351925989371, -0.9997155332376186, -0.9997027515325005]"
cf92c53d-2734-48ac-9865-50804928d5cf,#-1:b8955a38-90ca-48fd-891f-3d5dc3ac1ac2,#-1:0df6c8bb-43c3-4660-86e7-7ca3d85d99b9,0.9706749723874335,0.0009078596160949363,-0.9697671127713385,"[-0.9674559893875633, -0.9678303777174484, -0.9740149712090038]",-0.9740149712090038,False,-1,1315,-0.9983433343119966,-0.9994517946783862,"[-0.9994517946783862, -0.9990391601672539, -0.9965390480903495]"
bfda1ec8-506b-4caa-9634-70a7573c785a,#-1:0ef0ad64-c86e-416d-b8ec-c6a83ba5ba87,#-1:40d2e2dd-5724-479d-9466-33d812be60db,0.9879811049203396,0.018083571260526028,-0.9698975336598136,"[-0.9682046583001779, -0.9741038993710831, -0.9673840433081798]",-0.9741038993710831,False,-1,1221,-0.9992368419438772,-0.9995291952555388,"[-0.9986770670613534, -0.9995042635147393, -0.9995291952555388]"
b54cd3f7-266f-44d8-95a6-ac2e59164a27,#-1:512b2fbe-b124-4943-ad81-985c9806d9db,#-1:d169e19e-49ff-4363-b9bf-53ef6595b101,0.9728405487603088,0.0,-0.9728405487603088,"[-0.9743937524965547, -0.9703559508860727, -0.9737719428982988]",-0.9743937524965547,False,-1,1177,-0.8349864865087643,-0.8373219601639768,"[-0.8318594907315652, -0.835778008630751, -0.8373219601639768]"
ee170a83-b655-4e58-a1f6-7b23b1776554,#-1:01e442c4-65fd-488a-92f9-144c6998d215,#-1:a722ee32-10ae-4be3-bbe5-3a0de72dff25,0.9861261008409614,0.015020168164373009,-0.9711059326765884,"[-0.9745362958898398, -0.9713142791612667, -0.9674672229786584]",-0.9745362958898398,False,-1,1526,-0.999676511452158,-0.9997123170924397,"[-0.9996776514377941, -0.9997123170924397, -0.9996395658262401]"
22511643-ee90-46bb-b3f9-a1fb0d75b5fc,#-1:5bed3f09-d6dc-4de5-96e5-d0bfcf5d404f,#-1:14d24b74-472f-4bda-89cb-7c429464dcb4,0.9629479590775089,0.001569860170233306,-0.9613780989072755,"[-0.948523154957683, -0.9610702955086086, -0.9745408462555353]",-0.9745408462555353,False,-1,232,-0.9962342148468286,-0.9964982091706076,"[-0.9961898486555626, -0.9960145867143153, -0.9964982091706076]"
2083a6ce-3b2b-47fe-9176-5cc6ef0b54ed,#-1:9c69926c-bbc2-45ff-861a-183e51e9d4bc,#-1:603b0a7a-4b64-4aea-b578-0238348a16f2,0.9970049209034052,0.026591317919480606,-0.9704136029839245,"[-0.9751893314659235, -0.9692093214745262, -0.9668421560113245]",-0.9751893314659235,False,-1,225,-0.9988983991538952,-0.999080400544306,"[-0.999080400544306, -0.9987780632507379, -0.9988367336666416]"
264c3f56-832b-477c-a6fb-fe4cc71fb6e0,#-1:9bec7334-8e29-4606-ac1e-7b9677cda8aa,#-1:0b3c546b-f2c5-4493-98d1-1dcf85915295,0.973946765417888,0.0018442629657898267,-0.9721025024520982,"[-0.9699477142961895, -0.9711594251660368, -0.9752003678940684]",-0.9752003678940684,False,-1,257,-0.828440984495742,-0.8316064122925229,"[-0.8238579956281806, -0.8298585455665226, -0.8316064122925229]"
7f22e6f9-7de8-4956-a94c-73abf4acab0a,#-1:d622b255-5ce8-4806-94f7-51ceae33ffe8,#-1:1c57e5b0-eaa1-4340-bb83-c2beab7b33b5,0.9830440225597862,0.00980904467537564,-0.9732349778844105,"[-0.9735661539859951, -0.9707909018966653, -0.9753478777705712]",-0.9753478777705712,False,-1,830,-0.9998341281917137,-0.9998645247051947,"[-0.9998645247051947, -0.9997937172000778, -0.999844142669869]"
13518e25-d267-4fe8-886f-b1eff22f7ff7,#-1:e31cbd37-89c2-45ae-a054-839aab1a0a13,#-1:189b9e59-8600-4dc3-9ddb-403310bde363,0.9884580581005898,0.016771675169145923,-0.9716863829314439,"[-0.9752508960652397, -0.9644254527705663, -0.9753827999585256]",-0.9753827999585256,False,-1,140,-0.9996851932153076,-0.9997027515325005,"[-0.999679848067293, -0.9996729800461291, -0.9997027515325005]"
d9e792b6-1d57-4cf5-bee6-a7b7e28821c4,#-1:06326cc6-ef4f-44c2-b564-c8b9e098a158,#-1:3c59075e-365b-4dfb-899e-1fc67dbc45ad,0.973829949030545,0.0002739099277878838,-0.9735560391027571,"[-0.9709736397776999, -0.9738801287154782, -0.975814348815093]",-0.975814348815093,False,-1,1383,-0.828440984495742,-0.8316064122925229,"[-0.8238579956281806, -0.8298585455665226, -0.8316064122925229]"
aaed46fe-eb8f-41cd-83ca-41225a10df45,#-1:5e535879-114e-4e71-8a76-b00bf2c7ed74,#-1:6770a1c4-08e1-4f8a-beae-543bc7a5f8de,0.9810375677359855,0.01139716654596106,-0.9696404011900245,"[-0.9655403245339618, -0.9675312584545073, -0.9758496205816043]",-0.9758496205816043,False,-1,1106,-0.9990639381695771,-0.9991042444455994,"[-0.9990125169437573, -0.9991042444455994, -0.9990750531193743]"
f2d52663-11ba-469e-a9a2-3ef219f24bd5,#-1:a59cb045-3df5-40c4-ba44-738237d3a03e,#-1:0b35960c-dcdf-4c8e-b3b6-2bf52a54f6a4,0.9896622015698431,0.0178732789274535,-0.9717889226423896,"[-0.9760660368052151, -0.9634551033941114, -0.975845627727842]",-0.9760660368052151,False,-1,1554,-0.9993702838558923,-0.9994818602153525,"[-0.9994818602153525, -0.9991690075270012, -0.9994599838253234]"
0d88377d-9f12-4df7-8103-b7d1a46bc201,#-1:5181cd3b-6dad-43f3-b842-61ce8c31e61e,#-1:695a06e3-50b4-45bf-95d2-37c4529b0f41,0.9806746246863721,0.006287670666782677,-0.9743869540195894,"[-0.9719681469730935, -0.97653977491928, -0.9746529401663949]",-0.97653977491928,False,-1,95,-0.9944306116418801,-0.9957249837149874,"[-0.9942331030003606, -0.9957249837149874, -0.9933337482102921]"
de8fd2d3-d387-4bf9-853c-cda8c11b25fe,#-1:1e30eb6d-d2b0-487d-90fc-d4d69f178ee5,#-1:91b085d9-fe48-43c8-9ab9-507622e835c7,0.9717409974281681,0.00027390992778788376,-0.9714670875003802,"[-0.968775683521015, -0.9766109324438174, -0.9690146465363082]",-0.9766109324438174,False,-1,1417,-0.999174026256771,-0.9992670697051279,"[-0.9992471706587802, -0.9990078384064046, -0.9992670697051279]"
07e13e52-51f9-4b21-8d44-f4c0949a19cd,#-1:2aa01150-a1e9-4164-8513-fc7a531dd152,#-1:25e36abc-4604-4226-aa9e-875326540e04,0.9731774434908179,0.0010847457559610514,-0.9720926977348568,"[-0.9710223535644101, -0.9766275816604709, -0.9686281579796894]",-0.9766275816604709,False,-1,53,-0.9955896329747372,-0.9968103196202055,"[-0.9958183779386229, -0.9968103196202055, -0.9941402013653834]"
a4a34c8a-563b-42a4-bf38-c26b12f42e2d,#-1:6bbf7f1c-3259-4bca-9f8d-fea5854e2017,#-1:e4a09e89-3c9a-45eb-b5ea-b08a2f9c6e76,0.974554926678945,0.0,-0.974554926678945,"[-0.9759792398496062, -0.9766778273592266, -0.9710077128280022]",-0.9766778273592266,False,-1,1071,-0.9862329124173447,-0.9870941732586087,"[-0.9870941732586087, -0.9849289266799487, -0.9866756373134765]"
6ae734d6-e168-4a63-a91c-8c5b6206775c,#-1:48cc9781-00e4-46fa-8d33-92c90725a393,#-1:eabd7335-e25e-4b47-870e-51693a4065cf,0.9728301106072864,0.0006127714788357997,-0.9722173391284507,"[-0.9710569573974746, -0.9688953710709678, -0.9766996889169094]",-0.9766996889169094,False,-1,704,-0.9993561036058822,-0.999693086323209,"[-0.9993558185536969, -0.999693086323209, -0.9990194059407408]"
30609ea3-cbea-45a9-9f24-53fe054c2b81,#-1:0dadeebf-b385-4e5e-89d3-0a5736474b8a,#-1:d80e433e-edf9-4f18-91a9-baf136656326,0.9768878207377606,0.0011027428143053548,-0.9757850779234553,"[-0.9750232974568643, -0.9751104234458942, -0.9772215128676076]",-0.9772215128676076,False,-1,322,-0.9963804195080178,-0.9969443321190857,"[-0.9957283021989891, -0.9969443321190857, -0.9964686242059787]"
8bc1b126-ec65-46f2-8456-549c90a2157d,#-1:7c697281-992e-436b-ac4b-76bb763dc75a,#-1:7d18d2dc-5ce4-4ac6-8e7f-2b03373be2a6,0.9871258892770212,0.013867658707745275,-0.9732582305692759,"[-0.9713034169498541, -0.9773482459218688, -0.9711230288361049]",-0.9773482459218688,False,-1,909,-0.998833727276558,-0.99933478086858,"[-0.998477732609606, -0.99933478086858, -0.9986886683514881]"
6cf44cf8-eeb8-48e4-81cb-a9fe16ae2bba,#-1:0e97201f-3a44-447d-9b36-aca4314c3e26,#-1:ac625bfd-034d-4f1d-be9a-352b66cb4816,0.9772436042674716,0.0,-0.9772436042674716,"[-0.9770979308546623, -0.9770743191373104, -0.977558562810442]",-0.977558562810442,False,-1,720,-0.8348923199012317,-0.8366797334158438,"[-0.8322370188214528, -0.8357602074663982, -0.8366797334158438]"
7dcadf36-a3e1-486f-aceb-19dcd914ea6a,#-1:5e84398c-e3e2-43a2-bf83-e00920d4bf2f,#-1:b1531f3d-13ea-4f2f-a65c-c9e5dcc4131b,0.9692838980829493,0.002230542958073636,-0.9670533551248757,"[-0.9779313450242748, -0.9647140633811252, -0.9585146569692274]",-0.9779313450242748,False,-1,821,-0.9971550452352246,-0.99809978298009,"[-0.9961014575119257, -0.997263895213658, -0.99809978298009]"
1106eab8-ffa1-458e-bdb8-fbda1c3677c5,#-1:0320dbd9-c11b-42ac-9809-e526db0ff88a,#-1:b0b0f849-8d1e-4b8b-a649-965d450598aa,0.97626646120766,0.0004463085082488046,-0.9758201526994112,"[-0.9732274905407197, -0.9779552542066448, -0.9762777133508694]",-0.9779552542066448,False,-1,124,-0.9996258294498266,-0.9996537333009706,"[-0.9996383192544118, -0.9996537333009706, -0.9995854357940973]"
e22db5f1-35b9-4724-a077-e9abb9e7cc1e,#-1:6dbd5f61-295b-47a1-8409-ce4d5458e0d3,#-1:ebf69833-8ecd-463e-ae83-b0a290f4556c,0.9759470801292465,0.0,-0.9759470801292465,"[-0.9731384875675781, -0.9765688687157912, -0.9781338841043701]",-0.9781338841043701,False,-1,1447,-0.999271534183105,-0.9993580953461535,"[-0.9992471706587802, -0.9992093365443809, -0.9993580953461535]"
569ed331-5adc-473e-810e-b796ad3b2864,#-1:6c22300b-e11f-43d6-8f0c-f136ec488437,#-1:4c51a101-71f7-4fe4-a8bf-a998f04187c1,0.9722203831359361,0.00038871617731721353,-0.9718316669586189,"[-0.9680652064453175, -0.969229409315977, -0.9782003851145622]",-0.9782003851145622,False,-1,574,-0.987612016600757,-0.9884881294308981,"[-0.9873924293400199, -0.9884881294308981, -0.9869554910313532]"
1305bdfc-348e-488c-8665-5af3d8c5c174,#-1:b52759a8-f9ee-409a-82ec-6229c2f0744a,#-1:9d4d9e1c-35e0-49b4-9070-762be4b72a0f,0.9796156726271911,0.0018537708579052208,-0.9777619017692859,"[-0.977997529256932, -0.9782466346515809, -0.9770415413993447]",-0.9782466346515809,False,-1,136,-0.9992247847971439,-0.9992512079162053,"[-0.9992242411662765, -0.9991989053089497, -0.9992512079162053]"
0aed36ce-4e38-4397-98d8-431c26ac85ac,#-1:0e20040d-b69f-444d-86c4-8576129be516,#-1:e198e990-3fec-4494-ab78-2eb0f8d01238,0.9911315085851609,0.017470147055868305,-0.9736613615292925,"[-0.9784023872934693, -0.9720879528899803, -0.9704937444044279]",-0.9784023872934693,False,-1,82,-0.993203519032881,-0.9935675216433774,"[-0.9927441351793722, -0.9932989002758932, -0.9935675216433774]"
061be1a8-b2a7-4da2-b0f0-be3a8e0738eb,#-1:713f84b9-128b-4f24-8d0d-10dc6710be32,#-1:7b32f5ed-0d53-4c47-a01c-8c322029f014,0.9972680580969543,0.020520997417110123,-0.9767470606798442,"[-0.9768604935409947, -0.9787695115489974, -0.9746111769495402]",-0.9787695115489974,False,-1,41,-0.9995391978398445,-0.9997123170924397,"[-0.9994276514377941, -0.9997123170924397, -0.9994776249892995]"
e86b7b28-95fc-4077-a7c2-47681a8431fd,#-1:ed053556-d84b-4768-9615-c942ae3e0a8d,#-1:901d74d3-921e-4cdc-afe4-99054d15a282,0.9781502560608728,0.0011531392730840457,-0.9769971167877888,"[-0.975187472620363, -0.979394467183743, -0.9764094105592606]",-0.979394467183743,False,-1,1484,-0.9894590640824664,-0.9905046706282884,"[-0.9905046706282884, -0.9881432535510071, -0.9897292680681038]"
297793d6-107b-43dc-aa25-60c8613fcc44,#-1:73aff0be-91d0-4917-920f-55398724944e,#-1:096b5299-95fa-46b4-b1c0-ed50cc91ade6,0.978727227110149,0.0009119196012588128,-0.9778153075088902,"[-0.9794154842538711, -0.976680386423606, -0.9773500518491937]",-0.9794154842538711,False,-1,275,-0.9988890076069641,-0.9994202648746041,"[-0.9994202648746041, -0.9978852728257432, -0.9993614851205448]"
f9aabc82-2ac7-47e1-be97-a999626b9a86,#-1:0ec1b05a-4350-433b-9f80-34fc68d45029,#-1:e5293f0a-22f9-4f33-a747-f1c6547ffa8f,0.9779572910272054,0.0,-0.9779572910272054,"[-0.9779157148899039, -0.9794869433525739, -0.9764692148391382]",-0.9794869433525739,False,-1,1597,-0.9935148644429441,-0.9950573699444728,"[-0.99143711988779, -0.9950573699444728, -0.9940501034965697]"
eac33b96-2522-409e-a609-f85806e93b4c,#-1:6d881010-a27f-4eaf-abf9-9d6dd321de08,#-1:5daed405-3719-49e9-9786-569df926c486,0.9747818685842553,0.0,-0.9747818685842553,"[-0.9795572570270774, -0.9675356231007232, -0.9772527256249657]",-0.9795572570270774,False,-1,1500,-0.9970182109642746,-0.9983555972464887,"[-0.9974855081396519, -0.9952135275066828, -0.9983555972464887]"
cbb1d660-9b6a-4db0-b910-40e8e9850f11,#-1:24829285-2476-49f8-9463-af95d3dd8fbb,#-1:0958b8ba-170e-4ab6-a98c-a7ad125f2cfc,0.9974729021562071,0.019609486205900015,-0.9778634159503071,"[-0.9775579497356516, -0.9796461922516425, -0.9763861058636268]",-0.9796461922516425,False,-1,1290,-0.9958064872464396,-0.9973129331951591,"[-0.9970458894137416, -0.9930606391304181, -0.9973129331951591]"
69473e92-5b46-4f2d-8864-fd336329985a,#-1:b1502dd7-1ee8-4739-b59e-3e868e6a9e02,#-1:17348349-c33d-42de-b353-b5f80c1c0c6c,0.9766612616239709,0.0,-0.9766612616239709,"[-0.9762243198862397, -0.9796475825620219, -0.9741118824236512]",-0.9796475825620219,False,-1,695,-0.9987189277485046,-0.9991333807576708,"[-0.9988422634809779, -0.9991333807576708, -0.9981811390068653]"
0587d8ea-1976-437e-a0c4-5f57a5931ff0,#-1:c8811fcf-72e8-4eac-9f04-581f4df727d8,#-1:057c1da4-51ff-4261-b95f-0e7329a155d6,0.9920206709870988,0.0181487483779733,-0.9738719226091255,"[-0.9803587657677596, -0.9747564463184789, -0.9665005557411378]",-0.9803587657677596,False,-1,39,-0.993905657544779,-0.9947655213016648,"[-0.9927196180550958, -0.9942318332775766, -0.9947655213016648]"
4d72f6db-b49d-477c-adb3-b7e079c1d69d,#-1:4bd6a91f-062f-4f50-881c-b97b21ffd6ac,#-1:56f56e80-a58f-446d-b5f8-a886b83c7735,0.9927519591113955,0.014154624929440035,-0.9785973341819554,"[-0.9787183954776195, -0.9765146332650888, -0.9805589738031582]",-0.9805589738031582,False,-1,526,-0.9996155259802945,-0.999673432754455,"[-0.9995227315559179, -0.999673432754455, -0.9996504136305107]"
9780ea39-42d6-45c8-8f30-fcb935083be8,#-1:64e25b95-9b96-43a8-ad56-2f2c4488d47d,#-1:129b5ed3-2317-4d49-8538-3fa606fc9a4f,0.9827326249404561,0.0028872382739468954,-0.9798453866665092,"[-0.9806484451088286, -0.9805963197496689, -0.9782913951410299]",-0.9806484451088286,False,-1,976,-0.9991299028306971,-0.9991797041163739,"[-0.9990565058997214, -0.999153498475996, -0.9991797041163739]"
5983be6b-5dec-4003-9445-c67bd4b6f910,#-1:339ea9c8-a097-4be9-bed2-d7bdd19fde55,#-1:2917424e-c358-4d70-bc7f-663f42147ff9,0.9797491231339478,0.003989536804624918,-0.9757595863293229,"[-0.9713931611211355, -0.9808429060957631, -0.9750426917710696]",-0.9808429060957631,False,-1,592,-0.9974224461275806,-0.9982390185551111,"[-0.9982390185551111, -0.9958902640943816, -0.998138055733249]"
6d09edb3-c29a-4022-ba97-fabeccf8213b,#-1:1a314ea8-bd5a-4a94-9721-47baddf14179,#-1:8a666e7c-5952-4fa7-930b-01eacef5fe61,0.9972897011106481,0.02007430669729608,-0.977215394413352,"[-0.9808451765431013, -0.9727592941716767, -0.978041712525278]",-0.9808451765431013,False,-1,721,-0.9991658070961416,-0.9997155332376186,"[-0.998898102035547, -0.9997155332376186, -0.9988837860152592]"
1a9fd6c1-47c2-4ded-9c69-0eee7bb1158c,#-1:0950091f-e944-4c02-8aab-16e33ceec15b,#-1:b2377ae4-b691-47b5-9eb8-cfb81f0c0704,0.9995679384550972,0.024511065486225822,-0.9750568729688713,"[-0.9808689384365179, -0.9651879313948254, -0.9791137490752709]",-0.9808689384365179,False,-1,190,-0.977531292978146,-0.9789639574115564,"[-0.9755376651813126, -0.9789639574115564, -0.9780922563415692]"
04d6302e-17d6-4598-809f-b7e5138b5ddd,#-1:a8502ed3-c182-4665-9c63-6e89451951b4,#-1:bb8aa61f-9b3f-4221-bf2e-5c4bf9b98fa5,0.9825760298237429,0.0024347375136563013,-0.9801412923100866,"[-0.9797953943306531, -0.9797589701521449, -0.9808695124474619]",-0.9808695124474619,False,-1,34,-0.9991121374918907,-0.9995375263492308,"[-0.9994249235450913, -0.9983739625813499, -0.9995375263492308]"
5a54737c-4dff-4b9c-a5f8-06d869cc9b16,#-1:0a26a6ec-a4cc-4e25-a788-7d48cacec1c3,#-1:84a6a063-522d-43c9-918e-e11c7bac70bc,0.9848793803282571,0.011091156907774532,-0.9737882234204825,"[-0.967364069622448, -0.9810228140740727, -0.9729777865649267]",-0.9810228140740727,False,-1,599,-0.999052455543808,-0.999213751202041,"[-0.9990539735759306, -0.999213751202041, -0.9988896418534522]"
b35ac1f1-b6c5-428b-8ddc-5bf37a3dea9e,#-1:ec09e7e0-2129-4c56-93ff-d48416dd11d1,#-1:49703e4b-f106-4881-b4c6-c1eb79af618b,0.9998369308903428,0.023578252025917918,-0.9762586788644249,"[-0.977147203985748, -0.970596939198934, -0.9810318934085925]",-0.9810318934085925,False,-1,1161,-0.9997112823743756,-0.9997155623530073,"[-0.9997155623530073, -0.9997155332376186, -0.9997027515325005]"
e5d949f7-aabe-4fc9-9929-4ec7edf4d31b,#-1:38728f74-631a-4a6f-ba73-059c1b5ee651,#-1:d4bd9e5d-e530-4066-9717-ce494a22ec16,0.9826642886102505,0.008565763302471026,-0.9740985253077794,"[-0.9664876834041618, -0.9811373340560174, -0.9746705584631591]",-0.9811373340560174,False,-1,1467,-0.9676579628174687,-0.9711105430014951,"[-0.9631194266584575, -0.9687439187924536, -0.9711105430014951]"
1c41eb79-7fed-4cbe-bffe-c6b1edc09cfc,#-1:6258ac8d-8151-4417-99cf-6c47b307d2d1,#-1:86e51fa8-c385-41b2-8c64-5261a43a74b1,0.9765942644152861,0.0,-0.9765942644152861,"[-0.9812769874148919, -0.9711778227822971, -0.9773279830486692]",-0.9812769874148919,False,-1,198,-0.8349617983229071,-0.8373219601639768,"[-0.8318594907315652, -0.8357039440731792, -0.8373219601639768]"
edd44a56-0fa5-4d8e-b789-aa2f8d9868dc,#-1:84ab8c3e-62d9-4f03-b964-0dcd98959ed7,#-1:a702a397-7271-4c37-89b7-c69324c7894e,0.9928686198077022,0.01891605189065935,-0.9739525679170429,"[-0.9814536199771281, -0.9670878663851252, -0.9733162173888754]",-0.9814536199771281,False,-1,1525,-0.9983008177107532,-0.9987727561185435,"[-0.9983780371185424, -0.9977516598951733, -0.9987727561185435]"
0eefbf01-4afc-476a-9a80-a97f496b0f82,#-1:6b633a9d-0fd4-4973-9480-9e2f7ce9d67e,#-1:9efd8d84-fc03-4363-89a7-a4dd975f3ec7,0.9875707841633395,0.0098055181565081,-0.9777652660068314,"[-0.9749614612949894, -0.9818131437873211, -0.9765211929381841]",-0.9818131437873211,False,-1,107,-0.9997112823743756,-0.9997155623530073,"[-0.9997155623530073, -0.9997155332376186, -0.9997027515325005]"
63a5f8e9-912f-4f1e-9794-5f23b656680a,#-1:49174b9b-5bd0-48ff-9a1d-7bfd68cdc67f,#-1:29679cd2-7902-4907-af43-24dfb527a59a,0.9821943203424054,0.0003259139599120188,-0.9818684063824934,"[-0.9821446049344961, -0.9817017345472306, -0.9817588796657536]",-0.9821446049344961,False,-1,659,-0.9997007003637934,-0.9997155332376186,"[-0.9996838163212612, -0.9997155332376186, -0.9997027515325005]"
7b6045eb-91e8-4457-9f41-24220fb8d8e3,#-1:7d24ba97-c072-4611-9a08-918d54b61e7b,#-1:3529ef5c-1f2d-45bf-a46b-a692896930c4,0.9897151647678474,0.013006681163337254,-0.9767084836045101,"[-0.9828458729574376, -0.9726305195272358, -0.9746490583288571]",-0.9828458729574376,False,-1,806,-0.9807970057660113,-0.9817354085980149,"[-0.9817354085980149, -0.9795924487098109, -0.9810631599902078]"
ed3840c7-9fd7-43f6-a3bb-12c1cf403e6d,#-1:c8c441a9-fcee-4524-a2e9-c366a0243c75,#-1:4ec9e791-a365-44a9-93e6-677e039829b9,0.9804974002629961,0.0,-0.9804974002629961,"[-0.9828612602316612, -0.9773109713911453, -0.9813199691661819]",-0.9828612602316612,False,-1,1517,-0.9862570808232549,-0.9877033706676606,"[-0.9877033706676606, -0.9838923581342371, -0.987175513667867]"
b05d0d46-dfba-4550-a7db-0b48d93dea4e,#-1:93b0f31b-4cf7-4d8f-a50c-97b2261e9bf0,#-1:26182460-809c-4d27-884c-40d3dbd603c3,0.9999169303375965,0.020881759872749015,-0.9790351704648476,"[-0.9735584386870019, -0.9828741534110504, -0.98067291929649]",-0.9828741534110504,False,-1,1137,-0.9997665099728765,-0.9998689299915384,"[-0.9998689299915384, -0.999834121240482, -0.9995964786866091]"
4baefbee-4dd5-48a5-ac64-a845040da505,#-1:a6131368-2e6a-4eca-aacd-fbb6c0b7b7b5,#-1:c16a51a1-9224-437e-8b8e-56f584cdcf1a,0.9867259576645461,0.0054245124951690996,-0.981301445169377,"[-0.9829903919903199, -0.9826277215170511, -0.9782862220007594]",-0.9829903919903199,False,-1,512,-0.997144330137462,-0.9976882436722961,"[-0.9976882436722961, -0.9971225073325877, -0.996622239407502]"
d42abaaa-97a7-4bf4-bbde-19a5d6f1b61f,#-1:191dd214-380c-4171-9523-a72aab3bc8a5,#-1:16b00698-36be-420e-a0c6-383f43ce65eb,0.981042376293478,0.004222302800014122,-0.9768200734934639,"[-0.9677669209736159, -0.9796488449889902, -0.9830444545177853]",-0.9830444545177853,False,-1,1344,-0.9957788289409489,-0.99763126595815,"[-0.9954055741542374, -0.9942996467104596, -0.99763126595815]"
d7d6cab2-c7d8-433d-bc57-9faf6b3c60eb,#-1:1f8946c3-d40f-4326-92c6-2a7bc373973a,#-1:c5e0bb84-580a-4100-b0c3-0d23827d7a48,0.9898928296963853,0.009071415795466014,-0.9808214139009193,"[-0.9802015228621436, -0.9791295085980752, -0.983133210242539]",-0.983133210242539,False,-1,1366,-0.9831880116856961,-0.9857002590792877,"[-0.9818848188298338, -0.981978957147967, -0.9857002590792877]"
0fd54021-f64c-466d-8e83-4598ff5042c4,#-1:d0ea9519-481c-41f0-b375-3c598328bbbe,#-1:eb6f940a-82a1-483e-b2e2-048d51d01969,0.9768565371134458,0.00250856068324456,-0.9743479764302012,"[-0.972350364395387, -0.983297484822341, -0.9673960800728755]",-0.983297484822341,False,-1,115,-0.9978358765217675,-0.9985437335746352,"[-0.9985437335746352, -0.9984622075241693, -0.9965016884664982]"
464f6c59-aeb8-468b-bdf9-70eddae630bf,#-1:56ef99bc-84f4-417e-a951-5ddcce659ae4,#-1:e250d105-ce76-40f0-a620-44007a30665e,0.9963558750492965,0.0173294567680362,-0.9790264182812602,"[-0.9758393447882983, -0.9836821250687201, -0.9775577849867625]",-0.9836821250687201,False,-1,476,-0.9827481535085468,-0.9874515000758285,"[-0.9781971787683511, -0.9874515000758285, -0.9825957816814611]"
746304ae-6050-4920-8b5b-c37af8431c98,#-1:b7e71708-30fb-4dee-b1b1-9d42bbc179d3,#-1:31554143-7a11-4be4-8f0f-fc2ec5a04af6,0.9899166886282217,0.006756276893306328,-0.9831604117349153,"[-0.9837081282399301, -0.9823895606347068, -0.983383546330109]",-0.9837081282399301,False,-1,769,-0.8474693559013162,-0.8497528995289475,"[-0.8473479001855978, -0.8497528995289475, -0.8453072679894034]"
9c748b45-0160-4050-8a26-045cee62d9d0,#-1:5738fa7d-66e6-45dc-9497-9545c2b4f737,#-1:44b7a203-ea30-4d02-bb47-8b6ffce2853a,0.9875437281583158,0.0078039010681291154,-0.9797398270901867,"[-0.9743922110090015, -0.9809927823888852, -0.9838344878726731]",-0.9838344878726731,False,-1,1014,-0.9762954252915083,-0.9796139132128897,"[-0.9732007980912781, -0.9796139132128897, -0.976071564570357]"
b2b08680-aae7-4969-9e00-c28a1c9f0cac,#-1:8637029e-4a9d-4792-a839-a5ea19135e34,#-1:5cd9eca0-279d-4f98-a334-8b61224d23bf,0.9898584493555692,0.007413218928451593,-0.9824452304271176,"[-0.9839173762129357, -0.9802239223957164, -0.9831943926727009]",-0.9839173762129357,False,-1,1158,-0.9916853090239881,-0.9937312174107616,"[-0.9906463108019447, -0.9906783988592578, -0.9937312174107616]"
df76b8f0-c654-4978-94da-3be3d521c1b3,#-1:4cab67d2-8212-4243-ac33-d106b578b629,#-1:a07471c4-c2db-4266-94bb-1f7292bbf4cc,0.9818819233031181,0.0,-0.9818819233031181,"[-0.9841796889898397, -0.9801461117533325, -0.9813199691661819]",-0.9841796889898397,False,-1,1425,-0.9892592369636302,-0.9904917923062279,"[-0.9904917923062279, -0.9882446350126826, -0.9890412835719798]"
2bd45fbf-788f-41bb-9381-570d810f7e6e,#-1:cb8a4b29-24ba-4d0b-8f1c-f785a5efb145,#-1:35610f86-5513-4906-b1f1-5f7ea7590718,0.9842672040254334,0.001533059860089206,-0.9827341441653442,"[-0.9824375530108553, -0.981539306852671, -0.9842255726325063]",-0.9842255726325063,False,-1,294,-0.9997112823743756,-0.9997155623530073,"[-0.9997155623530073, -0.9997155332376186, -0.9997027515325005]"
ae62b03f-0bdd-49be-b044-fb1acafb6fb3,#-1:ade3ee55-6d2f-4029-834b-b5d40c62e781,#-1:dbc9463e-e858-41a7-9711-1ebdb89b08de,0.9827463428194122,0.00022934782608695654,-0.9825169949933252,"[-0.9843014456857424, -0.9795369786025026, -0.9837125606917311]",-0.9843014456857424,False,-1,1129,-0.9998475962051819,-0.9998645247051947,"[-0.9998645247051947, -0.999834121240482, -0.999844142669869]"
8a7b5af1-0524-4dc9-b779-2e871f23f21c,#-1:88b89d16-1b8c-4729-9bf6-0e3520a47f07,#-1:3d13a02e-ab2c-47f5-b8c5-be0c644e6afc,0.9802063562334862,0.0005346334722463901,-0.9796717227612398,"[-0.9796146651425243, -0.9843053249698789, -0.9750951781713164]",-0.9843053249698789,False,-1,897,-0.9912791031767406,-0.992626628211256,"[-0.9894970133684228, -0.991713667950543, -0.992626628211256]"
43516f29-42ee-45e4-ad53-bbdc6cbe237a,#-1:fe00d8f6-f052-4a1b-a0cd-272e405f68e8,#-1:9c1db454-fe73-4e61-afcf-9b1af93fba23,0.9981431687715921,0.02475310000898036,-0.9733900687626118,"[-0.9652707634058848, -0.9700564895330451, -0.9848429533489057]",-0.9848429533489057,False,-1,464,-0.9353050986952621,-0.9395928537690891,"[-0.9342392853175543, -0.932083156999143, -0.9395928537690891]"
3035bfd7-065b-4119-b0ff-481ee901e10a,#-1:11f01a2e-41e5-4620-b57b-8014ec148f93,#-1:8b439f04-e403-4e9d-9ad9-7d3efb0f5a5d,0.9921965388601715,0.009856173467436589,-0.9823403653927348,"[-0.9846629467165418, -0.9774588522351244, -0.9848992972265385]",-0.9848992972265385,False,-1,321,-0.9782117568858992,-0.9817871561451618,"[-0.9795858623077328, -0.973262252204803, -0.9817871561451618]"
7dcb13c7-211d-4a56-821b-94f39119964b,#-1:7f2ccdf1-b224-460a-b137-6433745bda21,#-1:ed8bd674-6755-4093-ae90-1426d113c352,0.9854202103428734,0.0020530480834024807,-0.983367162259471,"[-0.9809185993918268, -0.9841706122675672, -0.9850122751190188]",-0.9850122751190188,False,-1,822,-0.9997112823743756,-0.9997155623530073,"[-0.9997155623530073, -0.9997155332376186, -0.9997027515325005]"
af007e30-6639-4fee-9c5a-47d2f4f8b8c9,#-1:312607a1-3cfa-4210-925b-1a0d3ae9cde3,#-1:5594de18-2e43-4371-acff-cc73873ffeaf,0.9882492866477804,0.004927548703559401,-0.9833217379442211,"[-0.9851990860852012, -0.979612321353874, -0.9851538063935883]",-0.9851990860852012,False,-1,1132,-0.9992838462843764,-0.9994982090484126,"[-0.9989777326096061, -0.9993755971951106, -0.9994982090484126]"
30979ec6-06d5-4d2c-84e0-235097375882,#-1:c0bffed4-b6fa-4c61-932d-70be6a59a184,#-1:c6c23591-db8b-43f2-b431-554d3098fb10,0.9845127372869721,0.004038328268947072,-0.980474409018025,"[-0.9855160786069921, -0.9751386269964736, -0.9807685214506093]",-0.9855160786069921,False,-1,326,-0.9958114978312927,-0.9973256584128155,"[-0.9964357467706105, -0.9973256584128155, -0.9936730883104522]"
94876331-dc0d-4c22-a5b6-f08951d49159,#-1:e1b07b81-5da7-4015-bd02-d82759080614,#-1:b6c64d37-0cde-424b-96e8-39e3539aeb02,0.9834689556669653,0.0,-0.9834689556669653,"[-0.9830298229968643, -0.9815744523044727, -0.9858025916995594]",-0.9858025916995594,False,-1,955,-0.999273635023441,-0.9993580953461535,"[-0.9992828849444946, -0.9991799247796751, -0.9993580953461535]"
5435e13d-5771-4965-9b4a-9e6eac74bf60,#-1:e1db9238-03cd-4741-8c6a-d424d022960d,#-1:57224ad7-2a93-4f94-8962-5c0503b4e7a7,0.9840019845740686,0.001450754542435364,-0.9825512300316332,"[-0.9783077598523754, -0.9833197459455729, -0.9860261842969517]",-0.9860261842969517,False,-1,555,-0.9997112823743756,-0.9997155623530073,"[-0.9997155623530073, -0.9997155332376186, -0.9997027515325005]"
74d99b6e-96d7-49ca-9940-b09e2d28d483,#-1:ccd1bb9a-35ef-4ab0-8fb7-c98e02de13bb,#-1:0a286a94-0932-4180-a0bd-466e7863d335,0.9970977827121837,0.01466087832925117,-0.9824369043829326,"[-0.9827558557832923, -0.9861822310833833, -0.9783726262821222]",-0.9861822310833833,False,-1,773,-0.9916066630451352,-0.9920908149107627,"[-0.990835781525201, -0.991893392699442, -0.9920908149107627]"
0c159af5-a7c6-462d-8600-9b7ddb41e660,#-1:f03ad555-06f9-4386-9dd0-4373456660b9,#-1:df45c777-aec5-48ba-baec-337c6c571cb5,0.9942016523294339,0.012322147579424167,-0.9818795047500097,"[-0.9780252243336076, -0.9814127003570484, -0.9862005895593735]",-0.9862005895593735,False,-1,88,-0.9998124887237214,-0.9998267888561382,"[-0.9998267888561382, -0.9997963853914253, -0.9998142919236004]"
04cb5211-aaa9-49d5-ab04-a4cc3806179e,#-1:49d16caf-7f61-49a9-909b-56a42039345c,#-1:711e3c70-9a50-4ede-9259-85ed29c43e24,0.9924231142804595,0.007466177520398778,-0.9849569367600607,"[-0.9865293277576797, -0.9861553010990376, -0.9821861814234649]",-0.9865293277576797,False,-1,33,-0.9984742653325869,-0.9990304989106216,"[-0.9977976386211456, -0.9990304989106216, -0.9985946584659934]"
c55af928-0fc7-44c8-a11d-caf4a7bf9539,#-1:9035b082-90eb-4a4c-baaf-8c88a4721832,#-1:cb011bab-aa17-4ddd-8dfc-bd326d8d380d,0.9991291909441249,0.014378925130186097,-0.9847502658139388,"[-0.9826590045943733, -0.9865311404939858, -0.9850606523534573]",-0.9865311404939858,False,-1,1253,-0.9995938197909379,-0.9997155623530073,"[-0.9997155623530073, -0.9994729800461292, -0.999592916973677]"
8236882c-f483-4893-aaa3-dba96ce0f2ea,#-1:01010d70-fbc0-4c6b-9cc8-11c9e68299d1,#-1:b480e35f-18c6-4d2b-8ed5-5daa49c3c8e2,0.9930093804942698,0.010420021556831053,-0.9825893589374387,"[-0.985679720599324, -0.9865473877232678, -0.9755409684897246]",-0.9865473877232678,False,-1,842,-0.9994846673872955,-0.9997155332376186,"[-0.9992155623530072, -0.9997155332376186, -0.9995229065712603]"
da21ce51-1090-47ef-ba37-a2efd60c0168,#-1:51624681-5ad2-4406-94c7-b7946606b6dc,#-1:e4bf929f-1ffd-46c3-b081-e078b6c78d0a,0.9847398371690094,0.0001559440836836626,-0.9845838930853257,"[-0.9839505153742502, -0.9870887049728685, -0.9827124589088586]",-0.9870887049728685,False,-1,1386,-0.9997112823743756,-0.9997155623530073,"[-0.9997155623530073, -0.9997155332376186, -0.9997027515325005]"
21360899-abb1-4570-aaa7-930d14193f4d,#-1:675d92b4-318c-4e3b-9c3c-ce788b729372,#-1:c3061b9b-99d0-4531-8a0b-a974e07bdc99,0.9859281045947846,0.0003418820476998303,-0.9855862225470848,"[-0.9870916848295207, -0.9862412647504795, -0.9834257180612539]",-0.9870916848295207,False,-1,228,-0.9991818305272765,-0.9996022242475432,"[-0.9996022242475432, -0.9989269762142943, -0.9990162911199921]"
2c05fe8c-a197-45ae-9250-13e2ca8399ff,#-1:1b8cfe0e-88da-48a9-a6ac-9d75f2637619,#-1:24066d41-21fc-49d9-9344-f5c2578fd56c,0.9852742896564154,0.0,-0.9852742896564154,"[-0.9873280378526618, -0.9836514557195623, -0.9848433753970225]",-0.9873280378526618,False,-1,295,-0.9949513767036245,-0.9962458932661533,"[-0.9962458932661533, -0.9926181142691443, -0.9959901225755758]"
8d3b2d20-c204-4c8e-a5fd-56636f0892bb,#-1:f7024dd8-1023-421f-93ff-f861cc2dd74f,#-1:5f7b166f-5b35-44b2-97a8-8236ae35fee1,0.9938329838527241,0.009178795618234281,-0.9846541882344898,"[-0.9845704880412772, -0.9819557400043011, -0.9874363366578912]",-0.9874363366578912,False,-1,917,-0.9945262238783084,-0.9956940927302363,"[-0.9933862847217624, -0.9944982941829265, -0.9956940927302363]"
c8df7bd4-4082-4e8b-96d2-93de37723434,#-1:d4fba7b8-cae3-4466-943b-a05924098d01,#-1:2d2c7c20-ecbc-45b2-9277-b869c50c0640,0.9928118656164635,0.005619678349295263,-0.9871921872671683,"[-0.9871374725409374, -0.9869631343714231, -0.987475954889144]",-0.987475954889144,False,-1,1268,-0.9993508033547012,-0.9994250448406932,"[-0.9992532919495982, -0.9994250448406932, -0.999374073273812]"
e3714671-ee16-4689-81f5-90728830a7a3,#-1:40a21dc7-a282-4d1c-99a8-5ced3b94c0f6,#-1:593d4659-86ff-4d25-aa1c-c12de474c68b,0.9946484575603197,0.010856490445294215,-0.9837919671150255,"[-0.9848646752142824, -0.9874900002857375, -0.9790212258450568]",-0.9874900002857375,False,-1,1455,-0.9877261274938142,-0.9891653513790114,"[-0.9864135235908317, -0.9891653513790114, -0.9875995075115996]"
68b45e4c-8633-42f4-aee4-b957750cac63,#-1:e98e5380-840a-4105-b115-8ba501d08365,#-1:6a5e7bb1-40b5-4d40-9c65-d3a2796b2ea0,0.9869656450936932,0.0005401166916445161,-0.9864255284020487,"[-0.987731033259769, -0.9872585139134845, -0.9842870380328926]",-0.987731033259769,False,-1,690,-0.9995627871531955,-0.9996690754559802,"[-0.999373680065403, -0.9996690754559802, -0.9996456059382031]"
5da00a44-c2f0-4e79-b88f-7fb94ffccfca,#-1:0a3f51b1-efe0-4cdf-b853-5bd584a904f3,#-1:645a41c6-792b-45f1-bc70-2c445ea86af3,0.9914478495167581,0.007166975439304921,-0.9842808740774532,"[-0.9796125997458041, -0.9879114183120074, -0.9853186041745482]",-0.9879114183120074,False,-1,615,-0.9991871760549724,-0.9996544013113386,"[-0.9990567060931695, -0.9988504207604091, -0.9996544013113386]"
d837314b-1df0-4bf3-8818-02ee9f81d7b4,#-1:23b198d6-a5dd-4e7b-8b07-a2b823bebfd1,#-1:17b9dce9-7535-4085-8a04-5b84646613e3,0.9858865038966758,0.0,-0.9858865038966758,"[-0.9880546877636217, -0.984761448529383, -0.9848433753970225]",-0.9880546877636217,False,-1,1369,-0.9948495248517727,-0.9962458932661533,"[-0.9962458932661533, -0.9926181142691443, -0.9956845670200204]"
c9287568-a8fa-4494-a2c5-5d54fc3c7ac0,#-1:4d8eefe4-b6c5-43fb-b795-4d8c41a682ff,#-1:c849d20f-011c-42bc-9ca4-f4215d745208,0.9931340008044925,0.006225039533136935,-0.9869089612713556,"[-0.9884368109879028, -0.9850803433703307, -0.9872097294558333]",-0.9884368109879028,False,-1,1272,-0.9543004027895088,-0.9565647940495975,"[-0.9524039127702966, -0.9565647940495975, -0.9539325015486323]"
39852a36-fb01-4aa7-9ef2-b529e26f8969,#-1:e39d7da6-9097-4368-9340-903e24b1e8e5,#-1:771e865f-f6eb-4f36-9c26-d6841e063725,0.9969152638586899,0.010005062201611743,-0.9869102016570781,"[-0.9856728449469683, -0.9884828180435611, -0.9865749419807051]",-0.9884828180435611,False,-1,397,-0.9981488387840304,-0.9986610529599019,"[-0.9986610529599019, -0.9980826639339142, -0.9977027994582751]"
5b49cca4-855e-4609-bbff-d063de3ee736,#-1:ec4f1c8a-6683-4830-b57b-30db5c84ef0a,#-1:33070d03-5141-4f91-af7e-6472e7148cd7,0.994414972406051,0.008823426586633537,-0.9855915458194175,"[-0.9886055409843518, -0.9804618398547931, -0.9877072566191077]",-0.9886055409843518,False,-1,603,-0.9989481312815321,-0.9990255506414213,"[-0.9988846500945666, -0.9990255506414213, -0.9989341931086084]"
d68dc6f7-648b-4492-a332-8b845ca97987,#-1:d38e7363-4508-4f6a-9e89-909d0b0b8a4b,#-1:639ec729-50ed-499b-b81b-993c742abc7b,0.9838325644362422,0.0,-0.9838325644362422,"[-0.9886372278408911, -0.9789325547025669, -0.9839279107652686]",-0.9886372278408911,False,-1,1361,-0.9437105488866441,-0.945087097687738,"[-0.945087097687738, -0.9441219603570631, -0.9419225886151311]"
67bd2e10-69c4-4f13-9e77-546fb3a8aba4,#-1:c066956e-11a9-444c-91fa-ed747d356fdb,#-1:fc46e808-a946-4c77-860f-0486162d1f17,0.9971150383586127,0.010385419391181374,-0.9867296189674313,"[-0.9861406767206662, -0.988707565177869, -0.9853406150037588]",-0.988707565177869,False,-1,684,-0.9994256973450458,-0.9994524576309215,"[-0.9994524576309215, -0.9994217934360353, -0.9994028409681807]"
4eacbeb7-73a3-44e8-89de-748e7291a8f3,#-1:4fe1283b-7c83-4de2-9cd7-936fdece8a07,#-1:7dde16a0-9fb9-447c-800a-61c39009d626,0.9883109533983615,0.001205876133965622,-0.9871050772643959,"[-0.9856325585369776, -0.988911313795574, -0.9867713594606361]",-0.988911313795574,False,-1,530,-0.9986816030431495,-0.9990695816365933,"[-0.998229825633444, -0.9987454018594113, -0.9990695816365933]"
8628f7d7-e3f9-45fe-a8b7-c60de6723b84,#-1:ef437f1a-52a1-4f12-bd83-11c338d88eac,#-1:4aefea0e-487e-432b-a83b-116861ac8bf0,0.9859045207624889,2.5795231866408065e-05,-0.9858787255306225,"[-0.9870334871430398, -0.981654293068561, -0.9889483963802668]",-0.9889483963802668,False,-1,868,-0.9966550661148023,-0.9973655285038021,"[-0.9973655285038021, -0.9961311297007301, -0.9964685401398747]"
3a7265d0-2406-4775-98a8-8d7fb7338e03,#-1:5cd13fa1-362c-4893-aff4-1739c47d0362,#-1:7881aef3-8ed0-45bb-98dd-892ae90a6a68,0.9873839419594749,0.00027390992778788376,-0.987110032031687,"[-0.9891123225075744, -0.9841205238135219, -0.988097249773965]",-0.9891123225075744,False,-1,410,-0.8328824465301891,-0.8334297334158439,"[-0.8318370188214528, -0.8333805873532708, -0.8334297334158439]"
06e56ef3-81ba-47b8-85e6-f9145cb5b5b8,#-1:8de6229c-5fae-4cc0-a2c5-c350125f5e01,#-1:b83ddf92-d532-4faf-a2a8-968315918bb6,0.9968523647859816,0.014297384317045553,-0.9825549804689361,"[-0.9816120424777509, -0.9891807578503472, -0.97687214107871]",-0.9891807578503472,False,-1,47,-0.9957144212769208,-0.9967376356271768,"[-0.9954882911419596, -0.9949173370616258, -0.9967376356271768]"
4994531f-328b-4403-ad91-0c9bab38630f,#-1:4cfbcf4b-b685-4501-8f3e-bee4b63db2eb,#-1:78df1ae2-8874-4111-b795-4eebe0862183,0.998871197653978,0.016674998458064912,-0.9821961991959132,"[-0.9784335937287717, -0.9787136252848183, -0.9894413785741494]",-0.9894413785741494,False,-1,500,-0.9914706230763698,-0.9932243488813017,"[-0.9932243488813017, -0.9918935141143184, -0.9892940062334894]"
3b37afad-1825-43f5-b4eb-77e121a012ad,#-1:48d0cda2-40d9-489c-b887-f158d3b75cf2,#-1:f6916846-39da-40fa-ade9-4c35fe6ef992,0.9937902071023427,0.006448740826601659,-0.987341466275741,"[-0.987587306658115, -0.9897082295963272, -0.9847288625727808]",-0.9897082295963272,False,-1,416,-0.9989977054520942,-0.999263371938068,"[-0.999263371938068, -0.999206785360009, -0.9985229590582054]"
8abe0f6a-819e-4262-b370-6a4c2c12006b,#-1:057d4054-81e8-4d92-9b46-11d993603a71,#-1:9da10a44-ea41-4e92-a80d-56c8de7c5968,0.9933098007375581,0.0050094243000020095,-0.9883003764375561,"[-0.9855798412001907, -0.9898312084836026, -0.9894900796288749]",-0.9898312084836026,False,-1,902,-0.9936341036782483,-0.9938497917083863,"[-0.9938160426487695, -0.9932364766775891, -0.9938497917083863]"
587ece07-afd8-4a42-b471-496d3680a111,#-1:f74887f2-03d9-4f38-8b63-084a215bcfe9,#-1:45b397ec-f39a-4a37-a3eb-db805acacbc2,0.9998117856674625,0.015488249134245796,-0.9843235365332167,"[-0.989928909579045, -0.9828881555123852, -0.98015354450822]",-0.989928909579045,False,-1,585,-0.9993074003898043,-0.9994553127184641,"[-0.9994553127184641, -0.9993860257514346, -0.999080862699514]"
60cee567-ad17-4c0b-95e0-7d5ac2073a8f,#-1:35f19ac5-8c6d-44af-83f0-265fc0f009d9,#-1:b78416fe-2503-4e78-8e30-81e8cf1f6a63,0.9984734754483089,0.009645495513212024,-0.9888279799350969,"[-0.9875560563827632, -0.9901082381906966, -0.9888196452318309]",-0.9901082381906966,False,-1,642,-0.9939419801534032,-0.996884937187067,"[-0.996884937187067, -0.9921079113443714, -0.9928330919287709]"
c74e6013-3d6e-424d-b884-be5bc288dac9,#-1:678d0bf6-abd6-4b68-b44d-0902c2078a7b,#-1:68e425d6-7631-4277-80cf-cd618cd829b5,0.9898262041743,0.0,-0.9898262041743,"[-0.9902720880373266, -0.989401037631737, -0.9898054868538364]",-0.9902720880373266,False,-1,1264,-0.9972876668032656,-0.997791928140993,"[-0.9973425132548139, -0.9967285590139899, -0.997791928140993]"
b22a1ae9-30c2-4c75-ad4e-5d1a4444f70c,#-1:c7a51ebd-6c2b-4f6e-8e7d-48133411d0a0,#-1:50eda24a-8866-48c9-b750-be8a62e1d7e4,0.9965483700359986,0.00961825176871043,-0.9869301182672882,"[-0.9845747106798797, -0.9856502868146889, -0.9905653573072959]",-0.9905653573072959,False,-1,1153,-0.9995135524609063,-0.9996448503320075,"[-0.9993160598777393, -0.9996448503320075, -0.9995797471729724]"
4419dc56-6cb8-47fc-8628-44217a035878,#-1:1d35a16d-34f0-46ba-8d58-0fbb6197b636,#-1:41c66474-b077-4402-a1df-1f14df031045,0.99066053566172,0.0002739099277878838,-0.9903866257339321,"[-0.9905539969395288, -0.990039913586172, -0.9905659666760953]",-0.9905659666760953,False,-1,468,-0.9980370165529718,-0.9993580953461535,"[-0.9978022876313105, -0.9969506666814515, -0.9993580953461535]"
0d84cff4-127a-4c5b-8d7f-60db5bbe9218,#-1:ca207134-4b51-4e1d-8117-cd614ac3aff6,#-1:6e52a75c-fcc2-4979-b065-12e82cebb861,0.9873070937079399,0.0,-0.9873070937079399,"[-0.9908613461219992, -0.9850964647404576, -0.9859634702613627]",-0.9908613461219992,False,-1,94,-0.843860499362396,-0.8485062733314294,"[-0.8425068148499419, -0.8405684099058167, -0.8485062733314294]"
a54af680-3dc0-4a49-91fb-911ae9f91445,#-1:f19dcc21-e015-4f8e-a277-a54d0211800d,#-1:c830ade2-1a3c-4a37-ada6-7ecbde9de793,0.9999845197416614,0.01117604487274887,-0.9888084748689125,"[-0.9911507964048164, -0.9862000665069912, -0.9890745616949304]",-0.9911507964048164,False,-1,1077,-0.9993966380097271,-0.9994868507069045,"[-0.9992503240482025, -0.9994868507069045, -0.999452739274074]"
ebffbfe5-2947-4517-bf74-cbdf7f39ae51,#-1:6ae5bfcf-daeb-4ab6-aff9-6f7dc9523b2a,#-1:1c8acaef-b957-45bf-9ccb-031a47e2dbd2,0.9915280530761871,0.0008581393519571148,-0.99066991372423,"[-0.989440211055285, -0.9913572523001933, -0.9912122778172111]",-0.9913572523001933,False,-1,1511,-0.9990069357138913,-0.9993067060931695,"[-0.9993067060931695, -0.9990299079398961, -0.9986841931086083]"
65b55e8b-e971-4135-8232-a5040e878a60,#-1:f2d43ca9-7ded-4044-a11d-23f5d835d1d9,#-1:c20dacc5-5b24-4e11-a77f-93151a699857,0.9899074598478848,0.00022804102700427548,-0.9896794188208805,"[-0.9906592652749567, -0.9916008350638543, -0.9867781561238302]",-0.9916008350638543,False,-1,672,-0.968865402170338,-0.9705435661056139,"[-0.9672828439982851, -0.968769796407115, -0.9705435661056139]"
880c2ce5-f4e7-4078-a689-f5c9e61330ef,#-1:99cc2c76-e4f7-4d9a-abce-30f4cfd50c6e,#-1:670e677c-f9b0-4af2-90dd-a6cf22089041,0.9906306869107485,0.0,-0.9906306869107485,"[-0.9911268983739977, -0.9890843217057353, -0.9916808406525123]",-0.9916808406525123,False,-1,881,-0.9782963993762195,-0.9810101010204489,"[-0.9799256354222851, -0.9739534616859243, -0.9810101010204489]"
a110f4b8-813e-4e20-8471-ed81f3200bb9,#-1:d88f8eff-82ab-4164-a0d8-7c6cc953e932,#-1:01e6a0c1-f8c8-4638-9637-2e4d9a96c69a,0.9885322218754603,0.0,-0.9885322218754603,"[-0.9917244551645464, -0.9882959617524626, -0.9855762487093718]",-0.9917244551645464,False,-1,1051,-0.9825995805867854,-0.9829098305053435,"[-0.9823637672856527, -0.9829098305053435, -0.9825251439693604]"
4fb4497f-330a-44bf-b527-5a71a01885dd,#-1:f6ac954a-9a8d-4ae5-b236-7782ffa426b2,#-1:bdcf2b0c-9ead-401f-bcb2-da0902bf1fbb,0.9915335664543368,0.0,-0.9915335664543368,"[-0.9921178359075398, -0.9914734082789173, -0.9910094551765534]",-0.9921178359075398,False,-1,533,-0.999273635023441,-0.9993580953461535,"[-0.9992828849444946, -0.9991799247796751, -0.9993580953461535]"
f8604bbd-4299-4cc0-9822-bfaec5ac7fc0,#-1:a1b9c0d2-d71d-4cfd-b890-37043986b798,#-1:49bc5150-9193-4848-969e-ca58b787b515,0.9979353991603747,0.0064234459712353914,-0.9915119531891393,"[-0.9902577097031301, -0.9922166454760817, -0.9920615043882063]",-0.9922166454760817,False,-1,1594,-0.9904766567474423,-0.9919461693385981,"[-0.9919461693385981, -0.9897798583649697, -0.9897039425387592]"
624ceff2-b592-4082-9385-0b43ba5334dd,#-1:fb7b9625-3d87-4b7a-994b-e1838538f609,#-1:1e590a05-8a85-4777-93af-17cd721ef12b,0.9993480839460006,0.00932267994452123,-0.9900254040014794,"[-0.9922980490852047, -0.9912797443763398, -0.9864984185428938]",-0.9922980490852047,False,-1,656,-0.9818248978602505,-0.9838582718665241,"[-0.9811768952253692, -0.980439526488858, -0.9838582718665241]"
07e3a565-218d-451a-b54b-8da148f65d73,#-1:499e1e5d-9d29-4328-92fb-4690def6b1cc,#-1:2065f50b-cf69-4f9d-8a8f-bc4f29b8c441,0.9999017074132818,0.00922008666727151,-0.9906816207460103,"[-0.990664519958259, -0.9888297963260231, -0.9925505459537486]",-0.9925505459537486,False,-1,54,-0.9959218190513349,-0.9961363273930045,"[-0.9960789907946609, -0.9955501389663393, -0.9961363273930045]"
f82dee20-8330-418f-b8fa-cf0fc78fa142,#-1:97925f64-48b3-45bd-91a9-ed5efb45f2b3,#-1:ea32bf09-c3af-4761-a8ce-a1c21c3cb01c,0.9926883695647358,0.0010999330557651616,-0.9915884365089707,"[-0.9903212904635874, -0.9915425880630576, -0.9929014310002667]",-0.9929014310002667,False,-1,1592,-0.9995627871531955,-0.9996690754559802,"[-0.999373680065403, -0.9996690754559802, -0.9996456059382031]"
ad1b4f10-cb10-413d-9623-a70c29cf4a99,#-1:9fd4529b-6eec-446b-aa2e-7e474352f833,#-1:90b6d011-5a9e-48e4-9318-676fa269324c,0.9985642364029177,0.007212824932808366,-0.9913514114701093,"[-0.991304764165409, -0.9929163846789043, -0.9898330855660148]",-0.9929163846789043,False,-1,1118,-0.9505931133329204,-0.9570806991451286,"[-0.9415677780228837, -0.953130862830749, -0.9570806991451286]"
0910bffc-fe28-4e11-87fc-e64d78820558,#-1:91449dc8-d142-452e-acb4-4ecc005764a9,#-1:f3ca0491-0a7d-4eef-af05-b36794651d58,0.9977823148076647,0.006291499998352061,-0.9914908148093126,"[-0.9931051276593599, -0.9904193226418692, -0.9909479941267086]",-0.9931051276593599,False,-1,63,-0.9936609841324803,-0.9963014405841674,"[-0.9963014405841674, -0.9902336689201291, -0.9944478428931445]"
110f0be4-2c8e-40fe-bf97-ba8a82bf5a45,#-1:04b9e73a-a826-41f3-b167-14776de15ae7,#-1:31af12a6-9156-4578-b5f7-4751c3c880fa,0.9969106461541318,0.007875931717948554,-0.9890347144361833,"[-0.9840149590151067, -0.9899339392712768, -0.9931552450221665]",-0.9931552450221665,False,-1,126,-0.9872777439580598,-0.9886836185544202,"[-0.9882837786826963, -0.9886836185544202, -0.9848658346370626]"
ca83413b-10f6-4235-8aa6-3ec6458fd934,#-1:36b6cc3f-e4e6-49fc-8cfc-543d00ba21f0,#-1:04cbd622-1939-4f36-90e5-9b016c52cd98,0.9992010124646541,0.0061520373410854584,-0.9930489751235686,"[-0.9931442081293648, -0.993210890489674, -0.9927918267516671]",-0.993210890489674,False,-1,1281,-0.9797330965557965,-0.9829357452310313,"[-0.9771872335087912, -0.9790763109275668, -0.9829357452310313]"
3146f62a-886e-4b18-bc7c-935668d5eb36,#-1:dc4818e3-0fde-4337-a4f5-6ad5355e962a,#-1:6cefb9af-c358-47e9-ac96-860cc4ab5146,0.9917011509641531,0.0,-0.9917011509641531,"[-0.9935052408943366, -0.9906816041517744, -0.9909166078463483]",-0.9935052408943366,False,-1,330,-0.9996253739829597,-0.9998645247051947,"[-0.9998645247051947, -0.999834121240482, -0.9991774760032024]"
f3fabaf1-129c-448b-9712-5ac1e9c40d3a,#-1:e39f0084-b25c-4e8e-8dcf-3d02e8a56c67,#-1:d40f874c-41a6-4ce0-bd43-ed231a64f550,0.9930886683372638,0.000976896499590993,-0.9921117718376729,"[-0.9932724071135026, -0.9894548323220622, -0.9936080760774535]",-0.9936080760774535,False,-1,1566,-0.9711082527544773,-0.9728050882290213,"[-0.9684997642857488, -0.9728050882290213, -0.9720199057486617]"
f5ad73e7-eb40-4753-a2f8-1474c86a0b02,#-1:8c4f8fef-021f-4028-8165-0d23cf6caad3,#-1:c27ff0b9-3fd3-49ae-8510-df8d823d26ea,0.9991771150111637,0.006822376901743066,-0.9923547381094207,"[-0.9922577097031301, -0.9937224670544991, -0.9910840375706325]",-0.9937224670544991,False,-1,1576,-0.9890545290474076,-0.9894408061919019,"[-0.9890143511567799, -0.9887084297935412, -0.9894408061919019]"
e7d2674c-be78-4b7e-8a5a-085dfbb167ff,#-1:d0a020a0-36c7-49f3-b2b0-9ba86ffc02f4,#-1:d6cfa099-f81a-450b-8f4f-acfe8e467970,0.9926777029447784,0.0025410101836389545,-0.9901366927611395,"[-0.9872478121658559, -0.9937276865151775, -0.9894345796023849]",-0.9937276865151775,False,-1,1476,-0.9195802941196914,-0.9237077966382978,"[-0.9168809428362275, -0.9181521428845488, -0.9237077966382978]"
e5ec169d-f821-4e52-a459-31f6b05a90f7,#-1:20a171ba-6ecd-4ffb-b68e-ed43d8a4e9c4,#-1:fe857a9a-22e9-47c8-ae37-83915ec92dca,0.9959145795586294,0.00362676991702115,-0.9922878096416082,"[-0.9902366974263751, -0.9928959245439939, -0.9937308069544557]",-0.9937308069544557,False,-1,1469,-0.8728997270198794,-0.8733686797347314,"[-0.8720500568687921, -0.8733686797347314, -0.8732804444561147]"
7541970c-8938-43c5-a8dd-aca5b5bad3e5,#-1:4e305fe0-fc6b-4ead-812f-9e5e41943137,#-1:496adb8a-8936-442f-b91a-b641e530a55b,0.9939741779795744,0.0019558805592264283,-0.992018297420348,"[-0.9894809618301735, -0.9927093844888359, -0.9938645459420348]",-0.9938645459420348,False,-1,774,-0.9983728765429939,-0.9988433140947743,"[-0.9988433140947743, -0.9980464683437058, -0.9982288471905015]"
81987db7-153f-4085-bb3f-1df5b7803ca6,#-1:2ac43bb9-1fc9-4112-bad7-48128c9387c3,#-1:e49645ac-baa5-46f7-ba39-8a4b631cd8e0,0.9972282088579099,0.004059250269756754,-0.9931689585881531,"[-0.9938072929624989, -0.9938896939447044, -0.991809888857256]",-0.9938896939447044,False,-1,839,-0.9842191043433556,-0.985944622665145,"[-0.985944622665145, -0.9831298042889368, -0.9835828860759847]"
32fe38ff-625c-4e67-9f4c-f07dc5a0bc57,#-1:a8e03d9f-3cf0-49b5-96fe-fdf4b0a5495c,#-1:7db8e0f2-8e57-4813-96ff-883127f3deed,0.9990485246324311,0.006298327324777982,-0.9927501973076531,"[-0.9930215927270976, -0.9939283915996778, -0.9913006075961839]",-0.9939283915996778,False,-1,341,-0.9917813161640187,-0.993276509004689,"[-0.993276509004689, -0.990408429793541, -0.991659009693826]"
95e79fbf-5af4-4dd4-aa8e-a3a04e268238,#-1:81346cb4-686b-4853-8029-7fa1246a7f52,#-1:d214c9d8-16d7-47c9-adaa-559852ba5371,0.9991106481362397,0.005756342076395919,-0.9933543060598438,"[-0.9926390259317657, -0.9934544828469536, -0.9939694094008122]",-0.9939694094008122,False,-1,968,-0.9985023480786263,-0.998807443478641,"[-0.9982499153573263, -0.9984496853999113, -0.998807443478641]"
29507790-4708-4a6c-822c-8343a1ed784b,#-1:6003bc66-3f92-472b-8bd8-ca1ae181db13,#-1:1d420bb6-8b5a-45b0-9bbd-6b0a242246e2,0.9989328620837469,0.0058404288291436365,-0.9930924332546033,"[-0.9941006318188197, -0.993415006925044, -0.9917616610199456]",-0.9941006318188197,False,-1,274,-0.9885951951159561,-0.990960225328582,"[-0.9890692645105864, -0.9857560955086999, -0.990960225328582]"
d89f7186-8922-4ea4-a6c1-f6192766c628,#-1:e5fc77e5-5032-4df7-a309-b33dc57d7800,#-1:20347008-80be-44d7-b988-3cf28bb38a4f,0.999195942618461,0.006006803515116563,-0.9931891391033445,"[-0.9943090677671775, -0.992392473742618, -0.9928658758002379]",-0.9943090677671775,False,-1,1373,-0.9847682095909093,-0.9861433931386792,"[-0.9846680415895991, -0.9834931940444497, -0.9861433931386792]"
32ec8c4c-00c9-45ad-b63e-754fec44b407,#-1:177db4ef-6f36-4ac7-8601-5f0217f24ff8,#-1:72e89a13-999e-49d5-b85a-10baa1008d23,0.9953593855330852,0.0016152479241845006,-0.9937441376089007,"[-0.9936262362418863, -0.9943141764918085, -0.9932920000930076]",-0.9943141764918085,False,-1,340,-0.9613037049605208,-0.9640820276440756,"[-0.9602627390401026, -0.9595663481973841, -0.9640820276440756]"
113e97d5-ac70-40f3-a431-f33fff684c42,#-1:d60b9245-8db6-46c0-ac4e-e89a9e5a34b2,#-1:81e69cbd-6a3f-47c4-bf83-0175b3f978de,0.9990452018030149,0.006660173486971603,-0.9923850283160434,"[-0.9909863540070316, -0.9944989032185931, -0.9916698277225056]",-0.9944989032185931,False,-1,128,-0.9935320518682649,-0.9949156312950392,"[-0.9923396062879002, -0.9933409180218553, -0.9949156312950392]"
36dcb890-277a-4e8d-a3a9-f870f9230246,#-1:34e7aaa3-8150-405c-a2cc-5daae019145d,#-1:9eb3794a-a5a0-41c9-a585-1bc1b4120432,0.9973537887009138,0.0045587828270087375,-0.9927950058739051,"[-0.9933518032923244, -0.9905123842291111, -0.9945208301002798]",-0.9945208301002798,False,-1,372,-0.9878086049654827,-0.9905079751834462,"[-0.9845491291783518, -0.9883687105346504, -0.9905079751834462]"
7c00c6bc-fd6d-4a5e-bd82-19c57719ab10,#-1:8efe323c-dfe4-42f1-af14-8ce4e25aa13a,#-1:3c5cac0d-2b19-4378-8d04-cbd478fa0fdc,0.9949694861656496,0.0015944913764306687,-0.993374994789219,"[-0.9921834497929916, -0.9933556830324636, -0.9945858515422017]",-0.9945858515422017,False,-1,810,-0.9934561790842676,-0.9939153892961821,"[-0.9932581312871435, -0.9939153892961821, -0.9931950166694773]"
bdb5e886-1488-4372-84cf-431d6c3c825a,#-1:0495ba28-55ef-45f2-951c-30bd250751c7,#-1:1bb52825-50a2-4188-bf99-6d6569acdad0,0.9996898039311964,0.005664290079543405,-0.994025513851653,"[-0.9928362748593679, -0.9945842818744111, -0.9946559848211801]",-0.9946559848211801,False,-1,1212,-0.9861302286918731,-0.9879206092535935,"[-0.9839445832837987, -0.9879206092535935, -0.9865254935382268]"
490e42e1-aecf-4cd7-a605-0f237251abbf,#-1:e2ceb008-cd8e-4970-b014-639a25f03d30,#-1:ddc7b5b3-a3d2-4643-8399-ae549a3208d0,0.9975937357991519,0.003496366929758809,-0.994097368869393,"[-0.9941754571024801, -0.9933047948472209, -0.9948118546584783]",-0.9948118546584783,False,-1,498,-0.9989550835518854,-0.9992687607308066,"[-0.9992687607308066, -0.9984090509484319, -0.999187438976418]"
31630980-98b5-4db6-a7f5-4b32e3322a6d,#-1:fb2a35bc-6c4f-45d6-8025-f8f11db7af9f,#-1:0b2b17b6-2240-4647-b7f6-c09a1b9bc5b2,0.9971257507625516,0.0038700899804794027,-0.9932556607820722,"[-0.9932744345594372, -0.9949747902941773, -0.9915177574926017]",-0.9949747902941773,False,-1,331,-0.9997112823743756,-0.9997155623530073,"[-0.9997155623530073, -0.9997155332376186, -0.9997027515325005]"
5ebb158a-2720-4dd1-a991-7e0a125a3cf3,#-1:bae24609-7061-4ba4-bdce-5375b140cb55,#-1:69795315-a539-4f91-b7e2-97ecd4d63a5b,0.9953421550756588,0.0023348331082850044,-0.9930073219673738,"[-0.9923232607594152, -0.9917221610171687, -0.9949765441255375]",-0.9949765441255375,False,-1,631,-0.9956345775159772,-0.9977755326667644,"[-0.9925455889303699, -0.9977755326667644, -0.9965826109507969]"
66c2e992-5f2a-4160-af28-d39870695b98,#-1:c4ffa0f0-dde0-4758-99e7-ddcb22943503,#-1:b63b9e99-b20a-43e1-aec0-0e34b76dee3e,0.9942701939280439,0.0,-0.9942701939280439,"[-0.9938922315094522, -0.9951196968137962, -0.9937986534608835]",-0.9951196968137962,False,-1,677,-0.9920421591810528,-0.9954716376634613,"[-0.9954716376634613, -0.9886035350666859, -0.9920513048130112]"
2707d57b-ad0b-40b1-9e17-d844b109bd7c,#-1:832de184-cd53-4361-a8e6-76937734b365,#-1:1e957c28-0e2e-45c1-8a83-5cad209b4114,0.9949427431167613,0.0007271424441602985,-0.9942156006726011,"[-0.9951568765907854, -0.9930734616695035, -0.994416463757514]",-0.9951568765907854,False,-1,260,-0.987546984986278,-0.9883138349835555,"[-0.9867770294452044, -0.9883138349835555, -0.9875500905300744]"
d25b00e7-0889-4896-b2c4-72ce68f6ad81,#-1:ede298c9-fdab-4455-9eca-1a452d24c453,#-1:f6fbcaef-6150-4a0c-88b3-e929ea9b1eb3,0.9992687324937082,0.005160388586304922,-0.9941083439074032,"[-0.9952251520745579, -0.9942166454760817, -0.9928832341715699]",-0.9952251520745579,False,-1,1335,-0.990888886371589,-0.9923876201158002,"[-0.9923876201158002, -0.9896798583649696, -0.9905991806339972]"
9114c582-9281-4b7e-96be-8e5568eda304,#-1:55ac5502-50cf-42e9-bc2f-51aae8bc81ca,#-1:d773f326-c330-40ac-9935-f4dbe3130e98,0.9992687324937082,0.005060948366686169,-0.994207784127022,"[-0.9952251520745579, -0.9943141627358754, -0.9930840375706325]",-0.9952251520745579,False,-1,938,-0.9906810042171803,-0.9911485890371895,"[-0.9911485890371895, -0.989908429793541, -0.9909859938208103]"
fb18bae4-c713-47d3-ab92-383d6e8b878e,#-1:5f5391aa-7157-4206-bf71-35982eb6ea62,#-1:a65f2d12-d882-457e-a626-6dc85929a917,0.9954305047103961,0.0004367159822371238,-0.9949937887281589,"[-0.9953148067170864, -0.9957276483066697, -0.9939389111607209]",-0.9957276483066697,False,-1,1604,-0.9977151546075227,-0.998863640646827,"[-0.998863640646827, -0.9959407571933233, -0.9983410659824177]"
6c99668c-0d3b-440a-bd71-79c8790b6834,#-1:519fc66f-08d6-461f-9d07-c56c476deb4b,#-1:d6b42c7a-9da9-4c09-8459-d66246016688,0.9946583165627345,0.0005478198555757676,-0.9941104967071588,"[-0.9936665668345768, -0.9928781193533064, -0.9957868039335928]",-0.9957868039335928,False,-1,717,-0.9992911341758747,-0.9993580953461535,"[-0.9993059706370894, -0.9992093365443809, -0.9993580953461535]"
8885237b-3977-40cf-ad80-5c8e10322753,#-1:02b2223b-e086-4561-9d79-f7da45f8ad47,#-1:bdd6e0f9-8913-4bca-98e5-42f67f2685b4,0.9982412493458899,0.003835438047614135,-0.9944058112982758,"[-0.9958607783449674, -0.9930934856421487, -0.994263169907711]",-0.9958607783449674,False,-1,883,-0.9774643568851648,-0.9786423473944796,"[-0.9786423473944796, -0.9763303595954937, -0.9774203636655209]"
3171ad0b-0299-4c7f-912c-f5fa2b20ff7c,#-1:481d446f-f846-484e-adfc-e90376594dbe,#-1:5b0bc958-dc1c-4a12-9686-a52ed4faab48,0.9997537164129322,0.0063403100120785,-0.9934134064008537,"[-0.993275292616031, -0.9960424355676949, -0.990922491018835]",-0.9960424355676949,False,-1,332,-0.9874602972019787,-0.9887575266044657,"[-0.9887575266044657, -0.9877789190412279, -0.9858444459602429]"
7ae1ba60-a5aa-40b3-bd4c-8034fb3619af,#-1:e3d2f4d6-7d50-45ee-bb0f-00cdca3cc93b,#-1:0b546f5f-e54c-4386-b946-c0fa3c406d4b,0.998209922713848,0.0025042797599137026,-0.9957056429539343,"[-0.9946239989774003, -0.9962863294949971, -0.9962066003894058]",-0.9962863294949971,False,-1,804,-0.9858774092706858,-0.9867327939104424,"[-0.9848787969565561, -0.986020636945059, -0.9867327939104424]"
168f7c2f-3390-41fc-801d-192fd7a3f4e1,#-1:4fa7c4f7-eeb5-4ab9-8beb-aff2e7ba2f8f,#-1:6d613e69-05b7-43fb-97e7-ec50f09cdfd1,0.9971192500680431,0.0024310656816680662,-0.9946881843863751,"[-0.9941419127855687, -0.993474644661991, -0.9964479957115654]",-0.9964479957115654,False,-1,165,-0.9989136488433266,-0.999187438976418,"[-0.9991444566051298, -0.9984090509484319, -0.999187438976418]"
cd1a3900-6b86-4d37-8411-5b9f254331b6,#-1:6ee1b35c-d02f-4e9c-81c4-05b25dbd011a,#-1:3fce94a9-bfab-4d5d-807f-ff2328217a41,0.9974588319219041,0.00330563333797705,-0.994153198583927,"[-0.9937860015230704, -0.9921862723598303, -0.9964873218688804]",-0.9964873218688804,False,-1,1300,-0.9992712791531159,-0.9994130805063057,"[-0.9991160598777393, -0.9992846970753024, -0.9994130805063057]"
ff836874-247f-4e11-95b0-c5515b8876f9,#-1:b1af5d87-7b03-449f-bef5-461a367f2fba,#-1:d617fab8-d3a0-4759-b474-8e5e2039b0b5,0.9958114005180927,0.00027390992778788376,-0.9955374905903048,"[-0.9965947879058177, -0.9952513043856126, -0.994766379479484]",-0.9965947879058177,False,-1,1631,-0.8350676317153743,-0.8366861429088264,"[-0.8318370188214528, -0.8366861429088264, -0.8366797334158438]"
5442fc18-d2ec-4d58-b279-d138d98088da,#-1:88b891e5-ed3c-4c68-a1a9-b0ec8e59fd1f,#-1:d7129de4-b9b3-4487-a775-9201563eedc8,0.9988645128249946,0.0036522559269009693,-0.9952122568980936,"[-0.9966046424568362, -0.9956316206696536, -0.9934005075677906]",-0.9966046424568362,False,-1,557,-0.999507968792598,-0.999534783799639,"[-0.9994548954244444, -0.999534783799639, -0.9995342271537104]"
5de1232b-7a38-440e-9e03-112012b793a5,#-1:0b256278-2c7f-499b-8967-d304cf9360a5,#-1:6cbb7e7e-6048-43f6-abd8-3b7dafc66839,0.9980498630998871,0.003145841134789003,-0.9949040219650981,"[-0.9914747178726719, -0.9966120915209631, -0.9966252565016592]",-0.9966252565016592,False,-1,619,-0.9995489121686184,-0.9997123170924397,"[-0.9994161330688259, -0.9997123170924397, -0.9995182863445895]"
a4f3f298-f25c-4840-acf5-9a305cdd0cd1,#-1:fbb0526b-77a3-4d19-92ca-eaae7aa166a3,#-1:151ac7ab-d3ee-469c-9930-e19f828e8cc8,0.9979157338415158,0.0016425847467572859,-0.9962731490947585,"[-0.995905094954787, -0.9967044274182658, -0.9962099249112225]",-0.9967044274182658,False,-1,1074,-0.9916628547985143,-0.9926220333172402,"[-0.9926220333172402, -0.9910434272757009, -0.9913231038026018]"
9c7ab437-006a-4d60-9a49-a54b75b2a04e,#-1:2c40af15-b330-41c7-a037-a456e43cce10,#-1:86ea7a23-77d4-4404-9e81-b29448ed49ec,0.9999859518280982,0.0053651452740581486,-0.9946208065540401,"[-0.9947736886693931, -0.9969077574758111, -0.9921809735169159]",-0.9969077574758111,False,-1,1015,-0.9986251859267532,-0.9991490303907666,"[-0.9982172435442297, -0.9991490303907666, -0.9985092838452633]"
d8715e5a-3fc2-460b-940b-57bc2ef7d33e,#-1:043b40cf-27e3-44ba-bc9d-04b6d08d6316,#-1:bf28e56e-c877-403f-8c12-f99b8cddb8de,0.9987827965467417,0.005738007572181607,-0.9930447889745602,"[-0.9916739309493025, -0.9969657916793611, -0.9904946442950169]",-0.9969657916793611,False,-1,1370,-0.9857949803544881,-0.9868318112123265,"[-0.9868095484637106, -0.9837435813874269, -0.9868318112123265]"
9ebf7dda-a0d9-469b-ae70-ad289b03bb02,#-1:6b2121a9-4190-4f2a-baf1-dc7e91e4c69b,#-1:3037990a-dcf5-49e3-8d10-8d038cdea3a6,0.9961149154230163,0.0010239599962681828,-0.9950909554267482,"[-0.992495201791151, -0.9969980598556755, -0.9957796046334177]",-0.9969980598556755,False,-1,1035,-0.9996435657627293,-0.9997123170924397,"[-0.999565640921674, -0.9997123170924397, -0.999652739274074]"
d808ceea-c6f8-4627-8142-8dc1e6a86d0e,#-1:1e124139-c657-44ce-8970-b8ee76ed3432,#-1:d629a5b5-9d01-42e0-af9c-2ba0b2e0a5ea,0.9977695959609932,0.002021461926935507,-0.9957481340340577,"[-0.9940014270229516, -0.9961659608459051, -0.9970770142333162]",-0.9970770142333162,False,-1,1368,-0.9981113739819074,-0.9983168625469852,"[-0.9979276514377942, -0.9983168625469852, -0.9980896079609429]"
da13eb2a-4d72-4dd6-872c-7028726f6737,#-1:364011e4-2f6b-4827-9bd1-cc55ac01be16,#-1:f721402b-c1f7-4249-8ef3-2403b3754fdc,0.9968886654389766,0.00022025552000363082,-0.996668409918973,"[-0.9968368714389106, -0.9959976315504541, -0.9971707267675544]",-0.9971707267675544,False,-1,1384,-0.9921840059892008,-0.9929223681144026,"[-0.9929223681144026, -0.9917427199954764, -0.9918869298577235]"
98560555-894c-4ba8-92c5-e0cf03b315e5,#-1:3400a2c2-c921-48fe-a8af-d70116aa966d,#-1:551e859e-3e22-4b8f-976d-889b87ffe7d2,0.9947322186605416,0.0,-0.9947322186605416,"[-0.9974735728618466, -0.9928890041433308, -0.9938340789764476]",-0.9974735728618466,False,-1,982,-0.9944829502706897,-0.9948221592890117,"[-0.9938895205814915, -0.9947371709415657, -0.9948221592890117]"
3426a93d-5377-452b-8bff-5c1e595db91b,#-1:eb4a15df-d7aa-4bc6-bdb2-be8c9d5a64e1,#-1:61fc5353-5f5c-4547-908a-af338d80a903,0.9954224000916705,0.0,-0.9954224000916705,"[-0.9974961663793988, -0.9953855645662664, -0.9933854693293462]",-0.9974961663793988,False,-1,354,-0.9925196032728599,-0.9934054926223452,"[-0.9920410357330066, -0.9921122814632279, -0.9934054926223452]"
906a6885-c678-459d-855f-94ac3e23309f,#-1:f190c7ad-d8b3-4c20-af2b-d2fa7c8e1529,#-1:1a7507ed-62ce-42dd-81ae-f17608e1fc4d,0.9941627346072387,0.0,-0.9941627346072387,"[-0.9976963247869627, -0.9888875481801149, -0.9959043308546381]",-0.9976963247869627,False,-1,932,-0.9993929151132573,-0.9997200890462746,"[-0.9992370408744858, -0.9997200890462746, -0.9992216154190116]"
b54d3f31-50ab-4cc4-a0f2-c05def9cec59,#-1:1a4a0dcb-d08f-45d8-bf68-f9619ff62879,#-1:b77cf1f7-5c89-4612-a9f6-e151c168b15e,0.9994671150187919,0.0019063530713658797,-0.997560761947426,"[-0.9974957094130665, -0.9978515260653259, -0.9973350503638856]",-0.9978515260653259,False,-1,1178,-0.9996735778715821,-0.9996788815054183,"[-0.9996634783441484, -0.9996783737651793, -0.9996788815054183]"
ea2f145b-3a0e-4446-ab4c-de5d93de133a,#-1:2c45a464-fd52-4564-ad72-889d07c0cafe,#-1:6b65aa20-5305-4a75-b6d2-5083b8097e40,0.9971538822509899,0.0,-0.9971538822509899,"[-0.9978665392101115, -0.9963988898231158, -0.9971962177197424]",-0.9978665392101115,False,-1,1498,-0.9978807015588448,-0.9981641234495544,"[-0.9976904390508993, -0.9981641234495544, -0.9977875421760807]"
c9388d79-1767-4dab-9824-08273a63cbc5,#-1:bfbf5618-6998-4ce7-ad1d-d27f58ec987f,#-1:454057c7-3bfc-4fae-98ee-8732b5e62074,0.9984980832911434,0.0012312472180452513,-0.9972668360730982,"[-0.9964891054850952, -0.9979622479486924, -0.9973491547855067]",-0.9979622479486924,False,-1,1273,-0.9967268644492004,-0.9980863338050865,"[-0.9965558725796673, -0.9980863338050865, -0.9955383869628477]"
f2f37fa9-dbab-41e7-9f79-313f6cadd00b,#-1:9d88af2c-4c8f-4b6f-8181-7e12bbd8c874,#-1:07b731c4-0643-464f-8a08-b19b5844a6cd,0.9954670952792742,0.0,-0.9954670952792742,"[-0.9951770790304815, -0.9980151833752078, -0.9932090234321334]",-0.9980151833752078,False,-1,1555,-0.9979572767198847,-0.9987751724784176,"[-0.9987751724784176, -0.9969743937680811, -0.9981222639131554]"
c32b643b-aba4-4270-82a3-78bff2bcd8db,#-1:b6a9bbbf-5ae4-4fd6-87f1-e2a9931c0e42,#-1:c00d7c9f-38e0-4c2b-9ba7-88bc4d76133c,0.9974527486527642,0.001327174367413908,-0.9961255742853503,"[-0.9932883622085407, -0.9980819914517658, -0.9970063691957446]",-0.9980819914517658,False,-1,1242,-0.9900001020681802,-0.9924569486706086,"[-0.9895795545139188, -0.9924569486706086, -0.9879638030200131]"
1148bffb-5e52-4f62-9d2d-88cda9f15c98,#-1:b8fb3eb7-c7ca-4dc8-8d26-19053dc9aaad,#-1:979423e4-6a48-4f81-bb23-0ae2f4b2265c,0.9992792043884443,0.0020300829206818037,-0.9972491214677625,"[-0.9974273103617366, -0.9961045912761305, -0.9982154627654201]",-0.9982154627654201,False,-1,129,-0.9612234771465907,-0.9654365813238271,"[-0.9654365813238271, -0.9589421801628296, -0.9592916699531158]"
725a53e5-1365-4cd1-89dd-601fa959f571,#-1:9d5aee54-eefe-48f2-939c-00ab1a1c9a57,#-1:316c92d7-025c-45aa-b1a1-2706600fd2a0,0.9986213071960351,0.005769486904176506,-0.9928518202918586,"[-0.9982401590617834, -0.9903840955161347, -0.9899312062976581]",-0.9982401590617834,False,-1,760,-0.997704000943656,-0.9989485853196722,"[-0.9989485853196722, -0.99834991347952, -0.9958135040317757]"
88d8add2-0096-4e0d-adc8-f9a13a784616,#-1:c988b98d-0766-430e-8b8b-9365785ece6b,#-1:90f8fb16-c47c-477a-90ce-d4771c6e0c87,0.9958050545216479,0.0,-0.9958050545216479,"[-0.9983247140557922, -0.993002820261966, -0.9960876292471857]",-0.9983247140557922,False,-1,885,-0.9986874076266833,-0.9991585835524295,"[-0.9977592050002277, -0.9991585835524295, -0.9991444343273925]"
545a21f8-0011-48b7-853c-b3acf3e69956,#-1:b94c6f27-7636-45e4-8c66-2c4bba1c2938,#-1:1e528d9e-3833-4100-9fee-310aef691310,0.9958050545216479,0.0,-0.9958050545216479,"[-0.9983247140557922, -0.993002820261966, -0.9960876292471857]",-0.9983247140557922,False,-1,559,-0.9986874076266833,-0.9991585835524295,"[-0.9977592050002277, -0.9991585835524295, -0.9991444343273925]"
48da811c-8e39-408c-a3da-0322bb34e667,#-1:0a4511fc-fb36-4af8-8e1a-6ba3afff421a,#-1:69524931-2417-42a3-9ff4-fe86be8a0d6a,0.9976494285479323,0.00022804102700427548,-0.997421387520928,"[-0.9983968945740033, -0.9975720702679888, -0.9962951977207917]",-0.9983968945740033,False,-1,493,-0.9839171248897718,-0.9852392894783419,"[-0.9836538547568952, -0.9828582304340783, -0.9852392894783419]"
5f61ecf2-efc8-4e52-b4c8-e0d0b50f5128,#-1:606a70ff-cbd6-4774-b4b4-87d352bce166,#-1:b3fad12a-42ac-4695-9e0d-7da06f180b52,0.999914745803267,0.0020542892056521285,-0.9978604565976149,"[-0.9976074841373432, -0.9975166667814453, -0.9984572188740561]",-0.9984572188740561,False,-1,635,-0.9996044745120601,-0.9996827065233767,"[-0.9996827065233767, -0.9995937172000777, -0.9995369998127263]"
f75169ea-fae3-4b1e-9a4b-d8d4821a9c46,#-1:1ec96c97-226e-4e38-926e-88d0cefe5a70,#-1:366e0c7e-2ef2-4db6-88c4-1cdae1f0ef75,0.9999215056832756,0.0020193355337846486,-0.997902170149491,"[-0.9971243764579034, -0.9985987639654825, -0.9979833700250866]",-0.9985987639654825,False,-1,1589,-0.9977437168389178,-0.9989871049653168,"[-0.9967740267922452, -0.9974700187591915, -0.9989871049653168]"
3cdfb199-4183-49a4-a345-8f8e61bd815e,#-1:ffc34276-91c7-4fca-9e66-b363739367bb,#-1:4bc1bd7d-eada-4ef8-aba5-2cf60c0c9360,0.9982370212308048,0.0007735848878784412,-0.9974634363429263,"[-0.9957377866506932, -0.997907535685651, -0.9987449866924352]",-0.9987449866924352,False,-1,425,-0.9977925592175447,-0.9981166174066639,"[-0.9976476484282565, -0.9976134118177136, -0.9981166174066639]"
cf858f46-b1a7-4eb6-8c6d-b39dc98eb746,#-1:56ae3f84-20ed-4f62-8f7b-526077d066cb,#-1:f07a371c-48d2-415d-928e-0d33ff69b1e5,0.9989459943131728,0.0006127714788357998,-0.998333222834337,"[-0.9979777116448137, -0.9987575610380403, -0.9982643958201571]",-0.9987575610380403,False,-1,1314,-0.9994012206700232,-0.9997123170924397,"[-0.9992671061920883, -0.9997123170924397, -0.9992242387255418]"
2f9c5c19-7212-42d8-b2eb-c5ff08e02ef6,#-1:efdd91df-d2aa-4b89-bf80-e7f3af5a338f,#-1:2f31b8a5-da11-4575-becf-d49fa63e13ef,0.9998860138870067,0.0022457098180468757,-0.9976403040689599,"[-0.9988516972322646, -0.9959192952903232, -0.9981499196842913]",-0.9988516972322646,False,-1,314,-0.9997112823743756,-0.9997155623530073,"[-0.9997155623530073, -0.9997155332376186, -0.9997027515325005]"
b39c196c-c1e3-4d4d-bdf5-90a9736000f8,#-1:44d85765-5baa-4c36-b6ff-dec1dda9e730,#-1:9a01baa9-bae9-4631-83a8-5683c437f832,0.9972801524674657,0.0003398369152553564,-0.9969403155522103,"[-0.9950907653763917, -0.9968708287167202, -0.9988593525635191]",-0.9988593525635191,False,-1,1168,-0.9994877647810246,-0.9997123170924397,"[-0.9990982379765603, -0.9997123170924397, -0.999652739274074]"
0e6f5015-2461-40de-b2d8-6b037ae69ea0,#-1:8d7a2aec-2978-4285-b4a6-e0ab285125ad,#-1:256d5b62-0c9b-43f5-83de-21b99ee6932e,0.9993131982559582,0.002940962586219535,-0.9963722356697386,"[-0.9988615252867189, -0.9947061350348897, -0.995549046687607]",-0.9988615252867189,False,-1,102,-0.9858313261651649,-0.9876668423771765,"[-0.9847285616068508, -0.9850985745114675, -0.9876668423771765]"
ebcac7e3-1aa6-423a-ab3e-185f7114511a,#-1:8d1d33dd-5074-49ec-83d9-cf867f543c66,#-1:649840eb-9095-4c04-bd70-621d5abe9c34,0.9982435493431551,0.0003418820476998303,-0.9979016672954553,"[-0.9988689384365179, -0.9979842071766476, -0.9968518562732]",-0.9988689384365179,False,-1,1508,-0.9340393464319311,-0.936401161928086,"[-0.9304000653345773, -0.9353168120331299, -0.936401161928086]"
48be7bb6-da40-4dac-926e-a62c6423dcb2,#-1:23d0a034-70c8-48b5-8be1-30470bc23720,#-1:9f78341f-c65a-45c1-a9bc-58f0307a97a4,0.9971796147681641,0.0008796370277549601,-0.9962999777404091,"[-0.9967771010662195, -0.9931990459246262, -0.9989237862303817]",-0.9989237862303817,False,-1,490,-0.9969283410763906,-0.9974395912916144,"[-0.9972741834285378, -0.9974395912916144, -0.9960712485090196]"
9cfee8ab-740b-44ea-9dec-ca6092a94cc2,#-1:27be65ab-3c2d-4ac5-a947-6926ffbb9cc3,#-1:cf5b86d6-3821-4e81-adec-e38f8530ca46,0.9999025940906051,0.0026688106376272073,-0.9972337834529779,"[-0.9966601957541522, -0.9989318366829462, -0.9961093179218351]",-0.9989318366829462,False,-1,1021,-0.9981811644273577,-0.9985200802607503,"[-0.9985200802607503, -0.997901492573676, -0.9981219204476468]"
c48ae1c9-389d-4973-8ff2-37d7da94153f,#-1:f084d7ff-36c1-4440-851c-9ae8f7e91e0e,#-1:11d49db7-c38b-4f9d-adab-5901ba1995dc,0.9998327131838883,0.0051980566904018454,-0.9946346564934865,"[-0.9903549453546436, -0.9989708659290656, -0.9945781581967498]",-0.9989708659290656,False,-1,1249,-0.978756250038945,-0.9792639031347085,"[-0.978098191335965, -0.9789066556461617, -0.9792639031347085]"
abdce5ef-6727-47e8-ac4b-3895950e59e3,#-1:3c4ecaaa-17ee-4cc2-8c19-a1a565c1a147,#-1:ae6c1788-c417-441c-9cc7-f0fa015c2853,0.9989579095672959,0.0,-0.9989579095672959,"[-0.9990701414880502, -0.9987728885561465, -0.9990306986576909]",-0.9990701414880502,False,-1,1110,-0.9986017744452657,-0.9988193044881132,"[-0.9982561719815105, -0.9987298468661733, -0.9988193044881132]"
9de7fd6e-21fc-44b1-8315-73e9c46185b6,#-1:ed1b0132-35ad-4d89-8e21-33caacbab7f3,#-1:1e6744d8-d4b5-43f7-b554-77c4022f4abe,0.9981523629807106,0.0,-0.9981523629807106,"[-0.999076930400098, -0.9983091352394233, -0.9970710233026104]",-0.999076930400098,False,-1,1029,-0.9992948002765751,-0.9994109528076832,"[-0.9992828849444946, -0.9991905630775475, -0.9994109528076832]"
5dda2e3a-eec3-413e-9889-2eee1245bbab,#-1:4b1d7fe3-dbae-4e09-8b6a-666a6b1f1d24,#-1:604bdfca-4234-44e3-a80b-bc39e62b0b9d,0.9991340844819834,9.412154845866104e-05,-0.9990399629335247,"[-0.9991415665638171, -0.9990168239860718, -0.9989614982506855]",-0.9991415665638171,False,-1,618,-0.999410535118121,-0.9997869998127262,"[-0.9990008883415584, -0.999443717200078, -0.9997869998127262]"
1ce7166a-45c4-454c-8e77-ad38684d72a1,#-1:de018627-dc35-4227-bd0d-1b2b2c6d48a5,#-1:04515ba1-c088-45b2-8438-a5a6924b24f1,0.999295364331917,0.00081591215395017,-0.9984794521779669,"[-0.998504045308239, -0.9976643170429214, -0.9992699941827401]",-0.9992699941827401,False,-1,201,-0.9848540188038886,-0.987872979086913,"[-0.987872979086913, -0.9831506612713404, -0.9835384160534126]"
7eca8a39-8cf1-4bf3-9efd-8bc640f5ae6a,#-1:5709e120-791a-411e-b8d6-da9e655d0a23,#-1:e365a450-43db-45fd-91d5-c6b4738325c0,0.9991334787128928,0.00047137285625635435,-0.9986621058566365,"[-0.9976726083505593, -0.9992990933625916, -0.9990146158567584]",-0.9992990933625916,False,-1,828,-0.9988509632085488,-0.999844142669869,"[-0.9973594742001441, -0.9993492727556333, -0.999844142669869]"
47f43e36-6a98-44d9-bb04-78b1c5f29195,#-1:ef8b0cc7-4ffb-4dea-99f5-170398429006,#-1:b607e405-c8f8-4734-b59a-70d536815a8e,0.9984248460505375,0.0003412858875859281,-0.9980835601629515,"[-0.9986155821501764, -0.9993030766730732, -0.9963320216656049]",-0.9993030766730732,False,-1,483,-0.9996809295385152,-0.999844142669869,"[-0.9993645247051948, -0.999834121240482, -0.999844142669869]"
b1b7825b-5eca-457a-b8b3-ca902fc70f5e,#-1:e42a1783-0e2e-4ff7-bf3f-720a24f98b3d,#-1:ad31339b-08ec-4229-94af-4b214aee3898,0.9985754403157058,0.0,-0.9985754403157058,"[-0.9991257725356281, -0.9994207016134605, -0.9971798467980287]",-0.9994207016134605,False,-1,1148,-0.98945216499619,-0.9909236783034717,"[-0.9870547298743751, -0.9903780868107233, -0.9909236783034717]"
9c9becbc-390a-4f6a-981d-d9b0db0284fb,#-1:6890559a-4176-4690-89fa-2b77feed5241,#-1:8e417713-e615-4f5b-96b1-d10d615204eb,0.9996222794784334,0.0009078596160949363,-0.9987144198623384,"[-0.9977765812494639, -0.9988862339953735, -0.9994804443421782]",-0.9994804443421782,False,-1,1018,-0.9886241221741909,-0.9895170376069343,"[-0.9895170376069343, -0.9889699738644867, -0.9873853550511519]"
49076ec5-9038-4f1a-8629-0823726a88ee,#-1:a7babd8e-75c1-49f0-8289-650e22a56cc6,#-1:e6141423-14ec-4427-9d6a-e49700d5e242,0.9994054641882202,0.0,-0.9994054641882202,"[-0.9992079676359396, -0.9994177656990969, -0.9995906592296243]",-0.9995906592296243,False,-1,497,-0.9962939955341269,-0.9967232239167344,"[-0.9957550413619347, -0.9964037213237119, -0.9967232239167344]"
95a827db-ddb4-4b7b-ad03-eda8b5d0b3d0,#-1:3bdb38b3-dc72-416b-9bb6-aa9c2c9b1242,#-1:5e81498f-5bb0-4ca6-b8d1-eda8fe343240,0.9995393424452482,0.0,-0.9995393424452482,"[-0.9995242007580077, -0.9995022512865293, -0.9995915752912079]",-0.9995915752912079,False,-1,967,-0.9967638437101254,-0.9975273319596083,"[-0.9961383555670325, -0.9966258436037353, -0.9975273319596083]"
79671798-5562-439e-9f3b-ff3cec96273a,#-1:22b6e2ea-5c78-4942-943b-89d871d067e0,#-1:1bddc96b-236b-4a98-83f8-3bad082054d1,0.9995930196380466,0.0,-0.9995930196380466,"[-0.9996575137141239, -0.9995929251074139, -0.999528620092602]",-0.9996575137141239,False,-1,793,-0.9918150133326078,-0.9932355225546565,"[-0.9925827241207559, -0.9896267933224108, -0.9932355225546565]"
1b1c3dab-f52f-4643-8cb9-e75cd1b4dbf7,#-1:ebac27d2-ceac-4749-9c4d-924def67bdff,#-1:2adcd13e-c073-4a78-a082-8407cb5c8fbf,0.999501438265895,0.0,-0.999501438265895,"[-0.9991443943766013, -0.9997560363347702, -0.9996038840863134]",-0.9997560363347702,False,-1,192,-0.9977755582236206,-0.9980915625981602,"[-0.9977493195680147, -0.9980915625981602, -0.9974857925046869]"
34dbf56d-0d77-4f3e-a675-2836dd0fb6c2,#-1:9f940ca4-9bd9-4dd4-84b6-a0346dfffe6a,#-1:f4adc4ea-2901-4bc3-9551-0230ce2cce32,0.9998910731983983,0.0031566235328710037,-0.9967344496655273,"[-0.993294256784301, -0.9997858884919996, -0.9971232037202811]",-0.9997858884919996,False,-1,359,-0.9993825090271388,-0.999652739274074,"[-0.9992824707149026, -0.9992123170924396, -0.999652739274074]"
a244967e-e429-42c4-85b4-8bdd496be0dc,#-1:5675938d-a94a-4955-9f3f-ec38c19ce8d1,#-1:3bdb63cf-5bc2-4712-9b72-89ce6a1e2cfc,0.9999178280403469,0.0017972758718495776,-0.9981205521684974,"[-0.9964330535474454, -0.9997858884919996, -0.9981427144660472]",-0.9997858884919996,False,-1,1062,-0.9996825090271387,-0.9997123170924397,"[-0.9996824707149026, -0.9997123170924397, -0.999652739274074]"
da92fdd0-0c41-4701-ada8-12e62a1def47,#-1:5c66b0ab-cf1a-4777-bcbc-e180a9d0e1f9,#-1:3b2fd48c-2d16-47f8-85f8-7ecc06a29365,0.9996678535806197,0.0,-0.9996678535806197,"[-0.9993638352688607, -0.9998203821785944, -0.9998193432944041]",-0.9998203821785944,False,-1,1390,-0.9737596483136013,-0.9759121338513457,"[-0.9714282656098966, -0.9739385454795617, -0.9759121338513457]"
59c0f728-b490-41d7-9586-fc8ba9040c96,#-1:9922ec5d-639b-4f1d-ab60-d7b59fdfd987,#-1:4b173b2a-93bc-4d1d-ac94-67dd997cbd14,0.9978160000196444,0.0,-0.9978160000196444,"[-0.9998372204688069, -0.9973800299591873, -0.9962307496309393]",-0.9998372204688069,False,-1,594,-0.997820139074491,-0.9982900533476854,"[-0.9970414300633961, -0.9981289338123914, -0.9982900533476854]"
74a4a392-5388-4df0-b6bd-99f36bd90e8c,#-1:abea092f-ddb9-4e28-859c-73e2e235b478,#-1:54ded455-1bef-4784-9469-af4e66a67060,0.9993803648935261,0.0,-0.9993803648935261,"[-0.9990703068414984, -0.9998508035974867, -0.9992199842415932]",-0.9998508035974867,False,-1,772,-0.999699788121502,-0.9997155623530073,"[-0.9997155623530073, -0.9996810504789979, -0.9997027515325005]"
d01c98e5-a7d3-49ce-ac87-4607569e73f7,#-1:7343c948-9282-40b1-b615-96033b704ca6,#-1:010a2a69-6ab9-44ff-a2e6-be78fd237718,0.999702625048339,0.0,-0.999702625048339,"[-0.9998576818711665, -0.9997195588676472, -0.999530634406203]",-0.9998576818711665,False,-1,1320,-0.9890481127306221,-0.9907571429453935,"[-0.9907571429453935, -0.9866706482164129, -0.9897165470300601]"
5eaf9abc-eb97-4e66-8845-57abce0a4b65,#-1:c0c4ddda-0d8d-4f99-b479-3c786b334a50,#-1:7c989c7d-4e50-4ba5-9b26-07059305186a,0.999634211047291,0.0,-0.999634211047291,"[-0.9994935081681938, -0.9998688449813875, -0.9995402799922917]",-0.9998688449813875,False,-1,629,-0.9716308250906605,-0.973943818250677,"[-0.9685101115417426, -0.9724385454795618, -0.973943818250677]"
dc47848b-273d-4063-b681-f9cf2ccd6a19,#-1:d2e54e65-d1ff-4624-ab54-e8dd872f6417,#-1:9117ebfc-a493-4490-86ce-5406a09870bd,0.9999169303375965,0.0006825717751718562,-0.9992343585624247,"[-0.9998831535377418, -0.9989383902859346, -0.9988815318635975]",-0.9998831535377418,False,-1,1407,-0.9985464493953954,-0.9990446436842749,"[-0.998165615096285, -0.9990446436842749, -0.9984290894056262]"
ce9ebbe8-372d-4421-bda4-f45897735113,#-1:075f1065-5e1e-4196-a532-1509ea4b8e31,#-1:ca7e2639-e2b5-4d32-83e1-3340a6bef827,0.999597859216856,0.0,-0.999597859216856,"[-0.9998901431639353, -0.999534801487524, -0.9993686329991085]",-0.9998901431639353,False,-1,1308,-0.9977693098228206,-0.9992344340087199,"[-0.99716425436743, -0.9969092410923122, -0.9992344340087199]"
9b8cea0a-dede-4899-9035-16bec8ceb53b,#-1:3baf33cf-a5a6-4f40-916c-a7c164b9f8bd,#-1:00a20400-f8f7-436d-81bd-11c6ff6ec442,0.9998742502680593,0.00027390992778788376,-0.9996003403402715,"[-0.9998901431639353, -0.9998828813659671, -0.999027996490912]",-0.9998901431639353,False,-1,1006,-0.9990128878525474,-0.9993147693407208,"[-0.9985152358751919, -0.9992086583417294, -0.9993147693407208]"
e7eb761f-9e68-40f1-bb3a-9ff426847062,#-1:ae0f1a57-b734-4b61-a1b4-555e25a33032,#-1:ba6156b1-61fb-45dc-b85e-99421be12122,0.99987594989314,0.0,-0.99987594989314,"[-0.9998901431639353, -0.9998828813659671, -0.9998548251495175]",-0.9998901431639353,False,-1,1478,-0.9990088018565083,-0.9992344340087199,"[-0.998644851680614, -0.999147119880191, -0.9992344340087199]"
d34d3446-74b1-4845-9277-2f24ae601141,#-1:c033ebdb-f191-4ce0-acaa-7109872c636c,#-1:9986b832-f14f-4c78-9eb9-348ae810f9dd,0.9998846674120276,0.0,-0.9998846674120276,"[-0.9999052818502373, -0.9998828813659671, -0.9998658390198782]",-0.9999052818502373,False,-1,1340,-0.9990088018565083,-0.9992344340087199,"[-0.998644851680614, -0.999147119880191, -0.9992344340087199]"
29252a53-eb60-4f8c-b089-384d42acf3d7,#-1:7a44c42f-5183-4801-888f-791c707c815c,#-1:3eee93cd-45bf-4106-9242-9d375bc05531,0.9996685616480049,0.0,-0.9996685616480049,"[-0.9999118583662778, -0.9995022512865293, -0.9995915752912079]",-0.9999118583662778,False,-1,271,-0.9984145171107986,-0.9989717764040528,"[-0.9987004767791535, -0.9975712981491899, -0.9989717764040528]"
ea05b326-aa88-4f38-bf56-bff4efe6af4f,#-1:ca8c31ad-82ee-471e-93f1-a8088de74dbf,#-1:14d394c4-b05f-4894-a306-80baf8db046d,0.999883741165246,0.0,-0.999883741165246,"[-0.9998698022735012, -0.9998660235296608, -0.999915397692576]",-0.999915397692576,False,-1,1496,-0.9957589690629138,-0.9967954087520063,"[-0.9944362437549389, -0.9967954087520063, -0.996045254681796]"
ad1e829d-0415-4fce-a588-a5bd57afa74d,#-1:c290463d-5124-4513-85b1-5fbee72f6847,#-1:3dc4cfdf-0588-4dc2-a66c-050b8fd567de,0.9995653165664377,0.0,-0.9995653165664377,"[-0.9998773433753642, -0.998894491124487, -0.9999241151994619]",-0.9999241151994619,False,-1,1119,-0.9751889190428722,-0.9764222071114189,"[-0.9729649788966099, -0.9761795711205875, -0.9764222071114189]"
c69f49ca-ff36-446d-b107-fadfd82ce836,#-1:7e852b30-6178-4d9c-b7b2-36cbaca2a114,#-1:aee52a0c-d911-4c20-aca1-646289216457,0.9997621561163478,0.0,-0.9997621561163478,"[-0.9994935081681938, -0.9998688449813875, -0.9999241151994619]",-0.9999241151994619,False,-1,1261,-0.9755069271518693,-0.9773562455062168,"[-0.9736986011924403, -0.975465934756951, -0.9773562455062168]"
0217ca7a-e377-4b28-84c8-cbd7d12e0757,#-1:a1ce61b8-e442-4ad9-b73b-d7a98d68778c,#-1:aabd91b4-b2d9-4513-aa3a-42dbe87e91f2,0.9998657109024057,0.0,-0.9998657109024057,"[-0.999804172526368, -0.9998688449813875, -0.9999241151994619]",-0.9999241151994619,False,-1,15,-0.9930028879158433,-0.9949043831109807,"[-0.9910031376096247, -0.9949043831109807, -0.993101143026925]"
8ddbb240-4689-4646-838f-4e608cc6ccac,#-1:ddd71cec-2e61-4baa-a1c3-32e1550f79a2,#-1:e330b661-8890-44ed-a7ee-7307606693e9,0.9998688315078622,0.0,-0.9998688315078622,"[-0.999804172526368, -0.9998782067977564, -0.9999241151994619]",-0.9999241151994619,False,-1,920,-0.9975716306696931,-0.9980454087520063,"[-0.9971559129746083, -0.9980454087520063, -0.9975135702824648]"
76e73832-6bad-405d-967d-3a0fe76c4d4a,#-1:465fc121-3b31-4387-a1b9-f5a54ce846e5,#-1:484f55ef-0714-4200-93b3-2eadfc789481,0.9998688315078622,0.0,-0.9998688315078622,"[-0.999804172526368, -0.9998782067977564, -0.9999241151994619]",-0.9999241151994619,False,-1,781,-0.9967362417901865,-0.9975454087520064,"[-0.995868061936757, -0.9975454087520064, -0.9967952546817962]"
657c2762-34c6-4fa1-896c-eb8ec4ee610c,#-1:b673c033-18fb-44ae-ad3f-eb0418833b39,#-1:a53c7ff3-7bf1-4a83-8a65-0a00faf7756a,0.9998713452084832,0.0,-0.9998713452084832,"[-0.999811713628231, -0.9998782067977564, -0.9999241151994619]",-0.9999241151994619,False,-1,669,-0.9757489700997947,-0.9780268187944371,"[-0.9736405203843597, -0.9755795711205874, -0.9780268187944371]"
1b19be0d-e9ff-45c7-b3ae-30c13e5e2edb,#-1:ef62309c-e6fd-423b-9140-e24da494b837,#-1:341d6d41-5f7d-4c9c-9a2c-320536484881,0.9998887287170714,0.0,-0.9998887287170714,"[-0.9998698022735012, -0.9998688449813875, -0.9999275388963252]",-0.9999275388963252,False,-1,191,-0.9759049935144389,-0.9780545965722149,"[-0.9739789319727712, -0.9756814519983303, -0.9780545965722149]"
2e9447e9-54dd-482f-8524-3eb23eaa8f5e,#-1:9b6d1263-fbbf-4fcd-a982-718163849dfa,#-1:5726dacf-05b6-448e-87cc-6c6816f03ec5,0.9998741560919203,0.0,-0.9998741560919203,"[-0.9998656525408954, -0.9999279587117808, -0.9998288570230849]",-0.9999279587117808,False,-1,309,-0.9998475962051819,-0.9998645247051947,"[-0.9998645247051947, -0.999834121240482, -0.999844142669869]"
1f3c0163-b8b3-4aca-838c-b8673797b346,#-1:135cf604-d1a0-4e59-8384-8ab9183be4be,#-1:eb1c104e-6af1-4d51-8001-a390a3c36693,0.9998062858468816,0.0,-0.9998062858468816,"[-0.9995675660639716, -0.9999176425354204, -0.9999336489412528]",-0.9999336489412528,False,-1,218,-0.998840304027179,-0.999492371568533,"[-0.998669147742432, -0.9983593927705723, -0.999492371568533]"
c693e987-a26b-4d7e-92c3-567d491cb6ea,#-1:6d103acb-1384-4995-b832-b0bb2aa80f31,#-1:c0a80446-db74-4e21-b793-c5945339a2ba,0.9999659974481742,0.0006796738305107128,-0.9992863236176635,"[-0.9999380758219425, -0.9989708659290656, -0.998950029101982]",-0.9999380758219425,False,-1,1260,-0.9900455443537187,-0.9910751438185398,"[-0.9892878515198845, -0.9897736377227319, -0.9910751438185398]"
334aedd1-55f5-4ebd-ba27-8d4503269ab5,#-1:b854ec52-a230-4d1e-af7f-8494a6e11454,#-1:1b702e45-b86a-4ace-b43c-dad3e6489f59,0.999740228299673,0.0,-0.999740228299673,"[-0.999835365106289, -0.9999622479486924, -0.9994230718440377]",-0.9999622479486924,False,-1,347,-0.992752263945787,-0.9939438693954261,"[-0.9934144105625533, -0.9939438693954261, -0.9908985118793815]"
9fe5fe1b-37ca-47ec-8f0b-f03a4684b98d,#-1:0e0e46a5-971c-44f1-b6e0-1a687a72bce2,#-1:a45aea16-cdc0-4887-aa01-4938be8289f2,0.9999337167463452,0.0028167866176156474,-0.9971169301287296,"[-0.9942840006219049, -0.9999640223370516, -0.997102767427232]",-0.9999640223370516,False,-1,1043,-0.9992171783658161,-0.999652739274074,"[-0.9992824707149026, -0.9987163251084717, -0.999652739274074]"
79c3c680-0d29-4477-810b-ed32a189cc71,#-1:bf3bb175-c539-4693-ab5b-f71879079342,#-1:3fd83799-3e85-4541-a29d-a5c6771a1b33,0.9999337167463452,0.0017972758718495776,-0.9981364408744957,"[-0.9963230221134372, -0.9999640223370516, -0.9981222781729981]",-0.9999640223370516,False,-1,796,-0.9995171783658162,-0.9996824707149026,"[-0.9996824707149026, -0.9992163251084718, -0.999652739274074]"
48e582e2-6037-4585-956d-6a6777c96f9c,#-1:bffab558-0701-4403-a6ce-944713749350,#-1:46cc6ca1-3b8d-4d9e-a08f-c69890dc3937,0.999909544204597,0.0,-0.999909544204597,"[-0.9998831535377418, -0.9999724336241895, -0.9998730454518595]",-0.9999724336241895,False,-1,494,-0.9748904974268869,-0.9766505120181206,"[-0.9755730412629514, -0.9724479389995885, -0.9766505120181206]"
0120f8b0-a806-47ed-86c7-9b996c4bb1ad,#-1:22b72168-9570-40ce-b8bd-626e0d317588,#-1:f60a9261-191e-45fb-ba7e-bfd67638bab8,0.9996959137197976,0.0,-0.9996959137197976,"[-0.9999865667264867, -0.9993982308837295, -0.9997029435491764]",-0.9999865667264867,False,-1,8,-0.9955196438565506,-0.996107247473949,"[-0.9951304567067571, -0.996107247473949, -0.9953212273889457]"
5392f124-7da9-41a3-9abf-b106b2d84c1f,#-1:8ec64495-d29a-49a4-9274-e17294cc96f6,#-1:52614f42-8c65-487d-8bea-7befb9eb31e6,0.9998940223224514,0.0,-0.9998940223224514,"[-0.9999865667264867, -0.9997114702487185, -0.999984029992149]",-0.9999865667264867,False,-1,551,-0.9977638990759705,-0.9984434888455248,"[-0.9969267972942742, -0.9979214110881126, -0.9984434888455248]"
94fd6d40-1745-41bc-baac-28126703a3b1,#-1:c4d12f4e-9f13-4fcd-80a3-b2b3674ff739,#-1:e6d9b59e-b8ef-4e8f-ab19-409d9c9338ca,0.9999845197416614,1.6030044632646517e-05,-0.9999684896970287,"[-0.9999865667264867, -0.9999716436720567, -0.9999472586925432]",-0.9999865667264867,False,-1,959,-0.9879879356947865,-0.9885766025172887,"[-0.9871276086590298, -0.9882595959080409, -0.9885766025172887]"
092fd388-7697-4227-bbbd-1263387f7acb,#-1:20e319ae-23f1-447a-818f-35b7f8bafe7a,#-1:ce358d71-3d6f-4cf9-85cd-d6977681a355,0.9999427034210061,0.0,-0.9999427034210061,"[-0.99986111776452, -0.99998775959902, -0.9999792328994779]",-0.99998775959902,False,-1,65,-0.9637111596750412,-0.9651865324819557,"[-0.9645964723912932, -0.9613504741518742, -0.9651865324819557]"
dfc80c1f-5ef4-4e39-9da6-d1fee9a05bcc,#-1:ce3ab616-2c48-4022-b770-fcf5ccbf971f,#-1:46d751da-7be9-47c6-a744-b0981b30825a,0.999986118772552,0.0,-0.999986118772552,"[-0.9999865667264867, -0.99998775959902, -0.999984029992149]",-0.99998775959902,False,-1,1427,-0.9981455222016017,-0.9991308703529063,"[-0.9973310707985475, -0.9979746254533511, -0.9991308703529063]"
d2c9060c-2479-4eb8-a0bf-31267d6063f2,#-1:d1d15b18-4dea-46fc-9fbb-ccb9884d5d1e,#-1:b2d561e4-fd59-482d-98cd-11cf704c9659,0.999967252301928,0.00033111588714904654,-0.9996361364147789,"[-0.9999909302370052, -0.9999475697976649, -0.9989699092096667]",-0.9999909302370052,False,-1,1338,-0.9905954411993525,-0.9921494436700893,"[-0.9921494436700893, -0.9891719018351568, -0.9904649780928112]"
